bout_id,date,rating_diff,rd_sum,reach_diff,height_diff,age_diff,experience_diff,layoff_diff,division_experience_a,division_experience_b,is_title_fight,five_round_experience_interaction,style_matchup_prob,label,same_stance
144,1997-10-17,-19.47,256.03,1.0,1.0,13.78,-1,0,1,1,0,0.0,0.4915,1,0
144,1997-10-17,19.47,256.03,-1.0,-1.0,-13.78,1,0,1,1,0,-0.0,0.5085,0,0
190,1999-03-05,-83.09,271.95,-2.0,-1.0,-5.69,1,-154,1,1,0,-0.0,0.5581,1,1
190,1999-03-05,83.09,271.95,2.0,1.0,5.69,-1,154,1,1,0,0.0,0.4419,0,1
232,2000-04-14,36.23,245.2,0.0,4.0,1.44,3,-140,1,0,1,0.0,0.5918,1,1
232,2000-04-14,-36.23,245.2,-0.0,-4.0,-1.44,-3,140,0,1,1,-0.0,0.4082,0,1
267,2000-12-16,-9.35,264.94,2.0,5.0,1.09,2,364,1,0,0,-0.0,0.4111,1,1
267,2000-12-16,9.35,264.94,-2.0,-5.0,-1.09,-2,-364,0,1,0,0.0,0.5889,0,1
268,2001-02-23,-5.85,230.49,-0.0,-3.0,3.95,-4,0,0,1,1,-0.1429,0.5048,0,1
268,2001-02-23,5.85,230.49,0.0,3.0,-3.95,4,0,1,0,1,0.1429,0.4952,1,1
284,2001-06-29,69.74,241.31,-3.0,0.0,-3.94,7,0,1,0,1,0.125,0.5183,1,1
284,2001-06-29,-69.74,241.31,3.0,-0.0,3.94,-7,0,0,1,1,-0.125,0.4817,0,1
292,2001-09-28,96.29,238.68,0.0,3.0,-4.05,8,0,1,1,1,-0.8889,0.5917,1,1
292,2001-09-28,-96.29,238.68,-0.0,-3.0,4.05,-8,0,1,1,1,0.8889,0.4083,0,1
293,2001-09-28,37.01,254.3,-2.0,-2.0,0.99,4,-69,1,0,1,0.6,0.4047,1,0
293,2001-09-28,-37.01,254.3,2.0,2.0,-0.99,-4,69,0,1,1,-0.6,0.5953,0,0
306,2001-11-02,-24.33,271.85,-2.0,-3.0,-5.92,-1,70,1,1,0,0.0,0.406,0,0
306,2001-11-02,24.33,271.85,2.0,3.0,5.92,1,-70,1,1,0,-0.0,0.594,1,0
303,2001-11-02,-62.05,263.32,-0.0,-2.0,3.6,0,0,1,1,0,0.0,0.461,0,0
303,2001-11-02,62.05,263.32,0.0,2.0,-3.6,0,0,1,1,0,-0.0,0.539,1,0
308,2002-01-11,15.86,235.13,0.0,-2.0,4.02,3,35,1,1,1,0.6667,0.4609,1,0
308,2002-01-11,-15.86,235.13,-0.0,2.0,-4.02,-3,-35,1,1,1,-0.6667,0.5391,0,0
316,2002-03-22,-120.24,223.95,3.0,2.0,-14.39,-3,0,1,1,1,-0.2857,0.502,1,1
316,2002-03-22,120.24,223.95,-3.0,-2.0,14.39,3,0,1,1,1,0.2857,0.498,0,1
320,2002-03-22,60.47,244.75,-3.0,-3.0,0.01,3,-126,1,1,0,0.0,0.4744,1,1
320,2002-03-22,-60.47,244.75,3.0,3.0,-0.01,-3,126,1,1,0,-0.0,0.5256,0,1
328,2002-05-10,23.15,264.41,-3.0,-2.0,1.4,2,-35,1,0,0,-0.0,0.4605,1,1
328,2002-05-10,-23.15,264.41,3.0,2.0,-1.4,-2,35,0,1,0,0.0,0.5395,0,1
332,2002-06-22,26.44,215.11,2.0,2.0,7.29,1,-1183,1,0,0,0.0,0.428,1,0
332,2002-06-22,-26.44,215.11,-2.0,-2.0,-7.29,-1,1183,0,1,0,-0.0,0.572,0,0
343,2002-07-13,24.81,254.64,-2.0,-2.0,-4.56,-1,70,1,1,0,0.0,0.4478,1,1
343,2002-07-13,-24.81,254.64,2.0,2.0,4.56,1,-70,1,1,0,-0.0,0.5522,0,1
347,2002-09-27,44.61,239.14,2.0,3.0,-4.53,2,-49,1,1,0,-0.0,0.4867,1,1
347,2002-09-27,-44.61,239.14,-2.0,-3.0,4.53,-2,49,1,1,0,0.0,0.5133,0,1
354,2002-11-22,90.58,226.16,1.0,1.0,5.72,5,21,1,1,0,-0.0,0.5004,1,1
354,2002-11-22,-90.58,226.16,-1.0,-1.0,-5.72,-5,-21,1,1,0,0.0,0.4996,0,1
353,2002-11-22,41.44,206.18,2.0,2.0,-10.95,2,-1756,1,0,1,0.075,0.5632,1,1
353,2002-11-22,-41.44,206.18,-2.0,-2.0,10.95,-2,1756,0,1,1,-0.075,0.4368,0,1
363,2003-02-28,68.66,223.2,0.0,2.0,-3.6,1,0,1,1,1,-0.2667,0.539,0,0
363,2003-02-28,-68.66,223.2,-0.0,-2.0,3.6,-1,0,1,1,1,0.2667,0.461,1,0
364,2003-02-28,46.07,228.13,2.0,3.0,5.92,2,0,1,1,0,-0.0,0.594,1,0
364,2003-02-28,-46.07,228.13,-2.0,-3.0,-5.92,-2,0,1,1,0,0.0,0.406,0,0
369,2003-04-25,29.39,231.02,6.0,3.0,-0.19,4,-56,1,1,1,-0.1905,0.4983,1,0
369,2003-04-25,-29.39,231.02,-6.0,-3.0,0.19,-4,56,1,1,1,0.1905,0.5017,0,0
377,2003-06-06,21.93,198.09,1.0,1.0,-6.49,0,-56,1,0,1,0.3333,0.4052,0,1
377,2003-06-06,-21.93,198.09,-1.0,-1.0,6.49,0,56,0,1,1,-0.3333,0.5948,1,1
385,2003-09-26,-20.5,189.7,1.0,-2.0,11.59,-1,-196,1,1,1,0.0182,0.5025,1,1
385,2003-09-26,20.5,189.7,-1.0,2.0,-11.59,1,196,1,1,1,-0.0182,0.4975,0,1
386,2003-09-26,-57.66,237.19,3.0,3.0,-8.08,0,98,1,1,0,-0.0,0.5601,1,1
386,2003-09-26,57.66,237.19,-3.0,-3.0,8.08,0,-98,1,1,0,0.0,0.4399,0,1
393,2003-09-26,-25.97,249.2,1.0,-1.0,0.7,-5,-56,1,1,0,0.0,0.5837,1,0
393,2003-09-26,25.97,249.2,-1.0,1.0,-0.7,5,56,1,1,0,-0.0,0.4163,0,0
398,2003-11-21,85.25,260.02,6.0,0.0,-7.59,3,-889,1,1,0,-0.0,0.4112,1,0
398,2003-11-21,-85.25,260.02,-6.0,-0.0,7.59,-3,889,1,1,0,0.0,0.5888,0,0
397,2003-11-21,39.95,216.44,2.0,3.0,5.18,3,-56,1,1,0,-0.0,0.5727,1,1
397,2003-11-21,-39.95,216.44,-2.0,-3.0,-5.18,-3,56,1,1,0,0.0,0.4273,0,1
402,2004-01-31,-92.62,194.99,-1.0,-1.0,-13.78,-3,112,1,1,1,-0.1477,0.5085,1,0
402,2004-01-31,92.62,194.99,1.0,1.0,13.78,3,-112,1,1,1,0.1477,0.4915,0,0
404,2004-01-31,-93.11,205.78,-3.0,0.0,-5.17,-2,266,0,1,1,0.2063,0.4888,1,0
404,2004-01-31,93.11,205.78,3.0,-0.0,5.17,2,-266,1,0,1,-0.2063,0.5112,0,0
408,2004-01-31,-40.04,271.28,0.0,4.0,-4.07,-1,0,1,1,0,-0.0,0.4163,1,1
408,2004-01-31,40.04,271.28,-0.0,-4.0,4.07,1,0,1,1,0,0.0,0.5837,0,1
414,2004-04-02,26.14,255.1,-2.0,-2.0,1.37,4,-56,1,1,0,0.0,0.4361,0,1
414,2004-04-02,-26.14,255.1,2.0,2.0,-1.37,-4,56,1,1,0,-0.0,0.5639,1,1
412,2004-04-02,-1.25,234.45,-2.0,-3.0,2.1,-3,-71,1,1,0,0.0,0.5147,0,0
412,2004-04-02,1.25,234.45,2.0,3.0,-2.1,3,71,1,1,0,-0.0,0.4853,1,0
410,2004-04-02,-27.42,187.84,2.0,-1.0,5.1,-2,112,1,1,0,0.0,0.4082,1,1
410,2004-04-02,27.42,187.84,-2.0,1.0,-5.1,2,-112,1,1,0,-0.0,0.5918,0,1
419,2004-06-19,-38.12,271.88,-1.0,0.0,3.57,-1,-784,1,1,0,-0.0,0.4048,1,0
419,2004-06-19,38.12,271.88,1.0,-0.0,-3.57,1,784,1,1,0,0.0,0.5952,0,0
420,2004-06-19,-31.28,234.32,-1.0,-5.0,-3.22,3,-127,1,1,1,0.0,0.5041,1,0
420,2004-06-19,31.28,234.32,1.0,5.0,3.22,-3,127,1,1,1,-0.0,0.4959,0,0
422,2004-06-19,78.03,208.53,2.0,3.0,5.18,3,0,1,1,0,-0.0,0.5727,1,1
422,2004-06-19,-78.03,208.53,-2.0,-3.0,-5.18,-3,0,1,1,0,0.0,0.4273,0,1
433,2004-08-21,10.6,237.61,-2.0,1.0,-1.97,-5,62,1,1,0,-0.0,0.4605,0,0
433,2004-08-21,-10.6,237.61,2.0,-1.0,1.97,5,-62,1,1,0,0.0,0.5395,1,0
432,2004-08-21,72.57,263.26,4.0,3.0,-0.93,0,-62,1,1,0,-0.0,0.4881,0,0
432,2004-08-21,-72.57,263.26,-4.0,-3.0,0.93,0,62,1,1,0,0.0,0.5119,1,0
426,2004-08-21,-35.3,189.7,-1.0,-1.0,-13.78,-3,0,1,1,1,-0.1389,0.5085,0,0
426,2004-08-21,35.3,189.7,1.0,1.0,13.78,3,0,1,1,1,0.1389,0.4915,1,0
435,2004-10-22,79.74,263.95,3.0,0.0,-2.6,0,127,0,1,0,-0.0,0.5378,1,0
435,2004-10-22,-79.74,263.95,-3.0,-0.0,2.6,0,-127,1,0,0,0.0,0.4622,0,0
436,2004-10-22,76.05,226.91,-3.0,-2.0,7.6,9,0,1,1,1,-0.2273,0.5012,1,0
436,2004-10-22,-76.05,226.91,3.0,2.0,-7.6,-9,0,1,1,1,0.2273,0.4988,0,0
438,2004-10-22,72.65,207.42,0.0,1.0,11.1,4,-78,1,0,0,-0.0,0.5727,1,0
438,2004-10-22,-72.65,207.42,-0.0,-1.0,-11.1,-4,78,0,1,0,0.0,0.4273,0,0
448,2005-02-05,-47.35,244.12,-4.0,1.0,8.03,1,0,1,1,0,-0.0,0.4966,0,1
448,2005-02-05,47.35,244.12,4.0,-1.0,-8.03,-1,0,1,1,0,0.0,0.5034,1,1
443,2005-02-05,22.89,228.06,3.0,5.0,2.92,-2,-78,1,1,1,-0.0,0.4398,0,1
441,2005-02-05,-46.58,183.54,-0.0,-3.0,-2.19,-4,62,1,1,0,-0.0,0.506,0,0
441,2005-02-05,46.58,183.54,0.0,3.0,2.19,4,-62,1,1,0,0.0,0.494,1,0
443,2005-02-05,-22.89,228.06,-3.0,-5.0,-2.92,2,78,1,1,1,0.0,0.5602,1,1
450,2005-04-09,8.47,227.29,4.0,0.0,-10.65,-7,-125,1,1,0,-0.0,0.5528,1,0
450,2005-04-09,-8.47,227.29,-4.0,-0.0,10.65,7,125,1,1,0,0.0,0.4472,0,0
462,2005-04-16,-56.29,236.97,1.0,-1.0,-2.99,-9,-62,0,1,0,-0.0,0.488,0,0
465,2005-04-16,18.46,280.1,-0.0,-1.0,-2.39,0,-62,0,1,0,0.0,0.4057,0,1
465,2005-04-16,-18.46,280.1,0.0,1.0,2.39,0,62,1,0,0,-0.0,0.5943,1,1
461,2005-04-16,-121.83,217.75,-2.0,-0.0,1.43,-9,0,1,1,1,-0.25,0.4118,0,0
459,2005-04-16,-16.65,180.77,1.0,1.0,-6.49,-1,0,1,1,1,0.1859,0.4052,1,1
461,2005-04-16,121.83,217.75,2.0,0.0,-1.43,9,0,1,1,1,0.25,0.5882,1,0
459,2005-04-16,16.65,180.77,-1.0,-1.0,6.49,1,0,1,1,1,-0.1859,0.5948,0,1
462,2005-04-16,56.29,236.97,-1.0,1.0,2.99,9,62,1,0,0,0.0,0.512,1,0
468,2005-06-04,40.22,224.81,4.0,4.0,-8.24,-3,-231,1,1,0,0.0,0.5076,1,1
468,2005-06-04,-40.22,224.81,-4.0,-4.0,8.24,3,231,1,1,0,-0.0,0.4924,0,1
469,2005-06-04,-5.45,210.96,2.0,1.0,-3.65,-8,-63,1,1,1,-0.1667,0.5255,1,0
469,2005-06-04,5.45,210.96,-2.0,-1.0,3.65,8,63,1,1,1,0.1667,0.4745,0,0
476,2005-08-06,91.93,271.81,-2.0,0.0,-0.39,-1,7,1,1,0,-0.0,0.54,1,0
476,2005-08-06,-91.93,271.81,2.0,-0.0,0.39,1,-7,1,1,0,0.0,0.46,0,0
478,2005-08-06,34.43,270.49,-3.0,1.0,10.38,1,-119,1,1,0,0.0,0.4325,1,0
478,2005-08-06,-34.43,270.49,3.0,-1.0,-10.38,-1,119,1,1,0,-0.0,0.5675,0,0
488,2005-08-20,106.63,226.4,-1.0,0.0,7.4,9,0,1,1,0,0.0,0.5005,1,0
487,2005-08-20,-45.03,238.28,-5.0,-2.0,9.03,0,0,1,1,0,-0.0,0.4102,0,0
488,2005-08-20,-106.63,226.4,1.0,-0.0,-7.4,-9,0,1,1,0,-0.0,0.4995,0,0
483,2005-08-20,-144.71,195.81,-2.0,-1.0,-5.69,-6,1513,1,1,1,-0.3846,0.5581,0,1
483,2005-08-20,144.71,195.81,2.0,1.0,5.69,6,-1513,1,1,1,0.3846,0.4419,1,1
487,2005-08-20,45.03,238.28,5.0,2.0,-9.03,0,0,1,1,0,0.0,0.5898,1,0
494,2005-10-03,65.76,263.06,3.0,-0.0,2.04,0,0,1,1,0,-0.0,0.5401,0,1
494,2005-10-03,-65.76,263.06,-3.0,0.0,-2.04,0,0,1,1,0,0.0,0.4599,1,1
491,2005-10-03,-66.54,209.18,2.0,0.0,-8.85,-9,0,1,1,0,0.0,0.4272,1,1
491,2005-10-03,66.54,209.18,-2.0,-0.0,8.85,9,0,1,1,0,-0.0,0.5728,0,1
498,2005-10-07,45.13,234.02,0.0,1.0,-5.05,6,0,1,1,1,0.0,0.5169,1,1
498,2005-10-07,-45.13,234.02,-0.0,-1.0,5.05,-6,0,1,1,1,-0.0,0.4831,0,1
500,2005-10-07,109.49,250.07,0.0,0.0,-8.08,-2,-1057,1,1,0,0.0,0.5094,1,1
500,2005-10-07,-109.49,250.07,-0.0,-0.0,8.08,2,1057,1,1,0,-0.0,0.4906,0,1
502,2005-10-07,29.35,245.34,2.0,1.0,-8.1,-3,-70,0,1,0,-0.0,0.4648,1,0
502,2005-10-07,-29.35,245.34,-2.0,-1.0,8.1,3,70,1,0,0,0.0,0.5352,0,0
503,2005-10-07,7.66,249.62,1.0,4.0,3.76,0,-125,1,0,0,0.0,0.4047,1,1
503,2005-10-07,-7.66,249.62,-1.0,-4.0,-3.76,0,125,0,1,0,-0.0,0.5953,0,1
506,2005-11-05,-7.48,246.23,-4.0,-3.0,1.59,-3,-77,1,1,0,-0.0,0.4361,1,1
506,2005-11-05,7.48,246.23,4.0,3.0,-1.59,3,77,1,1,0,0.0,0.5639,0,1
516,2005-11-19,19.75,232.37,9.0,5.0,-7.79,1,-848,1,1,0,-0.0,0.4959,1,1
516,2005-11-19,-19.75,232.37,-9.0,-5.0,7.79,-1,848,1,1,0,0.0,0.5041,0,1
515,2005-11-19,-144.99,215.01,-3.0,3.0,-8.94,-10,-174,1,1,0,-0.0,0.4748,0,0
513,2005-11-19,67.21,237.88,4.0,1.0,-2.55,2,63,1,1,1,0.0,0.5378,1,0
513,2005-11-19,-67.21,237.88,-4.0,-1.0,2.55,-2,-63,1,1,1,-0.0,0.4622,0,0
515,2005-11-19,144.99,215.01,3.0,-3.0,8.94,10,174,1,1,0,0.0,0.5252,1,0
527,2006-01-16,-74.48,280.1,1.0,1.0,-4.59,0,1242,1,1,0,0.0,0.4293,0,1
525,2006-01-16,74.01,279.93,-1.0,-2.0,-0.02,0,-91,1,1,0,-0.0,0.4236,0,1
527,2006-01-16,74.48,280.1,-1.0,-1.0,4.59,0,-1242,1,1,0,-0.0,0.5707,1,1
526,2006-01-16,-14.72,279.82,3.0,2.0,-0.94,0,-892,1,0,0,-0.0,0.5008,0,1
526,2006-01-16,14.72,279.82,-3.0,-2.0,0.94,0,892,0,1,0,0.0,0.4992,1,1
525,2006-01-16,-74.01,279.93,1.0,2.0,0.02,0,91,1,1,0,0.0,0.5764,1,1
522,2006-01-16,-0.73,263.74,4.0,2.0,1.44,0,14,1,1,0,0.0,0.592,1,1
524,2006-01-16,67.11,244.48,0.0,-2.0,-8.39,-1,4,1,1,0,-0.0,0.54,1,0
523,2006-01-16,3.98,264.83,-2.0,-0.0,0.32,2,33,1,1,0,-0.0,0.4329,0,1
523,2006-01-16,-3.98,264.83,2.0,0.0,-0.32,-2,-33,1,1,0,0.0,0.5671,1,1
522,2006-01-16,0.73,263.74,-4.0,-2.0,-1.44,0,-14,1,1,0,-0.0,0.408,0,1
524,2006-01-16,-67.11,244.48,-0.0,2.0,8.39,1,-4,1,1,0,0.0,0.46,0,0
533,2006-02-04,35.43,228.48,6.0,1.0,-0.86,2,14,1,1,0,0.0,0.5298,0,1
533,2006-02-04,-35.43,228.48,-6.0,-1.0,0.86,-2,-14,1,1,0,-0.0,0.4702,1,1
534,2006-02-04,17.6,253.5,-5.0,-3.0,-10.55,-4,0,1,1,0,-0.0,0.4623,1,1
529,2006-02-04,22.9,173.28,1.0,1.0,-6.49,-1,0,1,1,1,0.1571,0.4052,1,1
529,2006-02-04,-22.9,173.28,-1.0,-1.0,6.49,1,0,1,1,1,-0.1571,0.5948,0,1
534,2006-02-04,-17.6,253.5,5.0,3.0,10.55,4,0,1,1,0,0.0,0.5377,0,1
541,2006-03-04,-67.64,264.49,1.0,-0.0,1.53,2,-14,1,1,0,-0.0,0.5613,0,1
541,2006-03-04,67.64,264.49,-1.0,0.0,-1.53,-2,14,1,1,0,0.0,0.4387,1,1
540,2006-03-04,0.25,211.42,-6.0,-2.0,2.43,2,658,1,1,0,0.0,0.4833,0,1
538,2006-03-04,-99.64,222.79,-0.0,-1.0,-5.2,-1,47,1,1,1,0.2,0.4622,0,0
538,2006-03-04,99.64,222.79,0.0,1.0,5.2,1,-47,1,1,1,-0.2,0.5378,1,0
540,2006-03-04,-0.25,211.42,6.0,2.0,-2.43,-2,-658,1,1,0,-0.0,0.5167,1,1
546,2006-04-06,-35.4,256.97,3.0,2.0,-1.43,1,19,1,1,0,0.0,0.5918,1,1
546,2006-04-06,35.4,256.97,-3.0,-2.0,1.43,-1,-19,1,1,0,-0.0,0.4082,0,1
548,2006-04-06,-40.41,271.94,2.0,4.0,-0.77,1,-72,1,1,0,-0.0,0.4942,1,1
548,2006-04-06,40.41,271.94,-2.0,-4.0,0.77,-1,72,1,1,0,0.0,0.5058,0,1
551,2006-04-06,-31.9,271.51,2.0,2.0,2.12,-1,105,0,1,0,0.0,0.5004,1,1
551,2006-04-06,31.9,271.51,-2.0,-2.0,-2.12,1,-105,1,0,0,-0.0,0.4996,0,1
562,2006-04-15,-75.37,279.96,-4.0,-7.0,-5.36,0,196,1,1,0,-0.0,0.4352,0,1
557,2006-04-15,-62.68,211.2,3.0,-0.0,-4.14,-12,-244,1,1,0,-0.0,0.4907,0,1
557,2006-04-15,62.68,211.2,-3.0,0.0,4.14,12,244,1,1,0,0.0,0.5093,1,1
562,2006-04-15,75.37,279.96,4.0,7.0,5.36,0,-196,1,1,0,0.0,0.5648,1,1
556,2006-04-15,13.56,218.95,-9.0,-7.0,9.99,-2,77,1,1,0,-0.0,0.5118,1,0
555,2006-04-15,43.3,204.72,-3.0,-5.0,-2.92,2,101,1,1,1,-0.1429,0.5602,0,1
555,2006-04-15,-43.3,204.72,3.0,5.0,2.92,-2,-101,1,1,1,0.1429,0.4398,1,1
556,2006-04-15,-13.56,218.95,9.0,7.0,-9.99,2,-77,1,1,0,0.0,0.4882,0,0
569,2006-05-27,-24.15,230.86,-1.0,-0.0,-1.61,-7,-138,1,1,0,0.0,0.5262,0,0
568,2006-05-27,-33.43,238.86,-7.0,-1.0,-3.26,2,28,1,1,0,0.0,0.5037,0,0
569,2006-05-27,24.15,230.86,1.0,0.0,1.61,7,138,1,1,0,-0.0,0.4738,1,0
566,2006-05-27,-127.83,264.94,-0.0,-0.0,2.49,-2,1975,1,1,0,-0.0,0.5,0,0
566,2006-05-27,127.83,264.94,0.0,0.0,-2.49,2,-1975,1,1,0,0.0,0.5,1,0
568,2006-05-27,33.43,238.86,7.0,1.0,3.26,-2,-28,1,1,0,-0.0,0.4963,1,0
573,2006-06-24,-18.24,265.15,4.0,1.0,7.91,2,119,0,1,0,-0.0,0.5514,1,0
573,2006-06-24,18.24,265.15,-4.0,-1.0,-7.91,-2,-119,1,0,0,0.0,0.4486,0,0
588,2006-06-28,41.79,256.84,4.0,3.0,5.6,-1,9,1,1,0,0.0,0.5224,1,1
582,2006-06-28,1.64,263.66,-1.0,0.0,0.79,0,80,1,1,0,-0.0,0.5009,1,1
582,2006-06-28,-1.64,263.66,1.0,-0.0,-0.79,0,-80,1,1,0,0.0,0.4991,0,1
584,2006-06-28,15.51,250.54,-4.0,-4.0,-2.48,-2,0,1,1,0,0.0,0.4082,1,1
584,2006-06-28,-15.51,250.54,4.0,4.0,2.48,2,0,1,1,0,-0.0,0.5918,0,1
588,2006-06-28,-41.79,256.84,-4.0,-3.0,-5.6,1,-9,1,1,0,-0.0,0.4776,0,1
595,2006-07-08,-62.13,231.33,-3.0,-2.0,-5.71,-7,-33,0,1,0,0.0,0.5212,1,0
595,2006-07-08,62.13,231.33,3.0,2.0,5.71,7,33,1,0,0,-0.0,0.4788,0,0
593,2006-07-08,80.45,183.28,2.0,2.0,-10.95,5,-371,1,1,0,0.0,0.5632,1,1
593,2006-07-08,-80.45,183.28,-2.0,-2.0,10.95,-5,371,1,1,0,-0.0,0.4368,0,1
592,2006-07-08,1.82,249.67,0.0,-1.0,2.95,0,0,1,1,0,-0.0,0.507,1,1
591,2006-07-08,8.71,198.15,3.0,5.0,2.92,-2,0,1,1,1,0.125,0.4398,1,1
592,2006-07-08,-1.82,249.67,-0.0,1.0,-2.95,0,0,1,1,0,0.0,0.493,0,1
591,2006-07-08,-8.71,198.15,-3.0,-5.0,-2.92,2,0,1,1,1,-0.125,0.5602,0,1
600,2006-08-17,7.23,228.86,0.0,0.0,0.66,-2,-42,1,1,0,-0.0,0.4039,1,0
600,2006-08-17,-7.23,228.86,-0.0,-0.0,-0.66,2,42,1,1,0,0.0,0.5961,0,0
601,2006-08-17,48.11,250.59,-2.0,-2.0,0.22,5,0,1,1,0,0.0,0.5399,1,0
601,2006-08-17,-48.11,250.59,2.0,2.0,-0.22,-5,0,1,1,0,-0.0,0.4601,0,0
603,2006-08-17,41.07,238.48,0.0,-2.0,1.62,2,0,1,1,0,-0.0,0.5401,1,1
603,2006-08-17,-41.07,238.48,-0.0,2.0,-1.62,-2,0,1,1,0,0.0,0.4599,0,1
609,2006-08-26,118.47,191.22,1.0,1.0,5.72,8,0,1,1,1,-0.0952,0.5004,1,1
609,2006-08-26,-118.47,191.22,-1.0,-1.0,-5.72,-8,0,1,1,1,0.0952,0.4996,0,1
610,2006-08-26,33.3,232.82,-2.0,-1.0,-1.95,-1,74,1,1,0,-0.0,0.4893,1,1
610,2006-08-26,-33.3,232.82,2.0,1.0,1.95,1,-74,1,1,0,0.0,0.5107,0,1
611,2006-08-26,5.73,221.0,4.0,2.0,-0.36,4,84,1,1,0,0.0,0.4955,1,0
611,2006-08-26,-5.73,221.0,-4.0,-2.0,0.36,-4,-84,1,1,0,-0.0,0.5045,0,0
621,2006-09-23,-18.01,249.44,-0.0,3.0,4.31,0,0,1,1,0,-0.0,0.5646,0,1
619,2006-09-23,-37.45,228.6,-1.0,-1.0,-0.5,2,84,1,1,0,0.0,0.4844,0,1
621,2006-09-23,18.01,249.44,0.0,-3.0,-4.31,0,0,1,1,0,0.0,0.4354,1,1
619,2006-09-23,37.45,228.6,1.0,1.0,0.5,-2,-84,1,1,0,-0.0,0.5156,1,1
618,2006-09-23,111.37,186.09,3.0,0.0,5.17,6,-84,1,1,1,-0.2444,0.5112,1,0
618,2006-09-23,-111.37,186.09,-3.0,-0.0,-5.17,-6,84,1,1,1,0.2444,0.4888,0,0
627,2006-10-10,101.6,178.91,2.0,2.0,-10.95,5,0,1,1,0,0.0,0.5632,1,1
627,2006-10-10,-101.6,178.91,-2.0,-2.0,10.95,-5,0,1,1,0,-0.0,0.4368,0,1
634,2006-10-10,52.9,251.77,-2.0,-1.0,-4.25,2,-32,1,1,0,-0.0,0.5369,1,1
634,2006-10-10,-52.9,251.77,2.0,1.0,4.25,-2,32,1,1,0,0.0,0.4631,0,1
635,2006-10-10,-65.55,279.95,-1.0,1.0,2.08,0,285,1,1,0,-0.0,0.4977,1,0
635,2006-10-10,65.55,279.95,1.0,-1.0,-2.08,0,-285,1,1,0,0.0,0.5023,0,0
641,2006-10-14,-0.49,280.1,-1.0,1.0,6.54,0,63,1,1,0,-0.0,0.58,0,0
641,2006-10-14,0.49,280.1,1.0,-1.0,-6.54,0,-63,1,1,0,0.0,0.42,1,0
637,2006-10-14,-14.64,228.01,7.0,4.0,-2.81,-2,-70,1,0,1,-0.5,0.4694,0,0
636,2006-10-14,-148.99,245.41,1.0,1.0,-0.52,-6,-116,1,1,1,-0.1429,0.4889,1,1
636,2006-10-14,148.99,245.41,-1.0,-1.0,0.52,6,116,1,1,1,0.1429,0.5111,0,1
637,2006-10-14,14.64,228.01,-7.0,-4.0,2.81,2,70,0,1,1,0.5,0.5306,1,0
645,2006-11-11,54.93,249.51,0.0,0.0,6.8,0,-14,1,1,1,-0.3333,0.5764,1,1
644,2006-11-11,52.2,211.7,0.0,-5.0,0.21,2,125,1,1,1,0.25,0.4958,1,1
644,2006-11-11,-52.2,211.7,-0.0,5.0,-0.21,-2,-125,1,1,1,-0.25,0.5042,0,1
645,2006-11-11,-54.93,249.51,-0.0,-0.0,-6.8,0,14,1,1,1,0.3333,0.4236,0,1
655,2006-11-18,36.66,224.39,1.0,-0.0,-1.62,6,-42,1,1,0,0.0,0.4509,0,0
653,2006-11-18,-85.08,208.45,-6.0,-11.0,5.13,-3,0,1,1,1,0.2778,0.5889,0,1
655,2006-11-18,-36.66,224.39,-1.0,0.0,1.62,-6,42,1,1,0,-0.0,0.5491,1,0
652,2006-11-18,83.83,190.68,-3.0,-2.0,7.6,9,-203,1,1,1,-0.2411,0.5012,0,0
653,2006-11-18,85.08,208.45,6.0,11.0,-5.13,3,0,1,1,1,-0.2778,0.4111,1,1
652,2006-11-18,-83.83,190.68,3.0,2.0,-7.6,-9,203,1,1,1,0.2411,0.4988,1,0
661,2006-12-13,91.54,219.22,2.0,-2.0,0.73,-2,0,1,1,0,0.0,0.4607,1,1
661,2006-12-13,-91.54,219.22,-2.0,2.0,-0.73,2,0,1,1,0,-0.0,0.5393,0,1
663,2006-12-13,51.49,219.42,2.0,0.0,-2.7,2,-40,1,1,0,0.0,0.5674,1,1
663,2006-12-13,-51.49,219.42,-2.0,-0.0,2.7,-2,40,1,1,0,-0.0,0.4326,0,1
666,2006-12-13,-41.32,271.25,0.0,1.0,-3.54,-1,-9,1,1,0,0.0,0.5365,1,1
666,2006-12-13,41.32,271.25,-0.0,-1.0,3.54,1,9,1,1,0,-0.0,0.4635,0,1
678,2006-12-30,0.15,279.25,-2.0,1.0,2.94,0,49,1,1,0,-0.0,0.4982,0,1
678,2006-12-30,-0.15,279.25,2.0,-1.0,-2.94,0,-49,1,1,0,0.0,0.5018,1,1
675,2006-12-30,27.61,233.84,-0.0,3.0,9.19,-1,0,1,1,0,0.0,0.4524,0,0
675,2006-12-30,-27.61,233.84,0.0,-3.0,-9.19,1,0,1,1,0,-0.0,0.5476,1,0
674,2006-12-30,5.91,279.7,-1.0,-2.0,-1.44,0,63,1,1,0,0.0,0.4377,1,1
674,2006-12-30,-5.91,279.7,1.0,2.0,1.44,0,-63,1,1,0,-0.0,0.5623,0,1
672,2006-12-30,-67.04,246.76,7.0,4.0,5.13,-6,-54,1,1,0,-0.0,0.4497,1,0
672,2006-12-30,67.04,246.76,-7.0,-4.0,-5.13,6,54,1,1,0,0.0,0.5503,0,0
671,2006-12-30,36.34,232.8,1.0,1.0,-3.37,1,-63,1,1,0,-0.0,0.5618,0,1
671,2006-12-30,-36.34,232.8,-1.0,-1.0,3.37,-1,63,1,1,0,0.0,0.4382,1,1
670,2006-12-30,-27.26,166.13,-2.0,1.0,-5.1,2,-45,1,1,1,0.0208,0.5918,0,1
670,2006-12-30,27.26,166.13,2.0,-1.0,5.1,-2,45,1,1,1,-0.0208,0.4082,1,1
682,2007-01-25,24.05,256.71,-1.0,-1.0,-3.18,1,-54,1,1,0,0.0,0.4406,1,1
682,2007-01-25,-24.05,256.71,1.0,1.0,3.18,-1,54,1,1,0,-0.0,0.5594,0,1
681,2007-01-25,-11.89,223.99,3.0,-1.0,1.7,1,49,1,1,0,0.0,0.5016,1,0
681,2007-01-25,11.89,223.99,-3.0,1.0,-1.7,-1,-49,1,1,0,-0.0,0.4984,0,0
687,2007-02-03,103.46,250.91,2.0,3.0,-1.92,-2,28,1,1,0,-0.0,0.4936,1,0
687,2007-02-03,-103.46,250.91,-2.0,-3.0,1.92,2,-28,1,1,0,0.0,0.5064,0,0
692,2007-02-03,-74.2,241.51,-2.0,-5.0,-8.62,-4,210,0,1,0,-0.0,0.5,1,1
692,2007-02-03,74.2,241.51,2.0,5.0,8.62,4,-210,1,0,0,0.0,0.5,0,1
699,2007-03-03,-254.33,189.39,-5.0,2.0,-0.85,-10,7,1,1,0,0.0,0.4996,0,0
702,2007-03-03,-75.12,243.88,-4.0,-4.0,-2.91,-1,-60,1,1,0,-0.0,0.4041,0,1
700,2007-03-03,5.63,220.84,-0.0,-2.0,-0.26,4,28,1,1,0,0.0,0.5396,0,1
700,2007-03-03,-5.63,220.84,0.0,2.0,0.26,-4,-28,1,1,0,-0.0,0.4604,1,1
699,2007-03-03,254.33,189.39,5.0,-2.0,0.85,10,-7,1,1,0,-0.0,0.5004,1,0
702,2007-03-03,75.12,243.88,4.0,4.0,2.91,1,60,1,1,0,0.0,0.5959,1,1
698,2007-03-03,94.9,233.76,-4.0,-2.0,0.66,6,77,1,1,0,0.0,0.5511,1,0
697,2007-03-03,-31.1,271.55,-0.0,-0.0,3.72,-1,-7,0,1,0,-0.0,0.4823,0,0
697,2007-03-03,31.1,271.55,0.0,0.0,-3.72,1,7,1,0,0,0.0,0.5177,1,0
696,2007-03-03,13.32,179.54,5.0,7.0,-12.7,-6,-287,1,1,1,0.1125,0.4052,0,1
696,2007-03-03,-13.32,179.54,-5.0,-7.0,12.7,6,287,1,1,1,-0.1125,0.5948,1,1
698,2007-03-03,-94.9,233.76,4.0,2.0,-0.66,-6,-77,1,1,0,-0.0,0.4489,0,0
705,2007-04-05,16.52,238.28,-1.0,-2.0,0.79,0,-56,1,1,0,0.0,0.594,1,1
705,2007-04-05,-16.52,238.28,1.0,2.0,-0.79,0,56,1,1,0,-0.0,0.406,0,1
709,2007-04-05,57.06,249.29,-3.0,-1.0,4.44,5,0,1,1,0,-0.0,0.4763,1,0
709,2007-04-05,-57.06,249.29,3.0,1.0,-4.44,-5,0,1,1,0,0.0,0.5237,0,0
720,2007-04-07,9.22,264.08,-3.0,-2.0,-0.91,2,0,1,1,0,-0.0,0.4905,0,1
720,2007-04-07,-9.22,264.08,3.0,2.0,0.91,-2,0,1,1,0,0.0,0.5095,1,1
718,2007-04-07,-67.11,263.69,-4.0,-4.0,-1.45,0,-64,1,1,0,-0.0,0.4963,0,1
718,2007-04-07,67.11,263.69,4.0,4.0,1.45,0,64,1,1,0,0.0,0.5037,1,1
717,2007-04-07,29.17,238.49,2.0,-1.0,2.09,2,98,1,1,0,-0.0,0.5154,0,0
714,2007-04-07,129.46,200.62,8.0,5.0,-6.96,-1,-7,1,1,1,-0.4028,0.5033,0,1
715,2007-04-07,49.45,215.44,-1.0,-0.0,-4.08,-1,0,1,1,0,0.0,0.4434,0,0
715,2007-04-07,-49.45,215.44,1.0,0.0,4.08,1,0,1,1,0,-0.0,0.5566,1,0
714,2007-04-07,-129.46,200.62,-8.0,-5.0,6.96,1,7,1,1,1,0.4028,0.4967,1,1
717,2007-04-07,-29.17,238.49,-2.0,1.0,-2.09,-2,-98,1,1,0,0.0,0.4846,1,0
726,2007-04-21,26.19,271.37,-2.0,-2.0,2.3,1,52,1,1,0,-0.0,0.501,0,0
726,2007-04-21,-26.19,271.37,2.0,2.0,-2.3,-1,-52,1,1,0,0.0,0.499,1,0
725,2007-04-21,-146.41,240.87,2.0,2.0,8.04,4,329,1,1,0,0.0,0.5375,0,1
723,2007-04-21,-42.0,264.82,-3.0,-0.0,4.68,-2,-35,1,1,0,-0.0,0.5485,0,0
723,2007-04-21,42.0,264.82,3.0,0.0,-4.68,2,35,1,1,0,0.0,0.4515,1,0
725,2007-04-21,146.41,240.87,-2.0,-2.0,-8.04,-4,-329,1,1,0,-0.0,0.4625,1,1
733,2007-05-26,-191.04,222.82,-3.0,-1.0,-8.51,-16,-35,1,1,1,-0.2941,0.5001,1,1
733,2007-05-26,191.04,222.82,3.0,1.0,8.51,16,35,1,1,1,0.2941,0.4999,0,1
734,2007-05-26,22.08,215.75,0.0,0.0,-2.38,3,43,1,1,0,0.0,0.5005,1,1
734,2007-05-26,-22.08,215.75,-0.0,-0.0,2.38,-3,-43,1,1,0,-0.0,0.4995,0,1
737,2007-05-26,-69.28,235.14,1.0,4.0,5.54,-6,77,1,1,0,-0.0,0.5155,1,0
737,2007-05-26,69.28,235.14,-1.0,-4.0,-5.54,6,-77,1,1,0,0.0,0.4845,0,0
746,2007-06-12,56.67,243.71,-1.0,-1.0,-5.34,1,33,1,1,0,-0.0,0.5001,0,1
746,2007-06-12,-56.67,243.71,1.0,1.0,5.34,-1,-33,1,1,0,0.0,0.4999,1,1
743,2007-06-12,-97.35,253.79,2.0,-1.0,-0.27,-4,-33,1,1,0,0.0,0.4978,0,1
742,2007-06-12,-34.04,241.24,2.0,2.0,-7.96,-4,215,1,1,0,0.0,0.4294,0,0
742,2007-06-12,34.04,241.24,-2.0,-2.0,7.96,4,-215,1,1,0,-0.0,0.5706,1,0
743,2007-06-12,97.35,253.79,-2.0,1.0,0.27,4,33,1,1,0,-0.0,0.5022,1,1
751,2007-06-16,52.92,218.08,1.0,-1.0,6.79,5,35,1,1,0,-0.0,0.5377,1,1
751,2007-06-16,-52.92,218.08,-1.0,1.0,-6.79,-5,-35,1,1,0,0.0,0.4623,0,1
754,2007-06-16,-2.22,263.26,-2.0,-1.0,-2.37,0,-9,1,1,0,0.0,0.5003,1,1
754,2007-06-16,2.22,263.26,2.0,1.0,2.37,0,9,1,1,0,-0.0,0.4997,0,1
759,2007-06-23,-31.2,199.25,0.0,2.0,-4.02,2,0,1,1,0,-0.0,0.539,1,0
759,2007-06-23,31.2,199.25,-0.0,-2.0,4.02,-2,0,1,1,0,0.0,0.461,0,0
771,2007-07-07,13.03,209.97,-4.0,0.0,1.06,0,103,1,1,1,0.1429,0.5074,1,1
771,2007-07-07,-13.03,209.97,4.0,-0.0,-1.06,0,-103,1,1,1,-0.1429,0.4926,0,1
770,2007-07-07,27.64,194.14,-1.0,3.0,4.67,14,26,1,1,0,-0.0,0.5916,1,1
769,2007-07-07,-18.26,244.71,-3.0,-2.0,-4.02,1,9,1,1,1,0.75,0.4938,0,0
770,2007-07-07,-27.64,194.14,1.0,-3.0,-4.67,-14,-26,1,1,0,0.0,0.4084,0,1
769,2007-07-07,18.26,244.71,3.0,2.0,4.02,-1,-9,1,1,1,-0.75,0.5062,1,0
783,2007-08-25,-97.37,228.51,-1.0,1.0,3.3,-8,-138,1,1,0,0.0,0.4959,0,0
783,2007-08-25,97.37,228.51,1.0,-1.0,-3.3,8,138,1,1,0,-0.0,0.5041,1,0
782,2007-08-25,-11.55,223.72,-3.0,-2.0,-0.43,-6,-49,1,1,0,0.0,0.5499,0,1
781,2007-08-25,158.21,239.58,4.0,7.0,-2.7,-2,-63,1,1,0,-0.0,0.5377,0,1
781,2007-08-25,-158.21,239.58,-4.0,-7.0,2.7,2,63,1,1,0,0.0,0.4623,1,1
782,2007-08-25,11.55,223.72,3.0,2.0,0.43,6,49,1,1,0,-0.0,0.4501,1,1
780,2007-08-25,56.6,238.29,0.0,-1.0,-3.11,2,0,1,1,0,0.0,0.5401,1,1
778,2007-08-25,1.4,201.0,-3.0,-1.0,3.47,-1,0,1,1,0,0.0,0.4772,0,1
778,2007-08-25,-1.4,201.0,3.0,1.0,-3.47,1,0,1,1,0,-0.0,0.5228,1,1
777,2007-08-25,-50.88,201.16,1.0,1.0,-15.9,-13,-49,1,1,1,-0.2353,0.448,0,1
777,2007-08-25,50.88,201.16,-1.0,-1.0,15.9,13,49,1,1,1,0.2353,0.552,1,1
780,2007-08-25,-56.6,238.29,-0.0,1.0,3.11,-2,0,1,1,0,-0.0,0.4599,0,1
790,2007-09-08,78.24,253.66,0.0,0.0,9.45,-4,-35,1,1,0,-0.0,0.5001,1,1
793,2007-09-08,0.8,280.1,-4.0,2.0,-2.9,0,16,1,0,0,0.0,0.4182,0,0
793,2007-09-08,-0.8,280.1,4.0,-2.0,2.9,0,-16,0,1,0,-0.0,0.5818,1,0
791,2007-09-08,8.97,264.34,2.0,3.0,-2.26,-2,52,1,1,0,-0.0,0.4423,0,0
791,2007-09-08,-8.97,264.34,-2.0,-3.0,2.26,2,-52,1,1,0,0.0,0.5577,1,0
790,2007-09-08,-78.24,253.66,-0.0,-0.0,-9.45,4,35,1,1,0,0.0,0.4999,0,1
789,2007-09-08,46.94,253.84,-2.0,-2.0,6.31,4,-56,1,1,0,0.0,0.4977,1,0
786,2007-09-08,-36.53,264.76,1.0,-2.0,7.82,0,3298,0,1,1,1.0,0.4999,0,1
788,2007-09-08,-32.84,250.86,-9.0,-2.0,0.68,-2,0,1,1,0,-0.0,0.5377,0,0
788,2007-09-08,32.84,250.86,9.0,2.0,-0.68,2,0,1,1,0,0.0,0.4623,1,0
787,2007-09-08,-4.12,250.76,1.0,-0.0,2.4,0,49,1,1,0,0.0,0.4999,0,1
787,2007-09-08,4.12,250.76,-1.0,0.0,-2.4,0,-49,1,1,0,-0.0,0.5001,1,1
786,2007-09-08,36.53,264.76,-1.0,2.0,-7.82,0,-3298,1,0,1,-1.0,0.5001,1,1
789,2007-09-08,-46.94,253.84,2.0,2.0,-6.31,-4,56,1,1,0,-0.0,0.5023,0,0
800,2007-09-19,30.0,271.91,5.0,3.0,-4.79,-1,0,1,1,0,-0.0,0.4568,1,1
803,2007-09-19,-25.83,243.37,-3.0,-1.0,6.8,1,303,1,1,0,-0.0,0.4971,0,1
800,2007-09-19,-30.0,271.91,-5.0,-3.0,4.79,1,0,1,1,0,0.0,0.5432,0,1
798,2007-09-19,-122.7,237.02,3.0,-1.0,-10.38,0,-504,1,1,0,0.0,0.5675,0,0
803,2007-09-19,25.83,243.37,3.0,1.0,-6.8,-1,-303,1,1,0,0.0,0.5029,1,1
797,2007-09-19,-51.52,271.66,-4.0,-3.0,3.81,1,63,1,1,0,-0.0,0.4856,0,0
797,2007-09-19,51.52,271.66,4.0,3.0,-3.81,-1,-63,1,1,0,0.0,0.5144,1,0
796,2007-09-19,-38.66,219.11,-2.0,-3.0,-0.22,-5,0,1,1,0,-0.0,0.46,0,0
796,2007-09-19,38.66,219.11,2.0,3.0,0.22,5,0,1,1,0,0.0,0.54,1,0
798,2007-09-19,122.7,237.02,-3.0,1.0,10.38,0,504,1,1,0,-0.0,0.4325,1,0
809,2007-09-22,95.44,258.64,6.0,5.0,-7.93,-3,-68,1,1,0,-0.0,0.4162,0,0
809,2007-09-22,-95.44,258.64,-6.0,-5.0,7.93,3,68,1,1,0,0.0,0.5838,1,0
808,2007-09-22,35.74,256.9,2.0,1.0,-0.55,-1,4,1,1,0,-0.0,0.4996,0,1
808,2007-09-22,-35.74,256.9,-2.0,-1.0,0.55,1,-4,1,1,0,0.0,0.5004,1,1
806,2007-09-22,18.63,215.56,2.0,2.0,3.85,-1,-66,1,1,0,-0.0,0.5958,1,0
804,2007-09-22,145.19,191.82,-0.0,-0.0,5.87,12,0,1,1,0,-0.0,0.4998,0,1
804,2007-09-22,-145.19,191.82,0.0,0.0,-5.87,-12,0,1,1,0,0.0,0.5002,1,1
806,2007-09-22,-18.63,215.56,-2.0,-2.0,-3.85,1,66,1,1,0,0.0,0.4042,0,0
820,2007-10-20,63.96,228.05,1.0,1.0,-4.55,2,17,1,1,0,-0.0,0.5956,1,1
818,2007-10-20,-27.89,231.68,5.0,1.0,6.13,-1,0,1,1,0,-0.0,0.5017,0,0
818,2007-10-20,27.89,231.68,-5.0,-1.0,-6.13,1,0,1,1,0,0.0,0.4983,1,0
817,2007-10-20,35.88,243.53,-1.0,1.0,9.3,-1,0,1,1,0,0.0,0.5195,0,1
817,2007-10-20,-35.88,243.53,1.0,-1.0,-9.3,1,0,1,1,0,-0.0,0.4805,1,1
820,2007-10-20,-63.96,228.05,-1.0,-1.0,4.55,-2,-17,1,1,0,0.0,0.4044,0,1
816,2007-10-20,31.97,236.96,3.0,1.0,0.46,5,-189,1,1,0,0.0,0.5215,1,1
814,2007-10-20,-21.85,211.95,-2.0,-5.0,-1.6,-7,105,1,1,0,-0.0,0.5382,0,1
814,2007-10-20,21.85,211.95,2.0,5.0,1.6,7,-105,1,1,0,0.0,0.4618,1,1
813,2007-10-20,33.72,216.07,-1.0,-1.0,0.52,6,21,1,1,1,0.2,0.5111,0,1
813,2007-10-20,-33.72,216.07,1.0,1.0,-0.52,-6,-21,1,1,1,-0.2,0.4889,1,1
816,2007-10-20,-31.97,236.96,-3.0,-1.0,-0.46,-5,189,1,1,0,-0.0,0.4785,0,1
827,2007-11-17,-116.16,205.71,-2.0,2.0,9.13,2,74,1,1,0,0.0,0.5188,0,1
827,2007-11-17,116.16,205.71,2.0,-2.0,-9.13,-2,-74,1,1,0,-0.0,0.4812,1,1
826,2007-11-17,-6.9,237.87,-0.0,1.0,5.44,5,25,1,1,0,-0.0,0.4907,0,0
826,2007-11-17,6.9,237.87,0.0,-1.0,-5.44,-5,-25,1,1,0,0.0,0.5093,1,0
825,2007-11-17,-32.55,238.13,-2.0,-1.0,2.98,0,469,1,1,0,0.0,0.5019,0,1
825,2007-11-17,32.55,238.13,2.0,1.0,-2.98,0,-469,1,1,0,-0.0,0.4981,1,1
823,2007-11-17,-7.95,262.8,2.0,2.0,-10.64,0,0,1,1,0,0.0,0.4999,1,1
822,2007-11-17,2.73,228.31,-0.0,1.0,0.57,-2,-63,1,1,0,-0.0,0.4998,0,1
822,2007-11-17,-2.73,228.31,0.0,-1.0,-0.57,2,63,1,1,0,0.0,0.5002,1,1
823,2007-11-17,7.95,262.8,-2.0,-2.0,10.64,0,0,1,1,0,-0.0,0.5001,0,1
831,2007-12-08,121.0,233.89,0.0,2.0,-1.45,1,0,1,1,0,-0.0,0.4986,1,1
831,2007-12-08,-121.0,233.89,-0.0,-2.0,1.45,-1,0,1,1,0,0.0,0.5014,0,1
848,2007-12-29,-16.17,245.7,6.0,-1.0,-3.85,-3,-164,1,1,0,0.0,0.5608,1,0
848,2007-12-29,16.17,245.7,-6.0,1.0,3.85,3,164,1,1,0,-0.0,0.4392,0,0
844,2007-12-29,51.04,228.2,-1.0,-0.0,-7.0,0,170,1,1,0,-0.0,0.4162,0,0
844,2007-12-29,-51.04,228.2,1.0,0.0,7.0,0,-170,1,1,0,0.0,0.5838,1,0
841,2007-12-29,197.7,205.34,2.0,3.0,6.54,16,-2717,1,1,0,-0.0,0.5,1,1
840,2007-12-29,48.62,179.05,-3.0,-2.0,7.6,8,175,1,1,1,-0.1778,0.5012,0,0
840,2007-12-29,-48.62,179.05,3.0,2.0,-7.6,-8,-175,1,1,1,0.1778,0.4988,1,0
841,2007-12-29,-197.7,205.34,-2.0,-3.0,-6.54,-16,2717,1,1,0,0.0,0.5,0,1
854,2008-01-19,64.54,225.74,6.0,5.0,-10.7,-3,-203,1,1,0,-0.0,0.5377,0,1
854,2008-01-19,-64.54,225.74,-6.0,-5.0,10.7,3,203,1,1,0,0.0,0.4623,1,1
853,2008-01-19,29.18,232.17,-1.0,2.0,3.33,1,84,1,1,0,-0.0,0.5053,0,1
853,2008-01-19,-29.18,232.17,1.0,-2.0,-3.33,-1,-84,1,1,0,0.0,0.4947,1,1
851,2008-01-19,-105.01,253.18,1.0,2.0,1.8,-4,126,1,1,0,0.0,0.5523,1,1
850,2008-01-19,9.84,202.72,-0.0,-2.0,-3.5,-5,-63,1,1,1,0.1364,0.5199,0,1
850,2008-01-19,-9.84,202.72,0.0,2.0,3.5,5,63,1,1,1,-0.1364,0.4801,1,1
851,2008-01-19,105.01,253.18,-1.0,-2.0,-1.8,4,-126,1,1,0,-0.0,0.4477,0,1
865,2008-01-23,70.59,262.72,2.0,4.0,2.08,0,3,1,1,0,-0.0,0.5115,0,1
865,2008-01-23,-70.59,262.72,-2.0,-4.0,-2.08,0,-3,1,1,0,0.0,0.4885,1,1
864,2008-01-23,-4.33,263.74,-0.0,-3.0,0.32,0,11,1,1,0,-0.0,0.5814,0,1
864,2008-01-23,4.33,263.74,0.0,3.0,-0.32,0,-11,1,1,0,0.0,0.4186,1,1
861,2008-01-23,-68.46,264.51,-2.0,-1.0,8.89,-2,0,1,1,0,0.0,0.4052,0,1
860,2008-01-23,61.74,235.18,-3.0,1.0,1.59,-3,74,1,1,0,-0.0,0.5004,0,0
860,2008-01-23,-61.74,235.18,3.0,-1.0,-1.59,3,-74,1,1,0,0.0,0.4996,1,0
859,2008-01-23,-24.69,214.57,-5.0,-3.0,-0.81,1,-196,1,0,0,0.0,0.547,0,1
859,2008-01-23,24.69,214.57,5.0,3.0,0.81,-1,196,0,1,0,-0.0,0.453,1,1
861,2008-01-23,68.46,264.51,2.0,1.0,-8.89,2,0,1,1,0,-0.0,0.5948,1,1
875,2008-02-02,-70.8,238.31,2.0,1.0,9.34,-2,228,0,1,0,0.0,0.5001,1,1
876,2008-02-02,-104.81,271.33,3.0,2.0,-2.81,1,79,0,1,0,0.0,0.5325,0,0
876,2008-02-02,104.81,271.33,-3.0,-2.0,2.81,-1,-79,1,0,0,-0.0,0.4675,1,0
875,2008-02-02,70.8,238.31,-2.0,-1.0,-9.34,2,-228,1,0,0,-0.0,0.4999,0,1
872,2008-02-02,-4.36,237.5,3.0,4.0,0.54,0,14,1,1,0,-0.0,0.4999,0,0
868,2008-02-02,110.31,230.6,3.0,5.0,0.24,11,-105,1,1,1,-0.5833,0.4975,0,1
870,2008-02-02,-34.23,210.82,-0.0,1.0,3.65,5,406,1,1,0,-0.0,0.5382,0,1
870,2008-02-02,34.23,210.82,0.0,-1.0,-3.65,-5,-406,1,1,0,0.0,0.4618,1,1
868,2008-02-02,-110.31,230.6,-3.0,-5.0,-0.24,-11,105,1,1,1,0.5833,0.5025,1,1
872,2008-02-02,4.36,237.5,-3.0,-4.0,-0.54,0,-14,1,1,0,0.0,0.5001,1,0
882,2008-03-01,26.61,214.89,1.0,0.0,5.64,10,-86,1,1,0,-0.0,0.5594,1,1
884,2008-03-01,49.52,217.67,-3.0,-3.0,8.41,5,25,1,1,0,0.0,0.5409,1,1
883,2008-03-01,30.97,227.73,4.0,4.0,0.74,0,-99,1,1,0,0.0,0.4999,0,1
883,2008-03-01,-30.97,227.73,-4.0,-4.0,-0.74,0,99,1,1,0,-0.0,0.5001,1,1
884,2008-03-01,-49.52,217.67,3.0,3.0,-8.41,-5,-25,1,1,0,-0.0,0.4591,0,1
880,2008-03-01,-16.35,195.31,-1.0,-2.0,10.44,9,553,1,1,0,-0.0,0.5726,0,0
882,2008-03-01,-26.61,214.89,-1.0,-0.0,-5.64,-10,86,1,1,0,0.0,0.4406,0,1
879,2008-03-01,-83.75,203.39,-1.0,1.0,-1.12,-3,-122,0,1,0,-0.0,0.46,0,0
879,2008-03-01,83.75,203.39,1.0,-1.0,1.12,3,122,1,0,0,0.0,0.54,1,0
878,2008-03-01,96.63,239.09,4.0,-0.0,2.79,2,-63,1,1,0,-0.0,0.4999,0,1
878,2008-03-01,-96.63,239.09,-4.0,0.0,-2.79,-2,63,1,1,0,0.0,0.5001,1,1
877,2008-03-01,-169.24,238.85,-3.0,-3.0,4.64,-2,42,1,1,1,1.0,0.4489,0,0
877,2008-03-01,169.24,238.85,3.0,3.0,-4.64,2,-42,1,1,1,-1.0,0.5511,1,0
880,2008-03-01,16.35,195.31,1.0,2.0,-10.44,-9,-553,1,1,0,0.0,0.4274,1,0
892,2008-04-02,44.06,234.19,-3.0,-2.0,6.48,-3,42,1,1,0,-0.0,0.5,0,1
891,2008-04-02,-66.15,238.59,-6.0,-4.0,5.94,2,0,1,1,0,0.0,0.459,0,0
891,2008-04-02,66.15,238.59,6.0,4.0,-5.94,-2,0,1,1,0,-0.0,0.541,1,0
890,2008-04-02,-18.46,258.61,-2.0,-1.0,-4.31,-3,-147,1,1,0,-0.0,0.5001,0,1
890,2008-04-02,18.46,258.61,2.0,1.0,4.31,3,147,1,1,0,0.0,0.4999,1,1
892,2008-04-02,-44.06,234.19,3.0,2.0,-6.48,3,-42,1,1,0,0.0,0.5,1,1
889,2008-04-02,-47.25,198.74,-2.0,-1.0,-1.1,-2,0,1,1,0,-0.0,0.4775,1,1
888,2008-04-02,69.41,249.36,-2.0,-3.0,-2.44,0,67,1,1,0,0.0,0.5956,0,1
888,2008-04-02,-69.41,249.36,2.0,3.0,2.44,0,-67,1,1,0,-0.0,0.4044,1,1
887,2008-04-02,23.48,228.04,-3.0,-0.0,-7.99,-5,-59,1,1,0,-0.0,0.4639,0,0
887,2008-04-02,-23.48,228.04,3.0,0.0,7.99,5,59,1,1,0,0.0,0.5361,1,0
889,2008-04-02,47.25,198.74,2.0,1.0,1.1,2,0,1,1,0,0.0,0.5225,0,1
907,2008-04-19,10.77,228.0,-2.0,-0.0,-8.06,-2,-21,1,1,0,0.0,0.4166,0,0
907,2008-04-19,-10.77,228.0,2.0,0.0,8.06,2,21,1,1,0,-0.0,0.5834,1,0
906,2008-04-19,-18.34,253.67,5.0,-0.0,-2.9,4,-28,1,1,0,0.0,0.498,0,0
906,2008-04-19,18.34,253.67,-5.0,0.0,2.9,-4,28,1,1,0,-0.0,0.502,1,0
904,2008-04-19,-118.64,227.05,-5.0,-3.0,-2.35,0,-28,1,1,0,0.0,0.563,0,1
904,2008-04-19,118.64,227.05,5.0,3.0,2.35,0,28,1,1,0,-0.0,0.437,1,1
903,2008-04-19,-43.05,271.69,5.0,-0.0,-1.81,1,-21,1,0,0,0.0,0.5085,0,1
901,2008-04-19,-76.64,232.42,2.0,3.0,-2.8,-1,-31,1,1,0,0.0,0.5801,0,0
901,2008-04-19,76.64,232.42,-2.0,-3.0,2.8,1,31,1,1,0,-0.0,0.4199,1,0
900,2008-04-19,-179.1,207.85,-1.0,-2.0,1.4,-6,259,1,1,0,0.0,0.5067,0,0
900,2008-04-19,179.1,207.85,1.0,2.0,-1.4,6,-259,1,1,0,-0.0,0.4933,1,0
899,2008-04-19,-109.29,189.62,-8.0,-5.0,6.96,-1,266,1,1,1,0.3364,0.4967,0,1
899,2008-04-19,109.29,189.62,8.0,5.0,-6.96,1,-266,1,1,1,-0.3364,0.5033,1,1
903,2008-04-19,43.05,271.69,-5.0,0.0,1.81,-1,21,0,1,0,-0.0,0.4915,1,1
913,2008-05-24,60.02,198.28,-0.0,2.0,3.35,16,175,1,1,0,-0.0,0.5188,0,0
917,2008-05-24,-21.26,236.93,1.0,4.0,-9.78,-5,224,1,1,0,0.0,0.4504,0,0
913,2008-05-24,-60.02,198.28,0.0,-2.0,-3.35,-16,-175,1,1,0,0.0,0.4812,1,0
917,2008-05-24,21.26,236.93,-1.0,-4.0,9.78,5,-224,1,1,0,-0.0,0.5496,1,0
911,2008-05-24,-116.88,225.6,-2.0,-3.0,-0.67,-3,-98,1,1,0,-0.0,0.4998,1,1
910,2008-05-24,-1.99,192.34,-3.0,-3.0,5.36,-4,196,1,1,1,0.2917,0.5214,0,1
910,2008-05-24,1.99,192.34,3.0,3.0,-5.36,4,-196,1,1,1,-0.2917,0.4786,1,1
911,2008-05-24,116.88,225.6,2.0,3.0,0.67,3,98,1,1,0,0.0,0.5002,0,1
931,2008-06-07,48.94,238.5,-4.0,-2.0,-6.75,0,21,1,1,0,-0.0,0.5,0,1
931,2008-06-07,-48.94,238.5,4.0,2.0,6.75,0,-21,1,1,0,0.0,0.5,1,1
926,2008-06-07,-80.28,227.42,1.0,1.0,10.13,5,-322,1,1,0,-0.0,0.4825,0,1
929,2008-06-07,97.4,248.36,-2.0,1.0,5.89,5,-21,1,1,0,-0.0,0.5647,0,0
929,2008-06-07,-97.4,248.36,2.0,-1.0,-5.89,-5,21,1,1,0,0.0,0.4353,1,0
927,2008-06-07,-4.99,238.35,2.0,-3.0,-1.14,0,0,1,1,0,0.0,0.4995,0,1
927,2008-06-07,4.99,238.35,-2.0,3.0,1.14,0,0,1,1,0,-0.0,0.5005,1,1
926,2008-06-07,80.28,227.42,-1.0,-1.0,-10.13,-5,322,1,1,0,0.0,0.5175,1,1
921,2008-06-07,67.3,180.85,3.0,-0.0,9.97,10,95,1,1,0,0.0,0.5118,0,0
925,2008-06-07,-63.65,244.79,-1.0,1.0,0.2,-3,-91,1,1,0,0.0,0.5098,1,1
921,2008-06-07,-67.3,180.85,-3.0,0.0,-9.97,-10,-95,1,1,0,-0.0,0.4882,1,0
923,2008-06-07,-3.3,210.8,7.0,3.0,-5.82,0,-4,1,1,0,0.0,0.5232,1,0
925,2008-06-07,63.65,244.79,1.0,-1.0,-0.2,3,91,1,1,0,-0.0,0.4902,0,1
924,2008-06-07,-47.64,228.12,4.0,1.0,-2.38,-2,161,1,1,0,0.0,0.5611,1,1
923,2008-06-07,3.3,210.8,-7.0,-3.0,5.82,0,4,1,1,0,-0.0,0.4768,0,0
924,2008-06-07,47.64,228.12,-4.0,-1.0,2.38,2,-161,1,1,0,-0.0,0.4389,0,1
938,2008-06-21,45.81,237.44,-1.0,3.0,-7.13,0,10,1,1,0,-0.0,0.5002,1,0
932,2008-06-21,-82.47,199.36,5.0,6.0,-11.75,-11,42,1,1,0,0.0,0.5256,1,1
932,2008-06-21,82.47,199.36,-5.0,-6.0,11.75,11,-42,1,1,0,-0.0,0.4744,0,1
934,2008-06-21,106.16,208.33,2.0,2.0,-0.94,3,0,1,1,0,0.0,0.4999,1,0
934,2008-06-21,-106.16,208.33,-2.0,-2.0,0.94,-3,0,1,1,0,-0.0,0.5001,0,0
935,2008-06-21,6.73,226.84,-3.0,-2.0,10.04,5,67,1,1,0,0.0,0.571,1,0
935,2008-06-21,-6.73,226.84,3.0,2.0,-10.04,-5,-67,1,1,0,-0.0,0.429,0,0
937,2008-06-21,-19.19,215.06,4.0,3.0,-6.05,-3,-38,1,1,0,-0.0,0.4325,1,1
937,2008-06-21,19.19,215.06,-4.0,-3.0,6.05,3,38,1,1,0,0.0,0.5675,0,1
938,2008-06-21,-45.81,237.44,1.0,-3.0,7.13,0,-10,1,1,0,0.0,0.4998,0,0
940,2008-06-21,23.84,213.24,1.0,0.0,-0.47,-7,35,1,1,0,0.0,0.5229,1,1
940,2008-06-21,-23.84,213.24,-1.0,-0.0,0.47,7,-35,1,1,0,-0.0,0.4771,0,1
948,2008-07-05,12.0,238.93,4.0,6.0,-7.25,-2,38,1,1,0,-0.0,0.5114,1,1
948,2008-07-05,-12.0,238.93,-4.0,-6.0,7.25,2,-38,1,1,0,0.0,0.4886,0,1
942,2008-07-05,38.38,228.05,-4.0,-2.0,0.74,-5,14,1,1,1,-0.1667,0.438,0,1
949,2008-07-05,-28.44,234.26,-1.0,-3.0,4.21,-3,-25,1,1,0,0.0,0.5819,0,1
946,2008-07-05,-63.55,238.32,6.0,4.0,10.67,-2,-60,1,1,0,-0.0,0.4827,0,1
949,2008-07-05,28.44,234.26,1.0,3.0,-4.21,3,25,1,1,0,-0.0,0.4181,1,1
946,2008-07-05,63.55,238.32,-6.0,-4.0,-10.67,2,60,1,1,0,0.0,0.5173,1,1
942,2008-07-05,-38.38,228.05,4.0,2.0,-0.74,5,-14,1,1,1,0.1667,0.562,1,1
945,2008-07-05,159.14,191.03,5.0,-1.0,-3.29,-1,-28,1,1,0,-0.0,0.4761,1,1
944,2008-07-05,-45.9,218.28,1.0,3.0,-1.31,-2,-14,1,1,0,0.0,0.501,0,0
944,2008-07-05,45.9,218.28,-1.0,-3.0,1.31,2,14,1,1,0,-0.0,0.499,1,0
943,2008-07-05,3.97,225.55,-1.0,1.0,3.25,-3,-10,1,1,0,-0.0,0.5961,0,1
943,2008-07-05,-3.97,225.55,1.0,-1.0,-3.25,3,10,1,1,0,0.0,0.4039,1,1
945,2008-07-05,-159.14,191.03,-5.0,1.0,3.29,1,28,1,1,0,0.0,0.5239,0,1
954,2008-07-19,21.08,258.89,-1.0,2.0,-2.16,3,49,1,1,0,0.0,0.4989,0,1
955,2008-07-19,29.8,264.48,-4.0,-4.0,4.01,-2,-66,1,1,0,0.0,0.5353,1,1
955,2008-07-19,-29.8,264.48,4.0,4.0,-4.01,2,66,1,1,0,-0.0,0.4647,0,1
954,2008-07-19,-21.08,258.89,1.0,-2.0,2.16,-3,-49,1,1,0,-0.0,0.5011,1,1
953,2008-07-19,10.66,220.27,-3.0,0.0,-7.14,-4,-270,1,1,0,0.0,0.5075,1,1
951,2008-07-19,-186.39,216.03,-2.0,-0.0,-3.41,1,-32,1,0,0,-0.0,0.4489,0,0
951,2008-07-19,186.39,216.03,2.0,0.0,3.41,-1,32,0,1,0,0.0,0.5511,1,0
953,2008-07-19,-10.66,220.27,3.0,-0.0,7.14,4,270,1,1,0,-0.0,0.4925,0,1
967,2008-08-09,-11.3,240.68,-2.0,-4.0,6.52,4,-105,1,1,0,0.0,0.4053,0,0
967,2008-08-09,11.3,240.68,2.0,4.0,-6.52,-4,105,1,1,0,-0.0,0.5947,1,0
966,2008-08-09,3.11,240.26,8.0,2.0,2.43,4,0,1,1,0,0.0,0.4369,0,0
966,2008-08-09,-3.11,240.26,-8.0,-2.0,-2.43,-4,0,1,1,0,-0.0,0.5631,1,0
965,2008-08-09,-32.99,210.01,4.0,1.0,6.98,3,-116,1,1,0,-0.0,0.4726,1,0
965,2008-08-09,32.99,210.01,-4.0,-1.0,-6.98,-3,116,1,1,0,0.0,0.5274,0,0
964,2008-08-09,37.24,257.0,3.0,4.0,-0.23,-1,60,1,1,0,0.0,0.4045,1,1
963,2008-08-09,34.05,258.79,-3.0,1.0,-0.64,3,-28,1,1,0,0.0,0.4361,0,1
963,2008-08-09,-34.05,258.79,3.0,-1.0,0.64,-3,28,1,1,0,-0.0,0.5639,1,1
962,2008-08-09,-8.09,194.12,-2.0,1.0,3.23,-4,49,1,1,1,0.1667,0.5041,0,1
962,2008-08-09,8.09,194.12,2.0,-1.0,-3.23,4,-49,1,1,1,-0.1667,0.4959,1,1
964,2008-08-09,-37.24,257.0,-3.0,-4.0,0.23,1,-60,1,1,0,-0.0,0.5955,0,1
976,2008-09-06,-9.07,279.79,1.0,2.0,-0.85,0,28,1,1,0,0.0,0.5206,1,0
979,2008-09-06,21.84,210.74,5.0,0.0,0.0,0,-63,1,0,0,0.0,0.5386,1,1
979,2008-09-06,-21.84,210.74,-5.0,-0.0,-0.0,0,63,0,1,0,-0.0,0.4614,0,1
977,2008-09-06,14.81,223.24,-0.0,-1.0,-5.51,-1,-66,1,1,0,0.0,0.5408,0,1
977,2008-09-06,-14.81,223.24,0.0,1.0,5.51,1,66,1,1,0,-0.0,0.4592,1,1
976,2008-09-06,9.07,279.79,-1.0,-2.0,0.85,0,-28,1,1,0,-0.0,0.4794,0,0
975,2008-09-06,31.67,224.19,-2.0,-0.0,-2.99,-3,0,1,1,0,-0.0,0.5122,0,1
972,2008-09-06,43.77,185.27,1.0,2.0,9.77,13,-42,1,1,0,-0.0,0.4998,0,1
974,2008-09-06,32.45,259.1,-3.0,-3.0,-9.51,-3,-84,1,1,0,-0.0,0.4973,0,1
974,2008-09-06,-32.45,259.1,3.0,3.0,9.51,3,84,1,1,0,0.0,0.5027,1,1
973,2008-09-06,-96.31,206.45,-0.0,-0.0,-2.0,-7,17,1,1,0,0.0,0.4622,0,0
973,2008-09-06,96.31,206.45,0.0,0.0,2.0,7,-17,1,1,0,-0.0,0.5378,1,0
972,2008-09-06,-43.77,185.27,-1.0,-2.0,-9.77,-13,42,1,1,0,0.0,0.5002,1,1
975,2008-09-06,-31.67,224.19,2.0,0.0,2.99,3,0,1,1,0,0.0,0.4878,1,1
986,2008-09-17,-113.99,240.92,-0.0,-0.0,1.03,-4,217,1,0,0,-0.0,0.5657,0,1
986,2008-09-17,113.99,240.92,0.0,0.0,-1.03,4,-217,0,1,0,0.0,0.4343,1,1
984,2008-09-17,32.95,242.38,-4.0,-3.0,5.5,1,-165,1,1,0,-0.0,0.4375,0,1
984,2008-09-17,-32.95,242.38,4.0,3.0,-5.5,-1,165,1,1,0,0.0,0.5625,1,1
983,2008-09-17,-15.97,219.04,2.0,-1.0,3.56,0,0,1,1,0,-0.0,0.5222,0,1
983,2008-09-17,15.97,219.04,-2.0,1.0,-3.56,0,0,1,1,0,0.0,0.4778,1,1
982,2008-09-17,-65.06,241.37,0.0,-1.0,-1.93,4,17,1,1,0,0.0,0.5079,1,1
981,2008-09-17,105.22,227.77,4.0,1.0,-2.06,-2,0,1,1,0,-0.0,0.5068,1,0
982,2008-09-17,65.06,241.37,-0.0,1.0,1.93,-4,-17,1,1,0,-0.0,0.4921,0,1
981,2008-09-17,-105.22,227.77,-4.0,-1.0,2.06,2,0,1,1,0,0.0,0.4932,0,0
999,2008-10-18,-10.52,237.29,3.0,4.0,-1.72,-2,-35,1,1,0,-0.0,0.5117,1,1
991,2008-10-18,46.61,200.64,2.0,2.0,1.39,-4,-98,1,1,0,0.0,0.4601,1,0
991,2008-10-18,-46.61,200.64,-2.0,-2.0,-1.39,4,98,1,1,0,-0.0,0.5399,0,0
992,2008-10-18,-19.61,208.21,-2.0,-1.0,1.94,1,56,1,1,0,0.0,0.4619,1,1
992,2008-10-18,19.61,208.21,2.0,1.0,-1.94,-1,-56,1,1,0,-0.0,0.5381,0,1
994,2008-10-18,-56.64,211.67,-4.0,-1.0,5.33,8,-28,1,1,0,0.0,0.5887,1,1
994,2008-10-18,56.64,211.67,4.0,1.0,-5.33,-8,28,1,1,0,-0.0,0.4113,0,1
995,2008-10-18,61.95,241.57,0.0,1.0,11.05,7,-140,1,1,0,-0.0,0.4453,1,0
995,2008-10-18,-61.95,241.57,-0.0,-1.0,-11.05,-7,140,1,1,0,0.0,0.5547,0,0
999,2008-10-18,10.52,237.29,-3.0,-4.0,1.72,2,35,1,1,0,0.0,0.4883,0,1
1008,2008-10-25,-23.11,239.34,3.0,3.0,-5.64,-8,-28,1,1,0,-0.0,0.4383,0,0
1010,2008-10-25,34.6,217.13,-3.0,-4.0,-1.02,5,-14,1,1,0,0.0,0.51,1,1
1004,2008-10-25,23.34,221.07,-2.0,0.0,-3.1,-4,52,1,1,0,0.0,0.4167,1,0
1011,2008-10-25,-99.49,212.27,3.0,1.0,-2.32,-4,276,0,1,0,-0.0,0.4895,1,1
1011,2008-10-25,99.49,212.27,-3.0,-1.0,2.32,4,-276,1,0,0,0.0,0.5105,0,1
1008,2008-10-25,23.11,239.34,-3.0,-3.0,5.64,8,28,1,1,0,0.0,0.5617,1,0
1010,2008-10-25,-34.6,217.13,3.0,4.0,1.02,-5,14,1,1,0,-0.0,0.49,0,1
1007,2008-10-25,-92.68,222.91,-6.0,-1.0,3.11,1,-102,1,1,0,-0.0,0.4065,0,0
1003,2008-10-25,0.08,190.08,3.0,1.0,5.84,1,-28,1,1,0,0.0,0.4926,0,1
1006,2008-10-25,14.04,207.21,1.0,-0.0,-10.71,-3,-42,1,1,0,0.0,0.4997,0,1
1006,2008-10-25,-14.04,207.21,-1.0,0.0,10.71,3,42,1,1,0,-0.0,0.5003,1,1
1004,2008-10-25,-23.34,221.07,2.0,-0.0,3.1,4,-52,1,1,0,-0.0,0.5833,0,0
1003,2008-10-25,-0.08,190.08,-3.0,-1.0,-5.84,-1,28,1,1,0,-0.0,0.5074,1,1
1002,2008-10-25,-200.03,209.86,-2.0,-3.0,-4.88,1,14,1,1,1,0.5,0.4489,0,0
1002,2008-10-25,200.03,209.86,2.0,3.0,4.88,-1,-14,1,1,1,-0.5,0.5511,1,0
1007,2008-10-25,92.68,222.91,6.0,1.0,-3.11,-1,102,1,1,0,0.0,0.5935,1,0
1014,2008-11-15,-31.01,232.71,-0.0,3.0,-0.52,-3,-49,1,1,0,0.0,0.5667,0,0
1017,2008-11-15,-56.71,241.57,0.0,1.0,-3.87,-4,901,0,1,0,-0.0,0.5001,1,0
1016,2008-11-15,7.52,233.39,-0.0,-1.0,5.64,3,112,1,1,0,0.0,0.4055,0,0
1016,2008-11-15,-7.52,233.39,0.0,1.0,-5.64,-3,-112,1,1,0,-0.0,0.5945,1,0
1017,2008-11-15,56.71,241.57,-0.0,-1.0,3.87,4,-901,1,0,0,0.0,0.4999,0,0
1014,2008-11-15,31.01,232.71,0.0,-3.0,0.52,3,49,1,1,0,-0.0,0.4333,1,0
1013,2008-11-15,29.61,197.7,4.0,3.0,6.05,2,-35,1,1,0,-0.0,0.4709,1,0
1012,2008-11-15,156.64,211.95,-6.0,-2.0,14.06,16,350,1,1,1,-0.2778,0.5194,0,1
1012,2008-11-15,-156.64,211.95,6.0,2.0,-14.06,-16,-350,1,1,1,0.2778,0.4806,1,1
1013,2008-11-15,-29.61,197.7,-4.0,-3.0,-6.05,-2,35,1,1,0,0.0,0.5291,0,0
1025,2008-12-10,-44.19,253.91,3.0,-2.0,0.05,-4,-133,1,1,0,-0.0,0.4849,1,0
1022,2008-12-10,-112.27,206.82,-4.0,-1.0,-0.07,-1,49,1,1,0,-0.0,0.4754,0,1
1025,2008-12-10,44.19,253.91,-3.0,2.0,-0.05,4,133,1,1,0,0.0,0.5151,0,0
1021,2008-12-10,-69.98,231.43,-3.0,1.0,3.56,-11,154,1,1,0,-0.0,0.459,0,0
1021,2008-12-10,69.98,231.43,3.0,-1.0,-3.56,11,-154,1,1,0,0.0,0.541,1,0
1022,2008-12-10,112.27,206.82,4.0,1.0,0.07,1,-49,1,1,0,0.0,0.5246,1,1
1033,2008-12-13,-85.24,250.19,4.0,4.0,-4.01,2,0,1,1,0,0.0,0.4647,1,1
1033,2008-12-13,85.24,250.19,-4.0,-4.0,4.01,-2,0,1,1,0,-0.0,0.5353,0,1
1034,2008-12-13,-2.08,207.41,-4.0,-2.0,-3.33,-1,-11,1,1,0,0.0,0.438,1,1
1034,2008-12-13,2.08,207.41,4.0,2.0,3.33,1,11,1,1,0,-0.0,0.562,0,1
1044,2008-12-27,83.53,233.78,-1.0,2.0,-1.96,-1,-42,1,1,0,0.0,0.5001,1,1
1046,2008-12-27,67.91,218.0,0.0,1.0,-5.43,2,112,1,1,0,-0.0,0.4088,1,0
1044,2008-12-27,-83.53,233.78,1.0,-2.0,1.96,1,42,1,1,0,-0.0,0.4999,0,1
1046,2008-12-27,-67.91,218.0,-0.0,-1.0,5.43,-2,-112,1,1,0,0.0,0.5912,0,0
1043,2008-12-27,48.5,271.32,-3.0,-0.0,0.77,-1,-60,1,1,0,-0.0,0.4967,0,0
1042,2008-12-27,23.85,223.55,2.0,0.0,-2.97,10,0,1,1,1,-0.4167,0.4885,1,0
1042,2008-12-27,-23.85,223.55,-2.0,-0.0,2.97,-10,0,1,1,1,0.4167,0.5115,0,0
1041,2008-12-27,-45.3,200.66,2.0,3.0,0.53,1,63,1,1,1,-0.0694,0.5619,0,1
1041,2008-12-27,45.3,200.66,-2.0,-3.0,-0.53,-1,-63,1,1,1,0.0694,0.4381,1,1
1043,2008-12-27,-48.5,271.32,3.0,0.0,-0.77,1,60,1,1,0,0.0,0.5033,1,0
1051,2009-01-17,-151.68,205.02,-2.0,-2.0,4.11,-8,0,1,1,0,0.0,0.4623,1,0
1051,2009-01-17,151.68,205.02,2.0,2.0,-4.11,8,0,1,1,0,-0.0,0.5377,0,0
1052,2009-01-17,-84.52,239.52,1.0,0.0,-16.93,-8,-3179,1,0,0,-0.0,0.4577,1,1
1052,2009-01-17,84.52,239.52,-1.0,-0.0,16.93,8,3179,0,1,0,0.0,0.5423,0,1
1053,2009-01-17,-14.84,222.67,-3.0,-5.0,-4.51,-10,-77,1,1,0,0.0,0.458,1,1
1053,2009-01-17,14.84,222.67,3.0,5.0,4.51,10,77,1,1,0,-0.0,0.542,0,1
1055,2009-01-17,141.12,189.67,2.0,-1.0,0.98,-4,0,1,1,0,-0.0,0.4353,1,0
1055,2009-01-17,-141.12,189.67,-2.0,1.0,-0.98,4,0,1,1,0,0.0,0.5647,0,0
1065,2009-01-31,97.5,219.78,6.0,5.0,-3.35,-2,0,1,1,0,-0.0,0.5001,0,0
1067,2009-01-31,3.2,228.14,3.0,2.0,-3.5,2,-28,1,1,0,0.0,0.4997,1,1
1065,2009-01-31,-97.5,219.78,-6.0,-5.0,3.35,2,0,1,1,0,0.0,0.4999,1,0
1069,2009-01-31,31.82,233.01,-1.0,1.0,-9.03,1,-56,0,0,0,0.0,0.501,1,1
1069,2009-01-31,-31.82,233.01,1.0,-1.0,9.03,-1,56,0,0,0,-0.0,0.499,0,1
1067,2009-01-31,-3.2,228.14,-3.0,-2.0,3.5,-2,28,1,1,0,-0.0,0.5003,0,1
1064,2009-01-31,-39.98,225.34,4.0,4.0,0.78,-9,-157,1,1,0,-0.0,0.4986,1,0
1062,2009-01-31,-30.46,232.88,-0.0,1.0,-4.45,-1,0,1,1,0,-0.0,0.4626,0,0
1063,2009-01-31,16.86,242.16,-5.0,-0.0,10.29,7,294,1,1,0,-0.0,0.4984,0,1
1063,2009-01-31,-16.86,242.16,5.0,0.0,-10.29,-7,-294,1,1,0,0.0,0.5016,1,1
1064,2009-01-31,39.98,225.34,-4.0,-4.0,-0.78,9,157,1,1,0,0.0,0.5014,0,0
1062,2009-01-31,30.46,232.88,0.0,-1.0,4.45,1,0,1,1,0,0.0,0.5374,1,0
1061,2009-01-31,-66.46,177.84,-6.0,-2.0,2.43,0,77,1,1,1,-0.0769,0.4833,0,1
1061,2009-01-31,66.46,177.84,6.0,2.0,-2.43,0,-77,1,1,1,0.0769,0.5167,1,1
1078,2009-02-07,13.1,207.6,1.0,-1.0,7.52,3,-112,1,1,0,-0.0,0.4919,0,1
1078,2009-02-07,-13.1,207.6,-1.0,1.0,-7.52,-3,112,1,1,0,0.0,0.5081,1,1
1075,2009-02-07,50.53,230.32,-0.0,1.0,-2.23,-4,28,1,1,0,0.0,0.4641,0,1
1075,2009-02-07,-50.53,230.32,0.0,-1.0,2.23,4,-28,1,1,0,-0.0,0.5359,1,1
1074,2009-02-07,-6.93,216.15,-8.0,-6.0,3.12,3,3,1,1,0,0.0,0.5001,0,1
1073,2009-02-07,37.14,229.82,-2.0,-3.0,3.22,-4,0,1,1,0,-0.0,0.4987,0,1
1073,2009-02-07,-37.14,229.82,2.0,3.0,-3.22,4,0,1,1,0,0.0,0.5013,1,1
1071,2009-02-07,-56.4,228.06,-0.0,-1.0,-2.01,0,-59,1,1,0,0.0,0.495,0,1
1071,2009-02-07,56.4,228.06,0.0,1.0,2.01,0,59,1,1,0,-0.0,0.505,1,1
1074,2009-02-07,6.93,216.15,8.0,6.0,-3.12,-3,-3,1,1,0,-0.0,0.4999,1,1
1084,2009-02-21,145.16,241.5,-1.0,0.0,-0.59,1,-903,1,1,0,-0.0,0.4989,1,1
1084,2009-02-21,-145.16,241.5,1.0,-0.0,0.59,-1,903,1,1,0,0.0,0.5011,0,1
1083,2009-02-21,-14.85,203.78,2.0,1.0,0.54,0,-98,1,1,0,-0.0,0.4393,0,1
1081,2009-02-21,-54.77,194.78,-2.0,-3.0,-0.45,-1,-147,1,0,0,-0.0,0.5939,0,0
1081,2009-02-21,54.77,194.78,2.0,3.0,0.45,1,147,0,1,0,0.0,0.4061,1,0
1083,2009-02-21,14.85,203.78,-2.0,-1.0,-0.54,0,98,1,1,0,0.0,0.5607,1,1
1091,2009-03-07,31.26,213.62,-3.0,-1.0,-2.64,-4,-70,1,1,0,-0.0,0.4998,1,1
1091,2009-03-07,-31.26,213.62,3.0,1.0,2.64,4,70,1,1,0,0.0,0.5002,0,1
1092,2009-03-07,-13.42,234.11,4.0,0.0,4.37,-6,28,1,1,0,0.0,0.4906,1,1
1092,2009-03-07,13.42,234.11,-4.0,-0.0,-4.37,6,-28,1,1,0,-0.0,0.5094,0,1
1093,2009-03-07,66.04,234.14,0.0,1.0,1.57,-3,-21,1,1,0,0.0,0.4881,1,1
1093,2009-03-07,-66.04,234.14,-0.0,-1.0,-1.57,3,21,1,1,0,-0.0,0.5119,0,1
1095,2009-03-07,10.99,244.98,-1.0,1.0,4.31,3,46,1,1,0,0.0,0.4269,1,0
1095,2009-03-07,-10.99,244.98,1.0,-1.0,-4.31,-3,-46,1,1,0,-0.0,0.5731,0,0
1098,2009-03-07,-2.91,264.14,-3.0,-1.0,5.56,-2,-11,1,1,0,0.0,0.5,1,1
1098,2009-03-07,2.91,264.14,3.0,1.0,-5.56,2,11,1,1,0,-0.0,0.5,0,1
1108,2009-04-01,33.47,271.79,3.0,3.0,4.15,1,59,1,1,0,0.0,0.5094,1,0
1108,2009-04-01,-33.47,271.79,-3.0,-3.0,-4.15,-1,-59,1,1,0,-0.0,0.4906,0,0
1105,2009-04-01,-22.92,213.5,-0.0,-1.0,-2.63,-1,0,1,1,0,-0.0,0.4045,0,0
1103,2009-04-01,-119.44,244.5,2.0,2.0,-0.52,-6,-21,1,1,0,-0.0,0.5001,0,0
1103,2009-04-01,119.44,244.5,-2.0,-2.0,0.52,6,21,1,1,0,0.0,0.4999,1,0
1105,2009-04-01,22.92,213.5,0.0,1.0,2.63,1,0,1,1,0,0.0,0.5955,1,0
1120,2009-04-18,77.15,210.81,-1.0,-1.0,0.79,0,725,1,1,0,0.0,0.4089,0,1
1123,2009-04-18,-85.45,280.1,-2.0,1.0,-3.99,0,0,1,1,0,-0.0,0.4843,0,1
1123,2009-04-18,85.45,280.1,2.0,-1.0,3.99,0,0,1,1,0,0.0,0.5157,1,1
1120,2009-04-18,-77.15,210.81,1.0,1.0,-0.79,0,-725,1,1,0,-0.0,0.5911,1,1
1119,2009-04-18,35.09,203.91,-8.0,-3.0,3.21,-2,28,1,1,0,0.0,0.4982,1,0
1117,2009-04-18,3.49,264.26,-2.0,-0.0,-5.62,-2,-53,1,1,0,-0.0,0.5394,0,0
1117,2009-04-18,-3.49,264.26,2.0,0.0,5.62,2,53,1,1,0,0.0,0.4606,1,0
1119,2009-04-18,-35.09,203.91,8.0,3.0,-3.21,2,-28,1,1,0,-0.0,0.5018,0,0
1116,2009-04-18,15.01,212.55,4.0,0.0,0.72,2,0,1,1,0,0.0,0.5,1,1
1114,2009-04-18,147.1,210.03,-0.0,1.0,11.94,19,133,1,1,0,0.0,0.5,0,1
1114,2009-04-18,-147.1,210.03,0.0,-1.0,-11.94,-19,-133,1,1,0,-0.0,0.5,1,1
1113,2009-04-18,95.66,218.3,-2.0,1.0,0.59,0,-53,1,1,0,-0.0,0.5952,0,1
1113,2009-04-18,-95.66,218.3,2.0,-1.0,-0.59,0,53,1,1,0,0.0,0.4048,1,1
1112,2009-04-18,-128.34,213.45,1.0,-1.0,-6.4,-2,0,1,1,1,0.5,0.5092,0,0
1112,2009-04-18,128.34,213.45,-1.0,1.0,6.4,2,0,1,1,1,-0.5,0.4908,1,0
1116,2009-04-18,-15.01,212.55,-4.0,-0.0,-0.72,-2,0,1,1,0,-0.0,0.5,0,1
1128,2009-05-23,-20.22,208.34,1.0,0.0,-8.2,-5,98,1,1,0,0.0,0.5001,1,1
1127,2009-05-23,129.36,243.91,1.0,-0.0,-4.24,-1,14,1,1,0,0.0,0.4433,0,0
1127,2009-05-23,-129.36,243.91,-1.0,0.0,4.24,1,-14,1,1,0,-0.0,0.5567,1,0
1124,2009-05-23,-13.58,207.38,-1.0,1.0,1.32,-3,-35,1,1,1,0.1111,0.5372,1,0
1125,2009-05-23,112.45,174.48,5.0,3.0,0.64,9,-49,1,1,0,-0.0,0.5035,1,0
1124,2009-05-23,13.58,207.38,1.0,-1.0,-1.32,3,35,1,1,1,-0.1111,0.4628,0,0
1128,2009-05-23,20.22,208.34,-1.0,-0.0,8.2,5,-98,1,1,0,-0.0,0.4999,0,1
1125,2009-05-23,-112.45,174.48,-5.0,-3.0,-0.64,-9,49,1,1,0,0.0,0.4965,0,0
1140,2009-06-13,-48.29,228.12,4.0,2.0,-8.73,-8,-35,1,1,0,0.0,0.5023,1,0
1139,2009-06-13,-36.69,201.94,2.0,-0.0,1.0,-3,1856,1,1,0,0.0,0.4291,0,1
1141,2009-06-13,20.99,244.8,0.0,1.0,-2.39,3,-231,1,1,0,0.0,0.5084,1,1
1140,2009-06-13,48.29,228.12,-4.0,-2.0,8.73,8,35,1,1,0,-0.0,0.4977,0,0
1139,2009-06-13,36.69,201.94,-2.0,0.0,-1.0,3,-1856,1,1,0,-0.0,0.5709,1,1
1141,2009-06-13,-20.99,244.8,-0.0,-1.0,2.39,-3,231,1,1,0,-0.0,0.4916,0,1
1138,2009-06-13,62.14,224.07,0.0,-1.0,3.82,6,0,1,1,0,0.0,0.4608,1,1
1136,2009-06-13,-8.02,224.52,5.0,3.0,7.2,6,-70,1,1,0,0.0,0.4979,0,1
1136,2009-06-13,8.02,224.52,-5.0,-3.0,-7.2,-6,70,1,1,0,-0.0,0.5021,1,1
1135,2009-06-13,-176.01,198.71,-2.0,-2.0,-1.74,-8,21,0,0,0,0.0,0.4622,0,0
1135,2009-06-13,176.01,198.71,2.0,2.0,1.74,8,-21,0,0,0,-0.0,0.5378,1,0
1138,2009-06-13,-62.14,224.07,-0.0,1.0,-3.82,-6,0,1,1,0,-0.0,0.5392,0,1
1152,2009-06-20,40.79,206.7,-0.0,1.0,-0.52,1,-270,1,1,0,0.0,0.5955,0,0
1152,2009-06-20,-40.79,206.7,0.0,-1.0,0.52,-1,270,1,1,0,-0.0,0.4045,1,0
1151,2009-06-20,-40.82,204.93,-6.0,-5.0,2.84,4,-21,1,1,0,0.0,0.4992,1,0
1151,2009-06-20,40.82,204.93,6.0,5.0,-2.84,-4,21,1,1,0,-0.0,0.5008,0,0
1149,2009-06-20,-66.67,213.24,-6.0,1.0,5.54,11,-35,1,1,0,0.0,0.5208,1,1
1147,2009-06-20,-79.44,196.37,-2.0,-3.0,0.06,-3,21,1,1,0,0.0,0.5951,0,0
1147,2009-06-20,79.44,196.37,2.0,3.0,-0.06,3,-21,1,1,0,-0.0,0.4049,1,0
1149,2009-06-20,66.67,213.24,6.0,-1.0,-5.54,-11,35,1,1,0,-0.0,0.4792,0,1
1163,2009-07-11,-46.55,242.49,-1.0,-0.0,3.66,1,28,1,1,0,-0.0,0.5075,0,0
1167,2009-07-11,39.14,256.05,1.0,2.0,-0.42,-1,105,1,1,0,-0.0,0.4976,1,1
1166,2009-07-11,-8.58,265.22,2.0,2.0,-0.24,2,-14,1,0,0,-0.0,0.5088,0,0
1166,2009-07-11,8.58,265.22,-2.0,-2.0,0.24,-2,14,0,1,0,0.0,0.4912,1,0
1165,2009-07-11,-31.78,271.09,-4.0,-4.0,-2.28,-2,-77,1,1,0,0.0,0.4808,0,0
1165,2009-07-11,31.78,271.09,4.0,4.0,2.28,2,77,1,1,0,-0.0,0.5192,1,0
1164,2009-07-11,-22.03,240.39,-8.0,-1.0,2.81,4,0,1,1,0,-0.0,0.4053,0,1
1167,2009-07-11,-39.14,256.05,-1.0,-2.0,0.42,1,-105,1,1,0,0.0,0.5024,0,1
1164,2009-07-11,22.03,240.39,8.0,1.0,-2.81,-4,0,1,1,0,0.0,0.5947,1,1
1163,2009-07-11,46.55,242.49,1.0,0.0,-3.66,-1,-28,1,1,0,0.0,0.4925,1,0
1160,2009-07-11,-64.98,212.78,-1.0,-2.0,8.51,-2,-91,1,1,0,0.0,0.5,1,1
1162,2009-07-11,-1.78,196.45,-4.0,-3.0,12.29,1,14,1,1,0,-0.0,0.4766,1,1
1160,2009-07-11,64.98,212.78,1.0,2.0,-8.51,2,91,1,1,0,-0.0,0.5,0,1
1159,2009-07-11,-67.95,180.31,-6.0,-2.0,-2.37,-3,98,1,1,1,-0.1753,0.4824,0,1
1159,2009-07-11,67.95,180.31,6.0,2.0,2.37,3,-98,1,1,1,0.1753,0.5176,1,1
1158,2009-07-11,64.74,214.92,-2.0,-0.0,-1.86,10,-42,1,1,1,-0.2564,0.4623,0,0
1158,2009-07-11,-64.74,214.92,2.0,0.0,1.86,-10,42,1,1,1,0.2564,0.5377,1,0
1157,2009-07-11,-101.46,237.25,-0.0,-1.0,-2.92,-9,-21,1,1,0,-0.0,0.4977,0,1
1157,2009-07-11,101.46,237.25,0.0,1.0,2.92,9,21,1,1,0,0.0,0.5023,1,1
1162,2009-07-11,1.78,196.45,4.0,3.0,-12.29,-1,-14,1,1,0,0.0,0.5234,0,1
1177,2009-08-08,-76.38,263.48,1.0,3.0,-4.34,0,-416,1,0,0,0.0,0.4507,0,1
1177,2009-08-08,76.38,263.48,-1.0,-3.0,4.34,0,416,0,1,0,-0.0,0.5493,1,1
1175,2009-08-08,99.46,205.2,6.0,1.0,-0.01,-2,-213,1,1,0,0.0,0.5941,0,1
1175,2009-08-08,-99.46,205.2,-6.0,-1.0,0.01,2,213,1,1,0,-0.0,0.4059,1,1
1174,2009-08-08,-11.6,252.83,4.0,9.0,-3.68,4,-35,1,1,0,-0.0,0.5947,0,0
1174,2009-08-08,11.6,252.83,-4.0,-9.0,3.68,-4,35,1,1,0,0.0,0.4053,1,0
1173,2009-08-08,-37.64,203.72,2.0,3.0,-3.88,0,0,1,1,0,0.0,0.5356,0,1
1172,2009-08-08,68.52,215.08,5.0,6.0,-5.95,1,25,1,1,0,-0.0,0.4779,0,1
1172,2009-08-08,-68.52,215.08,-5.0,-6.0,5.95,-1,-25,1,1,0,0.0,0.5221,1,1
1169,2009-08-08,-151.95,197.43,-0.0,1.0,-3.92,1,112,1,1,0,0.0,0.5106,0,0
1169,2009-08-08,151.95,197.43,0.0,-1.0,3.92,-1,-112,1,1,0,-0.0,0.4894,1,0
1168,2009-08-08,20.29,180.61,4.0,1.0,2.55,-3,77,1,1,1,-0.1039,0.4882,0,0
1168,2009-08-08,-20.29,180.61,-4.0,-1.0,-2.55,3,-77,1,1,1,0.1039,0.5118,1,0
1173,2009-08-08,37.64,203.72,-2.0,-3.0,3.88,0,0,1,1,0,-0.0,0.4644,1,1
1189,2009-08-29,-61.13,252.88,4.0,-0.0,8.33,4,119,1,1,0,0.0,0.4829,0,0
1188,2009-08-29,37.3,271.24,1.0,-0.0,-3.56,1,-25,1,0,0,-0.0,0.596,0,0
1188,2009-08-29,-37.3,271.24,-1.0,0.0,3.56,-1,25,0,1,0,0.0,0.404,1,0
1184,2009-08-29,-39.48,241.91,4.0,1.0,-6.2,7,-17,1,1,0,0.0,0.5911,0,1
1184,2009-08-29,39.48,241.91,-4.0,-1.0,6.2,-7,17,1,1,0,-0.0,0.4089,1,1
1183,2009-08-29,23.11,224.48,-1.0,-2.0,0.19,-6,-77,1,1,0,-0.0,0.5151,0,0
1189,2009-08-29,61.13,252.88,-4.0,0.0,-8.33,-4,-119,1,1,0,-0.0,0.5171,1,0
1182,2009-08-29,20.1,211.89,-2.0,1.0,1.45,-4,0,1,1,0,-0.0,0.5614,0,0
1182,2009-08-29,-20.1,211.89,2.0,-1.0,-1.45,4,0,1,1,0,0.0,0.4386,1,0
1180,2009-08-29,-32.4,210.39,2.0,-0.0,7.03,5,-35,1,1,0,0.0,0.5002,0,1
1180,2009-08-29,32.4,210.39,-2.0,0.0,-7.03,-5,35,1,1,0,-0.0,0.4998,1,1
1179,2009-08-29,89.98,203.7,-2.0,-2.0,12.95,16,42,1,1,0,-0.0,0.5581,0,1
1179,2009-08-29,-89.98,203.7,2.0,2.0,-12.95,-16,-42,1,1,0,0.0,0.4419,1,1
1183,2009-08-29,-23.11,224.48,1.0,2.0,-0.19,6,77,1,1,0,0.0,0.4849,1,0
1197,2009-09-16,-14.0,229.11,2.0,3.0,2.76,-4,-73,1,1,0,-0.0,0.4992,0,1
1197,2009-09-16,14.0,229.11,-2.0,-3.0,-2.76,4,73,1,1,0,0.0,0.5008,1,1
1194,2009-09-16,37.17,271.37,1.0,1.0,-6.2,1,0,1,1,0,0.0,0.5026,0,1
1194,2009-09-16,-37.17,271.37,-1.0,-1.0,6.2,-1,0,1,1,0,-0.0,0.4974,1,1
1193,2009-09-16,0.05,226.72,3.0,3.0,-5.31,-5,17,1,1,0,-0.0,0.5724,0,0
1193,2009-09-16,-0.05,226.72,-3.0,-3.0,5.31,5,-17,1,1,0,0.0,0.4276,1,0
1191,2009-09-16,3.67,215.75,0.0,0.0,4.03,-1,-210,1,1,0,0.0,0.4105,1,1
1190,2009-09-16,-35.09,207.27,-5.0,-3.0,2.05,1,0,1,1,0,-0.0,0.4053,0,0
1190,2009-09-16,35.09,207.27,5.0,3.0,-2.05,-1,0,1,1,0,0.0,0.5947,1,0
1191,2009-09-16,-3.67,215.75,-0.0,-0.0,-4.03,1,210,1,1,0,-0.0,0.5895,0,1
1205,2009-09-19,33.78,253.72,2.0,4.0,1.72,4,-109,1,1,0,-0.0,0.4536,0,1
1212,2009-09-19,-111.09,250.2,0.0,-1.0,-3.24,-2,-53,1,1,0,0.0,0.5955,1,0
1210,2009-09-19,5.45,263.47,-6.0,-3.0,5.0,0,42,1,1,0,-0.0,0.4613,0,1
1210,2009-09-19,-5.45,263.47,6.0,3.0,-5.0,0,-42,1,1,0,0.0,0.5387,1,1
1206,2009-09-19,-42.87,227.04,-4.0,-1.0,3.49,5,28,1,0,0,-0.0,0.4434,0,0
1206,2009-09-19,42.87,227.04,4.0,1.0,-3.49,-5,-28,0,1,0,0.0,0.5566,1,0
1205,2009-09-19,-33.78,253.72,-2.0,-4.0,-1.72,-4,109,1,1,0,0.0,0.5464,1,1
1212,2009-09-19,111.09,250.2,-0.0,1.0,3.24,2,53,1,1,0,-0.0,0.4045,0,0
1204,2009-09-19,40.75,197.85,-3.0,0.0,-9.65,-2,-158,1,1,0,0.0,0.5071,1,1
1203,2009-09-19,-101.81,202.04,-2.0,-1.0,5.57,-9,1281,1,1,0,-0.0,0.4433,0,0
1203,2009-09-19,101.81,202.04,2.0,1.0,-5.57,9,-1281,1,1,0,0.0,0.5567,1,0
1201,2009-09-19,-64.96,250.33,-4.0,-2.0,9.39,2,-112,1,1,0,0.0,0.5376,0,0
1201,2009-09-19,64.96,250.33,4.0,2.0,-9.39,-2,112,1,1,0,-0.0,0.4624,1,0
1200,2009-09-19,93.71,180.33,2.0,1.0,2.49,4,-1589,1,0,0,0.0,0.5284,0,1
1200,2009-09-19,-93.71,180.33,-2.0,-1.0,-2.49,-4,1589,0,1,0,-0.0,0.4716,1,1
1204,2009-09-19,-40.75,197.85,3.0,-0.0,9.65,2,158,1,1,0,-0.0,0.4929,0,1
1221,2009-10-24,8.04,221.69,-0.0,-3.0,-8.92,-7,0,1,1,0,-0.0,0.5005,0,1
1221,2009-10-24,-8.04,221.69,0.0,3.0,8.92,7,0,1,1,0,0.0,0.4995,1,1
1220,2009-10-24,-159.6,215.2,-2.0,-1.0,4.3,-3,-147,1,1,0,-0.0,0.5959,1,1
1219,2009-10-24,38.57,237.3,4.0,5.0,3.42,5,35,1,1,0,0.0,0.5,0,1
1219,2009-10-24,-38.57,237.3,-4.0,-5.0,-3.42,-5,-35,1,1,0,-0.0,0.5,1,1
1218,2009-10-24,-42.97,244.91,2.0,1.0,5.71,3,74,1,1,0,-0.0,0.4799,0,1
1218,2009-10-24,42.97,244.91,-2.0,-1.0,-5.71,-3,-74,1,1,0,0.0,0.5201,1,1
1220,2009-10-24,159.6,215.2,2.0,1.0,-4.3,3,147,1,1,0,0.0,0.4041,0,1
1217,2009-10-24,6.47,233.78,8.0,3.0,-9.82,3,105,1,1,0,0.0,0.5027,1,0
1216,2009-10-24,12.87,186.83,-2.0,-0.0,6.1,0,7,1,1,0,-0.0,0.4922,0,0
1216,2009-10-24,-12.87,186.83,2.0,0.0,-6.1,0,-7,1,1,0,0.0,0.5078,1,0
1215,2009-10-24,-26.79,196.59,1.0,1.0,0.54,0,-49,1,1,0,-0.0,0.4931,0,0
1215,2009-10-24,26.79,196.59,-1.0,-1.0,-0.54,0,49,1,1,0,0.0,0.5069,1,0
1213,2009-10-24,-129.55,229.58,2.0,-0.0,-3.49,-4,35,1,1,1,-0.5714,0.4626,0,0
1213,2009-10-24,129.55,229.58,-2.0,0.0,3.49,4,-35,1,1,1,0.5714,0.5374,1,0
1217,2009-10-24,-6.47,233.78,-8.0,-3.0,9.82,-3,-105,1,1,0,-0.0,0.4973,0,0
1232,2009-11-14,78.01,227.47,-0.0,3.0,-5.66,-2,0,1,1,0,0.0,0.4888,0,1
1232,2009-11-14,-78.01,227.47,0.0,-3.0,5.66,2,0,1,1,0,-0.0,0.5112,1,1
1231,2009-11-14,57.73,264.86,-0.0,-1.0,-1.04,2,-49,1,1,0,0.0,0.4602,0,0
1231,2009-11-14,-57.73,264.86,0.0,1.0,1.04,-2,49,1,1,0,-0.0,0.5398,1,0
1230,2009-11-14,-18.02,232.97,-2.0,-3.0,4.03,-3,-28,1,1,0,-0.0,0.49,0,1
1230,2009-11-14,18.02,232.97,2.0,3.0,-4.03,3,28,1,1,0,0.0,0.51,1,1
1229,2009-11-14,-63.38,241.24,-3.0,-1.0,7.6,4,0,1,1,0,0.0,0.4994,0,1
1228,2009-11-14,-55.81,254.43,-0.0,-0.0,3.8,4,-49,1,1,0,-0.0,0.5001,0,0
1228,2009-11-14,55.81,254.43,0.0,0.0,-3.8,-4,49,1,1,0,0.0,0.4999,1,0
1225,2009-11-14,51.13,220.23,3.0,1.0,2.91,7,0,1,1,0,-0.0,0.5155,0,1
1225,2009-11-14,-51.13,220.23,-3.0,-1.0,-2.91,-7,0,1,1,0,0.0,0.4845,1,1
1224,2009-11-14,-44.23,174.98,3.0,2.0,-14.3,-10,0,1,1,0,0.0,0.4807,0,1
1224,2009-11-14,44.23,174.98,-3.0,-2.0,14.3,10,0,1,1,0,-0.0,0.5193,1,1
1229,2009-11-14,63.38,241.24,3.0,1.0,-7.6,-4,0,1,1,0,-0.0,0.5006,1,1
1242,2009-11-21,70.74,254.5,-0.0,2.0,6.61,4,3,1,1,0,0.0,0.4931,0,0
1242,2009-11-21,-70.74,254.5,0.0,-2.0,-6.61,-4,-3,1,1,0,-0.0,0.5069,1,0
1240,2009-11-21,38.23,213.12,-7.0,-4.0,9.63,7,0,1,1,0,0.0,0.4392,0,0
1240,2009-11-21,-38.23,213.12,7.0,4.0,-9.63,-7,0,1,1,0,-0.0,0.5608,1,0
1239,2009-11-21,-20.85,233.71,-3.0,-1.0,4.36,6,1645,0,1,0,0.0,0.4501,0,1
1236,2009-11-21,-42.51,191.78,5.0,4.0,-6.26,-8,-35,1,1,0,-0.0,0.4433,0,1
1236,2009-11-21,42.51,191.78,-5.0,-4.0,6.26,8,35,1,1,0,0.0,0.5567,1,1
1235,2009-11-21,72.8,172.09,-3.0,-0.0,4.14,10,441,1,1,0,-0.0,0.5094,0,1
1235,2009-11-21,-72.8,172.09,3.0,0.0,-4.14,-10,-441,1,1,0,0.0,0.4906,1,1
1239,2009-11-21,20.85,233.71,3.0,1.0,-4.36,-6,-1645,1,0,0,-0.0,0.5499,1,1
1246,2009-12-05,-9.77,226.69,-8.0,-3.0,10.78,5,126,1,1,0,-0.0,0.4043,1,1
1246,2009-12-05,9.77,226.69,8.0,3.0,-10.78,-5,-126,1,1,0,0.0,0.5957,0,1
1253,2009-12-05,125.28,249.43,0.0,-2.0,-7.24,-2,-1401,1,1,0,0.0,0.4048,1,1
1253,2009-12-05,-125.28,249.43,-0.0,2.0,7.24,2,1401,1,1,0,-0.0,0.5952,0,1
1265,2009-12-12,-8.6,249.35,2.0,-0.0,3.98,2,21,1,1,0,-0.0,0.4962,0,1
1265,2009-12-12,8.6,249.35,-2.0,0.0,-3.98,-2,-21,1,1,0,0.0,0.5038,1,1
1260,2009-12-12,-41.24,198.1,-1.0,1.0,-5.56,0,-140,0,0,0,0.0,0.531,1,1
1259,2009-12-12,26.84,243.85,-7.0,-9.0,14.09,1,1358,1,1,0,-0.0,0.4858,0,1
1259,2009-12-12,-26.84,243.85,7.0,9.0,-14.09,-1,-1358,1,1,0,0.0,0.5142,1,1
1258,2009-12-12,-66.18,190.35,-4.0,-3.0,-5.54,-3,49,1,1,0,0.0,0.53,0,0
1260,2009-12-12,41.24,198.1,1.0,-1.0,5.56,0,140,0,0,0,-0.0,0.469,0,1
1257,2009-12-12,-123.77,234.55,-3.0,-4.0,-2.52,-10,-67,1,1,0,0.0,0.4992,0,1
1257,2009-12-12,123.77,234.55,3.0,4.0,2.52,10,67,1,1,0,-0.0,0.5008,1,1
1256,2009-12-12,-41.32,184.95,3.0,1.0,4.02,-4,28,1,1,0,0.0,0.4959,0,0
1256,2009-12-12,41.32,184.95,-3.0,-1.0,-4.02,4,-28,1,1,0,-0.0,0.5041,1,0
1255,2009-12-12,18.59,176.81,2.0,1.0,-3.05,-3,49,1,1,1,0.3167,0.4611,0,0
1255,2009-12-12,-18.59,176.81,-2.0,-1.0,3.05,3,-49,1,1,1,-0.3167,0.5389,1,0
1258,2009-12-12,66.18,190.35,4.0,3.0,5.54,3,-49,1,1,0,-0.0,0.47,1,0
1274,2010-01-02,48.21,270.98,3.0,3.0,9.52,1,0,1,1,0,-0.0,0.5314,0,1
1274,2010-01-02,-48.21,270.98,-3.0,-3.0,-9.52,-1,0,1,1,0,0.0,0.4686,1,1
1273,2010-01-02,-56.82,250.69,5.0,1.0,0.39,2,-18,1,1,0,-0.0,0.4974,0,1
1273,2010-01-02,56.82,250.69,-5.0,-1.0,-0.39,-2,18,1,1,0,0.0,0.5026,1,1
1271,2010-01-02,-119.58,242.72,-1.0,-3.0,1.61,-7,-63,1,1,0,0.0,0.5536,0,0
1271,2010-01-02,119.58,242.72,1.0,3.0,-1.61,7,63,1,1,0,-0.0,0.4464,1,0
1269,2010-01-02,19.0,245.2,1.0,-2.0,-5.07,3,-1342,1,1,0,0.0,0.5735,1,0
1268,2010-01-02,119.53,215.11,1.0,1.0,-0.08,-1,70,1,1,0,-0.0,0.505,0,1
1268,2010-01-02,-119.53,215.11,-1.0,-1.0,0.08,1,-70,1,1,0,0.0,0.495,1,1
1266,2010-01-02,-43.0,204.42,-1.0,2.0,-3.13,-4,-98,1,1,0,-0.0,0.4998,0,1
1266,2010-01-02,43.0,204.42,1.0,-2.0,3.13,4,98,1,1,0,0.0,0.5002,1,1
1269,2010-01-02,-19.0,245.2,-1.0,2.0,5.07,-3,1342,1,1,0,-0.0,0.4265,0,0
1282,2010-01-11,17.18,245.26,-2.0,1.0,0.24,-6,-231,1,1,0,0.0,0.5007,1,1
1282,2010-01-11,-17.18,245.26,2.0,-1.0,-0.24,6,231,1,1,0,-0.0,0.4993,0,1
1279,2010-01-11,58.14,249.62,-2.0,-0.0,3.26,0,154,1,1,0,0.0,0.4501,0,1
1279,2010-01-11,-58.14,249.62,2.0,0.0,-3.26,0,-154,1,1,0,-0.0,0.5499,1,1
1278,2010-01-11,2.89,262.64,1.0,-0.0,-8.82,0,49,1,1,0,0.0,0.5812,0,0
1277,2010-01-11,20.25,262.49,1.0,-1.0,-4.08,0,-21,1,1,0,-0.0,0.4874,0,0
1277,2010-01-11,-20.25,262.49,-1.0,1.0,4.08,0,21,1,1,0,0.0,0.5126,1,0
1276,2010-01-11,43.27,206.77,-6.0,-3.0,5.94,-1,0,1,1,0,0.0,0.4059,1,0
1278,2010-01-11,-2.89,262.64,-1.0,0.0,8.82,0,-49,1,1,0,-0.0,0.4188,1,0
1276,2010-01-11,-43.27,206.77,6.0,3.0,-5.94,1,0,1,1,0,-0.0,0.5941,0,0
1294,2010-02-06,-97.88,245.73,2.0,-0.0,-2.51,-3,119,1,1,0,0.0,0.5002,0,1
1294,2010-02-06,97.88,245.73,-2.0,0.0,2.51,3,-119,1,1,0,-0.0,0.4998,1,1
1292,2010-02-06,-31.29,231.38,3.0,4.0,-3.64,-1,-67,1,1,0,-0.0,0.4395,0,1
1292,2010-02-06,31.29,231.38,-3.0,-4.0,3.64,1,67,1,1,0,0.0,0.5605,1,1
1291,2010-02-06,49.93,201.22,-3.0,-3.0,-2.07,6,119,1,1,0,0.0,0.585,1,0
1290,2010-02-06,59.27,228.54,-2.0,0.0,3.65,2,-98,1,1,0,-0.0,0.5557,1,0
1291,2010-02-06,-49.93,201.22,3.0,3.0,2.07,-6,-119,1,1,0,-0.0,0.415,0,0
1289,2010-02-06,-82.0,218.44,-3.0,-2.0,-1.6,-8,-7,1,1,0,0.0,0.5453,1,1
1288,2010-02-06,96.26,205.7,1.0,-1.0,-2.05,4,56,1,1,0,-0.0,0.4376,0,0
1288,2010-02-06,-96.26,205.7,-1.0,1.0,2.05,-4,-56,1,1,0,0.0,0.5624,1,0
1287,2010-02-06,-91.29,172.26,-0.0,-0.0,-1.5,-10,126,1,1,0,-0.0,0.4791,0,1
1287,2010-02-06,91.29,172.26,0.0,0.0,1.5,10,-126,1,1,0,0.0,0.5209,1,1
1289,2010-02-06,82.0,218.44,3.0,2.0,1.6,8,7,1,1,0,-0.0,0.4547,0,1
1290,2010-02-06,-59.27,228.54,2.0,-0.0,-3.65,-2,98,1,1,0,0.0,0.4443,0,0
1303,2010-02-20,-41.8,215.2,2.0,3.0,0.33,6,49,1,1,0,0.0,0.5041,0,0
1303,2010-02-20,41.8,215.2,-2.0,-3.0,-0.33,-6,-49,1,1,0,-0.0,0.4959,1,0
1299,2010-02-20,-150.11,203.23,-1.0,-2.0,2.66,-3,154,1,1,0,0.0,0.4999,1,1
1304,2010-02-20,13.71,218.55,3.0,-2.0,-9.63,-13,-154,1,1,0,-0.0,0.5045,0,1
1302,2010-02-20,-54.65,244.79,2.0,1.0,1.93,-3,994,1,1,0,0.0,0.448,0,0
1304,2010-02-20,-13.71,218.55,-3.0,2.0,9.63,13,154,1,1,0,0.0,0.4955,1,1
1302,2010-02-20,54.65,244.79,-2.0,-1.0,-1.93,3,-994,1,1,0,-0.0,0.552,1,0
1298,2010-02-20,45.24,232.0,0.0,-2.0,-6.15,1,-56,1,1,0,-0.0,0.4956,1,1
1301,2010-02-20,59.31,218.43,-2.0,0.0,-7.6,-8,-56,1,1,0,0.0,0.5913,1,1
1300,2010-02-20,-14.68,210.06,-1.0,-3.0,-4.93,8,28,1,1,0,0.0,0.5307,0,1
1300,2010-02-20,14.68,210.06,1.0,3.0,4.93,-8,-28,1,1,0,-0.0,0.4693,1,1
1299,2010-02-20,150.11,203.23,1.0,2.0,-2.66,3,-154,1,1,0,-0.0,0.5001,0,1
1298,2010-02-20,-45.24,232.0,-0.0,2.0,6.15,-1,56,1,1,0,0.0,0.5044,0,1
1301,2010-02-20,-59.31,218.43,2.0,-0.0,7.6,8,56,1,1,0,-0.0,0.4087,0,1
1311,2010-03-21,30.87,214.29,-1.0,-3.0,0.06,6,-28,1,1,0,0.0,0.5674,1,1
1317,2010-03-21,-25.93,233.28,5.0,4.0,-2.21,3,-35,1,1,0,-0.0,0.5625,0,1
1312,2010-03-21,-34.54,234.05,-3.0,-2.0,9.51,3,0,1,1,0,-0.0,0.4613,1,1
1312,2010-03-21,34.54,234.05,3.0,2.0,-9.51,-3,0,1,1,0,0.0,0.5387,0,1
1311,2010-03-21,-30.87,214.29,1.0,3.0,-0.06,-6,28,1,1,0,-0.0,0.4326,0,1
1317,2010-03-21,25.93,233.28,-5.0,-4.0,2.21,-3,35,1,1,0,0.0,0.4375,1,1
1310,2010-03-21,3.14,199.8,3.0,2.0,2.97,-2,385,0,1,0,-0.0,0.5,0,1
1309,2010-03-21,-24.0,207.71,-5.0,-2.0,1.33,-6,0,1,1,0,-0.0,0.5554,0,1
1309,2010-03-21,24.0,207.71,5.0,2.0,-1.33,6,0,1,1,0,0.0,0.4446,1,1
1308,2010-03-21,-43.81,216.24,-1.0,-2.0,4.7,6,126,1,1,0,-0.0,0.5091,0,1
1308,2010-03-21,43.81,216.24,1.0,2.0,-4.7,-6,-126,1,1,0,0.0,0.4909,1,1
1307,2010-03-21,3.85,211.09,6.0,1.0,-9.77,-7,-21,1,1,0,0.0,0.521,1,1
1307,2010-03-21,-3.85,211.09,-6.0,-1.0,9.77,7,21,1,1,0,-0.0,0.479,0,1
1310,2010-03-21,-3.14,199.8,-3.0,-2.0,-2.97,2,-385,1,0,0,0.0,0.5,1,1
1325,2010-03-27,5.46,236.56,5.0,5.0,-1.91,0,84,1,1,0,-0.0,0.4467,0,1
1324,2010-03-27,55.76,218.99,1.0,-0.0,-4.11,-2,-98,1,0,0,-0.0,0.4779,0,1
1324,2010-03-27,-55.76,218.99,-1.0,0.0,4.11,2,98,0,1,0,0.0,0.5221,1,1
1322,2010-03-27,-62.61,218.62,4.0,-0.0,1.85,0,28,1,1,0,-0.0,0.5154,0,0
1322,2010-03-27,62.61,218.62,-4.0,0.0,-1.85,0,-28,1,1,0,0.0,0.4846,1,0
1321,2010-03-27,84.26,206.52,-3.0,-2.0,5.13,7,-21,1,1,0,0.0,0.5096,1,1
1325,2010-03-27,-5.46,236.56,-5.0,-5.0,1.91,0,-84,1,1,0,0.0,0.5533,1,1
1320,2010-03-27,-33.03,237.72,1.0,2.0,0.37,-8,-105,1,1,0,0.0,0.5411,0,1
1320,2010-03-27,33.03,237.72,-1.0,-2.0,-0.37,8,105,1,1,0,-0.0,0.4589,1,1
1319,2010-03-27,-21.93,210.51,1.0,-1.0,4.38,-12,280,1,1,1,-0.0667,0.4956,1,0
1319,2010-03-27,21.93,210.51,-1.0,1.0,-4.38,12,-280,1,1,1,0.0667,0.5044,0,0
1318,2010-03-27,-78.76,203.21,-2.0,1.0,-0.99,-11,-126,1,1,1,0.35,0.4103,0,1
1318,2010-03-27,78.76,203.21,2.0,-1.0,0.99,11,126,1,1,1,-0.35,0.5897,1,1
1321,2010-03-27,-84.26,206.52,3.0,2.0,-5.13,-7,21,1,1,0,-0.0,0.4904,0,1
1335,2010-03-31,49.14,193.95,1.0,3.0,-8.42,1,28,1,1,0,-0.0,0.5955,1,1
1335,2010-03-31,-49.14,193.95,-1.0,-3.0,8.42,-1,-28,1,1,0,0.0,0.4045,0,1
1334,2010-03-31,45.04,241.08,-2.0,-1.0,-3.04,-4,26,1,1,0,0.0,0.596,1,1
1334,2010-03-31,-45.04,241.08,2.0,1.0,3.04,4,-26,1,1,0,-0.0,0.404,0,1
1332,2010-03-31,4.48,263.74,-2.0,-3.0,-0.21,0,-49,1,1,0,0.0,0.5002,0,1
1332,2010-03-31,-4.48,263.74,2.0,3.0,0.21,0,49,1,1,0,-0.0,0.4998,1,1
1331,2010-03-31,-52.03,236.69,1.0,-2.0,5.7,5,0,1,1,0,-0.0,0.5817,0,1
1330,2010-03-31,-87.81,192.85,1.0,1.0,0.05,2,-38,1,1,0,0.0,0.5,1,0
1330,2010-03-31,87.81,192.85,-1.0,-1.0,-0.05,-2,38,1,1,0,-0.0,0.5,0,0
1329,2010-03-31,18.78,258.86,11.0,11.0,-11.66,3,-7,1,1,0,0.0,0.5423,0,1
1329,2010-03-31,-18.78,258.86,-11.0,-11.0,11.66,-3,7,1,1,0,-0.0,0.4577,1,1
1331,2010-03-31,52.03,236.69,-1.0,2.0,-5.7,-5,0,1,1,0,0.0,0.4183,1,1
1346,2010-04-10,66.61,250.88,-2.0,-3.0,5.09,2,-30,1,1,0,0.0,0.4997,0,1
1346,2010-04-10,-66.61,250.88,2.0,3.0,-5.09,-2,30,1,1,0,-0.0,0.5003,1,1
1345,2010-04-10,-41.33,256.65,-5.0,-5.0,0.34,1,-58,1,1,0,0.0,0.5226,1,0
1345,2010-04-10,41.33,256.65,5.0,5.0,-0.34,-1,58,1,1,0,-0.0,0.4774,0,0
1344,2010-04-10,6.6,279.65,-0.0,-3.0,2.31,0,-84,1,1,0,0.0,0.555,1,1
1344,2010-04-10,-6.6,279.65,0.0,3.0,-2.31,0,84,1,1,0,-0.0,0.445,0,1
1343,2010-04-10,-20.33,223.51,-8.0,-6.0,4.76,-6,-42,1,1,0,-0.0,0.4623,1,1
1342,2010-04-10,-59.16,223.73,-3.0,-5.0,1.21,-3,-58,1,1,0,0.0,0.5579,1,0
1342,2010-04-10,59.16,223.73,3.0,5.0,-1.21,3,58,1,1,0,-0.0,0.4421,0,0
1340,2010-04-10,-25.48,188.51,-2.0,-3.0,-2.84,-9,7,1,1,1,0.4643,0.5216,1,1
1340,2010-04-10,25.48,188.51,2.0,3.0,2.84,9,-7,1,1,1,-0.4643,0.4784,0,1
1339,2010-04-10,-126.19,203.3,-5.0,-1.0,-2.57,-3,-182,1,1,1,0.0429,0.5093,0,1
1339,2010-04-10,126.19,203.3,5.0,1.0,2.57,3,182,1,1,1,-0.0429,0.4907,1,1
1343,2010-04-10,20.33,223.51,8.0,6.0,-4.76,6,42,1,1,0,0.0,0.5377,0,1
1357,2010-05-08,-75.35,265.06,1.0,3.0,-1.42,2,0,1,1,0,0.0,0.5889,0,1
1356,2010-05-08,39.33,255.99,-3.0,-1.0,0.46,-1,0,1,1,0,-0.0,0.4573,1,0
1356,2010-05-08,-39.33,255.99,3.0,1.0,-0.46,1,0,1,1,0,0.0,0.5427,0,0
1355,2010-05-08,-70.07,193.63,3.0,2.0,-5.88,-4,346,1,1,0,-0.0,0.4968,0,0
1355,2010-05-08,70.07,193.63,-3.0,-2.0,5.88,4,-346,1,1,0,0.0,0.5032,1,0
1354,2010-05-08,-118.27,234.14,1.0,-0.0,5.6,3,632,1,1,0,-0.0,0.509,1,0
1357,2010-05-08,75.35,265.06,-1.0,-3.0,1.42,-2,0,1,1,0,-0.0,0.4111,1,1
1353,2010-05-08,40.88,196.83,-0.0,3.0,-4.15,1,-413,1,1,0,-0.0,0.5368,1,1
1353,2010-05-08,-40.88,196.83,0.0,-3.0,4.15,-1,413,1,1,0,0.0,0.4632,0,1
1351,2010-05-08,-8.64,203.18,1.0,-0.0,-2.09,0,108,1,1,0,-0.0,0.4997,1,1
1351,2010-05-08,8.64,203.18,-1.0,0.0,2.09,0,-108,1,1,0,0.0,0.5003,0,1
1349,2010-05-08,-170.99,221.0,2.0,-0.0,-3.49,-4,0,1,1,1,-0.375,0.4626,1,0
1349,2010-05-08,170.99,221.0,-2.0,0.0,3.49,4,0,1,1,1,0.375,0.5374,0,0
1354,2010-05-08,118.27,234.14,-1.0,0.0,-5.6,-3,-632,1,1,0,0.0,0.491,0,0
1365,2010-05-29,25.69,243.4,1.0,4.0,-1.22,0,184,1,1,0,-0.0,0.5155,1,0
1365,2010-05-29,-25.69,243.4,-1.0,-4.0,1.22,0,-184,1,1,0,0.0,0.4845,0,0
1364,2010-05-29,-40.21,214.08,3.0,3.0,-5.56,-10,28,1,1,0,0.0,0.5005,1,0
1364,2010-05-29,40.21,214.08,-3.0,-3.0,5.56,10,-28,1,1,0,-0.0,0.4995,0,0
1363,2010-05-29,-12.55,257.86,4.0,3.0,-0.91,-3,120,1,1,0,-0.0,0.5,1,0
1363,2010-05-29,12.55,257.86,-4.0,-3.0,0.91,3,-120,1,1,0,0.0,0.5,0,0
1362,2010-05-29,0.37,279.54,-5.0,-2.0,9.23,0,0,1,1,0,0.0,0.5,1,1
1361,2010-05-29,-68.88,208.78,-1.0,-0.0,-2.34,-6,14,1,1,0,0.0,0.5137,0,1
1361,2010-05-29,68.88,208.78,1.0,0.0,2.34,6,-14,1,1,0,-0.0,0.4863,1,1
1360,2010-05-29,44.14,202.22,2.0,-1.0,-1.26,5,-301,1,1,0,0.0,0.5003,1,1
1360,2010-05-29,-44.14,202.22,-2.0,1.0,1.26,-5,301,1,1,0,-0.0,0.4997,0,1
1362,2010-05-29,-0.37,279.54,5.0,2.0,-9.23,0,0,1,1,0,-0.0,0.5,0,1
1375,2010-06-12,28.5,271.85,1.0,-2.0,-5.24,-1,-117,1,1,0,-0.0,0.5943,0,1
1377,2010-06-12,43.23,210.98,-2.0,2.0,-3.71,2,56,1,1,0,-0.0,0.5082,1,1
1377,2010-06-12,-43.23,210.98,2.0,-2.0,3.71,-2,-56,1,1,0,0.0,0.4918,0,1
1376,2010-06-12,-8.28,223.04,2.0,4.0,2.34,-6,-114,1,1,0,-0.0,0.4999,1,0
1376,2010-06-12,8.28,223.04,-2.0,-4.0,-2.34,6,114,1,1,0,0.0,0.5001,0,0
1375,2010-06-12,-28.5,271.85,-1.0,2.0,5.24,1,117,1,1,0,0.0,0.4057,1,1
1372,2010-06-12,-22.33,233.76,-1.0,3.0,4.82,3,-119,1,1,0,0.0,0.5377,1,0
1373,2010-06-12,8.54,218.98,2.0,-1.0,1.22,-5,-35,1,1,0,0.0,0.5521,0,1
1372,2010-06-12,22.33,233.76,1.0,-3.0,-4.82,-3,119,1,1,0,-0.0,0.4623,0,0
1373,2010-06-12,-8.54,218.98,-2.0,1.0,-1.22,5,35,1,1,0,-0.0,0.4479,1,1
1371,2010-06-12,2.73,163.64,-0.0,-1.0,-4.8,-6,-154,1,1,0,-0.0,0.5377,1,0
1371,2010-06-12,-2.73,163.64,0.0,1.0,4.8,6,154,1,1,0,0.0,0.4623,0,0
1385,2010-06-19,-67.77,193.3,2.0,-1.0,-2.68,-4,-158,1,1,0,-0.0,0.5015,1,0
1385,2010-06-19,67.77,193.3,-2.0,1.0,2.68,4,158,1,1,0,0.0,0.4985,0,0
1384,2010-06-19,51.98,212.8,-0.0,1.0,6.0,-11,0,1,1,0,-0.0,0.46,0,0
1383,2010-06-19,89.36,191.34,-0.0,-1.0,-0.93,-3,77,1,1,0,-0.0,0.4998,1,1
1383,2010-06-19,-89.36,191.34,0.0,1.0,0.93,3,-77,1,1,0,0.0,0.5002,0,1
1384,2010-06-19,-51.98,212.8,0.0,-1.0,-6.0,11,0,1,1,0,0.0,0.54,1,0
1395,2010-07-03,-83.25,207.21,2.0,3.0,0.33,6,0,1,1,0,0.0,0.5041,1,0
1401,2010-07-03,3.32,253.82,-3.0,-1.0,4.87,4,883,1,1,0,0.0,0.496,0,0
1396,2010-07-03,-46.29,209.88,-1.0,-2.0,-1.83,5,-35,1,1,0,0.0,0.4905,0,1
1396,2010-07-03,46.29,209.88,1.0,2.0,1.83,-5,35,1,1,0,-0.0,0.5095,1,1
1401,2010-07-03,-3.32,253.82,3.0,1.0,-4.87,-4,-883,1,1,0,-0.0,0.504,1,0
1395,2010-07-03,83.25,207.21,-2.0,-3.0,-0.33,-6,0,1,1,0,-0.0,0.4959,0,0
1393,2010-07-03,-23.13,226.02,2.0,-1.0,4.98,-14,343,1,1,0,0.0,0.46,0,0
1394,2010-07-03,-49.27,194.59,-7.0,-1.0,6.4,10,35,1,1,0,0.0,0.5186,1,1
1393,2010-07-03,23.13,226.02,-2.0,1.0,-4.98,14,-343,1,1,0,-0.0,0.54,1,0
1392,2010-07-03,24.2,236.32,-1.0,-1.0,2.52,0,-259,1,1,1,-0.25,0.4363,0,1
1392,2010-07-03,-24.2,236.32,1.0,1.0,-2.52,0,259,1,1,1,0.25,0.5637,1,1
1394,2010-07-03,49.27,194.59,7.0,1.0,-6.4,-10,-35,1,1,0,-0.0,0.4814,0,1
1407,2010-08-01,-86.17,233.77,1.0,-0.0,4.02,-3,10,1,1,0,0.0,0.5186,1,0
1410,2010-08-01,-4.01,250.26,-1.0,1.0,-2.1,-2,406,1,0,0,-0.0,0.5178,0,0
1410,2010-08-01,4.01,250.26,1.0,-1.0,2.1,2,-406,0,1,0,0.0,0.4822,1,0
1409,2010-08-01,-62.98,231.05,-1.0,-2.0,-0.31,-7,29,1,1,0,0.0,0.538,1,1
1409,2010-08-01,62.98,231.05,1.0,2.0,0.31,7,-29,1,1,0,-0.0,0.462,0,1
1408,2010-08-01,51.0,239.03,1.0,-0.0,-3.55,2,14,1,1,0,0.0,0.5006,1,0
1407,2010-08-01,86.17,233.77,-1.0,0.0,-4.02,3,-10,1,1,0,-0.0,0.4814,0,0
1408,2010-08-01,-51.0,239.03,-1.0,0.0,3.55,-2,-14,1,1,0,-0.0,0.4994,0,0
1406,2010-08-01,115.93,236.1,-2.0,-1.0,-5.58,9,-73,1,1,0,0.0,0.5952,0,0
1405,2010-08-01,-119.65,250.8,-1.0,2.0,-2.08,-2,78,1,1,0,-0.0,0.4996,1,1
1405,2010-08-01,119.65,250.8,1.0,-2.0,2.08,2,-78,1,1,0,0.0,0.5004,0,1
1404,2010-08-01,70.3,214.56,4.0,2.0,-3.44,6,10,1,1,0,0.0,0.5002,1,0
1404,2010-08-01,-70.3,214.56,-4.0,-2.0,3.44,-6,-10,1,1,0,-0.0,0.4998,0,0
1403,2010-08-01,-12.63,217.47,-10.0,-4.0,16.54,2,0,1,1,0,0.0,0.4044,0,1
1403,2010-08-01,12.63,217.47,10.0,4.0,-16.54,-2,0,1,1,0,-0.0,0.5956,1,1
1406,2010-08-01,-115.93,236.1,2.0,1.0,5.58,-9,73,1,1,0,-0.0,0.4048,1,0
1423,2010-08-07,-146.26,223.0,-5.0,-5.0,7.36,-1,112,1,1,0,0.0,0.5091,1,1
1423,2010-08-07,146.26,223.0,5.0,5.0,-7.36,1,-112,1,1,0,-0.0,0.4909,0,1
1420,2010-08-07,-65.6,264.89,1.0,1.0,2.59,-2,38,1,1,0,0.0,0.5001,0,0
1420,2010-08-07,65.6,264.89,-1.0,-1.0,-2.59,2,-38,1,1,0,-0.0,0.4999,1,0
1418,2010-08-07,-18.26,220.63,5.0,4.0,-1.67,4,98,1,1,0,-0.0,0.4327,0,0
1417,2010-08-07,59.0,245.32,4.0,4.0,-7.61,3,10,1,1,0,-0.0,0.5001,1,1
1417,2010-08-07,-59.0,245.32,-4.0,-4.0,7.61,-3,-10,1,1,0,0.0,0.4999,0,1
1418,2010-08-07,18.26,220.63,-5.0,-4.0,1.67,-4,-98,1,1,0,0.0,0.5673,1,0
1416,2010-08-07,117.17,180.4,-1.0,-3.0,3.13,14,-14,1,1,0,-0.0,0.4982,1,0
1415,2010-08-07,-4.32,207.26,-0.0,1.0,-2.88,-6,-20,1,1,0,0.0,0.5005,0,0
1415,2010-08-07,4.32,207.26,0.0,-1.0,2.88,6,20,1,1,0,-0.0,0.4995,1,0
1414,2010-08-07,-65.78,181.8,-4.0,-3.0,-5.6,-1,259,1,1,0,-0.0,0.4776,0,1
1414,2010-08-07,65.78,181.8,4.0,3.0,5.6,1,-259,1,1,0,0.0,0.5224,1,1
1413,2010-08-07,-196.23,201.96,-4.0,-1.0,-1.97,-4,63,1,1,1,0.3896,0.5096,0,1
1413,2010-08-07,196.23,201.96,4.0,1.0,1.97,4,-63,1,1,1,-0.3896,0.4904,1,1
1416,2010-08-07,-117.17,180.4,1.0,3.0,-3.13,-14,14,1,1,0,0.0,0.5018,0,0
1430,2010-08-28,75.19,248.68,-5.0,-3.0,-2.76,0,0,1,1,0,0.0,0.5961,1,1
1430,2010-08-28,-75.19,248.68,5.0,3.0,2.76,0,0,1,1,0,-0.0,0.4039,0,1
1428,2010-08-28,8.07,185.48,-6.0,-2.0,11.64,3,-42,1,1,0,-0.0,0.4325,0,1
1428,2010-08-28,-8.07,185.48,6.0,2.0,-11.64,-3,42,1,1,0,0.0,0.5675,1,1
1427,2010-08-28,16.17,188.99,-4.0,-1.0,-2.95,-6,79,1,1,0,0.0,0.4487,1,0
1424,2010-08-28,-15.77,183.29,2.0,3.0,2.84,9,0,1,1,1,-0.4559,0.4784,0,1
1424,2010-08-28,15.77,183.29,-2.0,-3.0,-2.84,-9,0,1,1,1,0.4559,0.5216,1,1
1427,2010-08-28,-16.17,188.99,4.0,1.0,2.95,6,-79,1,1,0,-0.0,0.5513,0,0
1443,2010-09-15,-16.94,233.2,-0.0,-0.0,8.53,3,-133,1,1,0,0.0,0.4277,0,1
1443,2010-09-15,16.94,233.2,0.0,0.0,-8.53,-3,133,1,1,0,-0.0,0.5723,1,1
1440,2010-09-15,-72.12,253.45,2.0,-0.0,0.32,-4,-98,1,1,0,-0.0,0.4434,1,1
1440,2010-09-15,72.12,253.45,-2.0,0.0,-0.32,4,98,1,1,0,0.0,0.5566,0,1
1439,2010-09-15,1.57,263.47,4.0,1.0,-0.04,0,154,1,1,0,0.0,0.5003,1,1
1439,2010-09-15,-1.57,263.47,-4.0,-1.0,0.04,0,-154,1,1,0,-0.0,0.4997,0,1
1437,2010-09-15,36.53,229.94,-4.0,-5.0,-0.42,-4,-88,1,1,0,0.0,0.4886,0,1
1436,2010-09-15,-71.9,197.81,-0.0,2.0,-0.1,4,-4,1,1,0,-0.0,0.5151,0,1
1436,2010-09-15,71.9,197.81,0.0,-2.0,0.1,-4,4,1,1,0,0.0,0.4849,1,1
1435,2010-09-15,-23.56,258.91,3.0,1.0,-3.75,-3,-64,1,1,0,-0.0,0.4443,1,1
1435,2010-09-15,23.56,258.91,-3.0,-1.0,3.75,3,64,1,1,0,0.0,0.5557,0,1
1434,2010-09-15,-26.09,206.01,-3.0,-4.0,-0.85,-6,-49,1,1,0,-0.0,0.4997,0,1
1434,2010-09-15,26.09,206.01,3.0,4.0,0.85,6,49,1,1,0,0.0,0.5003,1,1
1437,2010-09-15,-36.53,229.94,4.0,5.0,0.42,4,88,1,1,0,-0.0,0.5114,1,1
1450,2010-09-25,-8.28,263.51,-7.0,-2.0,-3.4,0,0,1,1,0,0.0,0.5,0,0
1450,2010-09-25,8.28,263.51,7.0,2.0,3.4,0,0,1,1,0,-0.0,0.5,1,0
1449,2010-09-25,100.55,215.97,1.0,2.0,-5.83,-1,77,1,1,0,0.0,0.4997,1,1
1448,2010-09-25,-20.62,191.96,-0.0,-0.0,-3.15,-2,21,1,1,0,0.0,0.5,0,1
1448,2010-09-25,20.62,191.96,0.0,0.0,3.15,2,-21,1,1,0,-0.0,0.5,1,1
1447,2010-09-25,44.09,210.55,3.0,4.0,-8.37,-7,-385,1,1,0,-0.0,0.4996,0,0
1449,2010-09-25,-100.55,215.97,-1.0,-2.0,5.83,1,-77,1,1,0,-0.0,0.5003,0,1
1446,2010-09-25,-27.41,173.42,-0.0,5.0,-0.21,4,-147,1,1,0,-0.0,0.5042,1,1
1446,2010-09-25,27.41,173.42,0.0,-5.0,0.21,-4,147,1,1,0,0.0,0.4958,0,1
1445,2010-09-25,37.46,249.28,-1.0,-0.0,-7.01,2,98,1,1,0,-0.0,0.5914,1,0
1445,2010-09-25,-37.46,249.28,1.0,0.0,7.01,-2,-98,1,1,0,0.0,0.4086,0,0
1444,2010-09-25,-72.67,190.04,-6.0,-1.0,4.7,-9,-77,1,1,0,0.0,0.55,0,1
1444,2010-09-25,72.67,190.04,6.0,1.0,-4.7,9,77,1,1,0,-0.0,0.45,1,1
1447,2010-09-25,-44.09,210.55,-3.0,-4.0,8.37,7,385,1,1,0,0.0,0.5004,1,0
1460,2010-10-16,-42.5,271.07,-2.0,-1.0,-13.28,1,49,1,1,0,-0.0,0.4798,1,0
1460,2010-10-16,42.5,271.07,2.0,1.0,13.28,-1,-49,1,1,0,0.0,0.5202,0,0
1458,2010-10-16,-24.23,231.53,-3.0,2.0,-7.17,-11,-90,1,1,0,-0.0,0.5399,1,1
1458,2010-10-16,24.23,231.53,3.0,-2.0,7.17,11,90,1,1,0,0.0,0.4601,0,1
1457,2010-10-16,-132.18,236.93,-1.0,-1.0,11.84,0,-14,1,1,0,-0.0,0.529,1,1
1457,2010-10-16,132.18,236.93,1.0,1.0,-11.84,0,14,1,1,0,0.0,0.471,0,1
1456,2010-10-16,77.37,237.74,-1.0,-2.0,1.94,2,77,1,1,0,0.0,0.4999,0,1
1455,2010-10-16,-101.68,222.24,-0.0,-3.0,3.59,-10,-35,1,1,0,0.0,0.4999,0,1
1455,2010-10-16,101.68,222.24,0.0,3.0,-3.59,10,35,1,1,0,-0.0,0.5001,1,1
1456,2010-10-16,-77.37,237.74,1.0,2.0,-1.94,-2,-77,1,1,0,-0.0,0.5001,1,1
1470,2010-10-23,92.12,249.86,-1.0,-2.0,-7.23,-5,-21,1,1,0,0.0,0.568,1,1
1473,2010-10-23,12.08,204.01,-2.0,-3.0,-4.36,2,-175,1,0,0,0.0,0.5002,1,1
1471,2010-10-23,7.31,216.23,-1.0,1.0,-3.21,-6,0,1,1,0,0.0,0.5812,1,0
1471,2010-10-23,-7.31,216.23,1.0,-1.0,3.21,6,0,1,1,0,-0.0,0.4188,0,0
1470,2010-10-23,-92.12,249.86,1.0,2.0,7.23,5,21,1,1,0,-0.0,0.432,0,1
1469,2010-10-23,37.73,218.92,-2.0,-2.0,3.83,8,104,1,1,0,-0.0,0.4895,0,1
1473,2010-10-23,-12.08,204.01,2.0,3.0,4.36,-2,175,0,1,0,-0.0,0.4998,0,1
1468,2010-10-23,-9.95,173.64,2.0,-2.0,-1.7,-12,-210,1,1,0,-0.0,0.4083,1,1
1468,2010-10-23,9.95,173.64,-2.0,2.0,1.7,12,210,1,1,0,0.0,0.5917,0,1
1467,2010-10-23,-42.55,200.75,2.0,1.0,0.93,-9,-14,1,1,0,0.0,0.5922,0,0
1467,2010-10-23,42.55,200.75,-2.0,-1.0,-0.93,9,14,1,1,0,-0.0,0.4078,1,0
1465,2010-10-23,14.39,222.95,-4.0,-2.0,-5.04,1,133,1,1,1,-0.0333,0.4375,1,1
1465,2010-10-23,-14.39,222.95,4.0,2.0,5.04,-1,-133,1,1,1,0.0333,0.5625,0,1
1469,2010-10-23,-37.73,218.92,2.0,2.0,-3.83,-8,-104,1,1,0,0.0,0.5105,1,1
1483,2010-11-13,-27.58,253.71,-3.0,-3.0,-0.87,4,-43,1,1,0,0.0,0.4478,0,0
1483,2010-11-13,27.58,253.71,3.0,3.0,0.87,-4,43,1,1,0,-0.0,0.5522,1,0
1480,2010-11-13,-2.87,237.81,6.0,4.0,-6.41,0,-160,1,1,0,0.0,0.5405,0,1
1480,2010-11-13,2.87,237.81,-6.0,-4.0,6.41,0,160,1,1,0,-0.0,0.4595,1,1
1478,2010-11-13,-120.74,244.63,-0.0,2.0,-6.37,-3,-14,1,1,0,0.0,0.5021,0,0
1477,2010-11-13,-28.3,217.53,3.0,5.0,-2.82,-5,-70,1,1,0,0.0,0.4182,0,1
1477,2010-11-13,28.3,217.53,-3.0,-5.0,2.82,5,70,1,1,0,-0.0,0.5818,1,1
1476,2010-11-13,24.41,185.01,1.0,2.0,-2.25,-1,45,1,1,0,0.0,0.497,1,0
1476,2010-11-13,-24.41,185.01,-1.0,-2.0,2.25,1,-45,1,1,0,-0.0,0.503,0,0
1478,2010-11-13,120.74,244.63,0.0,-2.0,6.37,3,14,1,1,0,-0.0,0.4979,1,0
1491,2010-11-20,-28.99,222.74,-4.0,-3.0,-3.23,-3,-74,1,1,0,-0.0,0.471,1,1
1496,2010-11-20,64.54,212.16,-0.0,2.0,-0.31,-7,-27,1,1,0,0.0,0.5003,1,1
1496,2010-11-20,-64.54,212.16,0.0,-2.0,0.31,7,27,1,1,0,-0.0,0.4997,0,1
1493,2010-11-20,-134.79,203.68,-0.0,-1.0,6.74,-6,-553,1,1,0,-0.0,0.4994,1,1
1493,2010-11-20,134.79,203.68,0.0,1.0,-6.74,6,553,1,1,0,0.0,0.5006,0,1
1492,2010-11-20,-17.23,230.79,-2.0,-0.0,-3.56,1,-43,1,1,0,0.0,0.5,1,1
1492,2010-11-20,17.23,230.79,2.0,0.0,3.56,-1,43,1,1,0,-0.0,0.5,0,1
1491,2010-11-20,28.99,222.74,4.0,3.0,3.23,3,74,1,1,0,0.0,0.529,0,1
1486,2010-11-20,72.5,204.68,1.0,-0.0,0.06,2,21,1,1,0,-0.0,0.5373,0,0
1490,2010-11-20,75.81,212.29,0.0,0.0,6.87,-2,56,1,1,0,0.0,0.5349,1,1
1489,2010-11-20,-66.19,239.11,-5.0,-2.0,3.66,2,0,1,1,0,-0.0,0.405,0,1
1489,2010-11-20,66.19,239.11,5.0,2.0,-3.66,-2,0,1,1,0,0.0,0.595,1,1
1487,2010-11-20,-54.39,158.36,-3.0,-0.0,-5.17,-5,-21,1,1,0,0.0,0.4888,1,0
1487,2010-11-20,54.39,158.36,3.0,0.0,5.17,5,21,1,1,0,-0.0,0.5112,0,0
1486,2010-11-20,-72.5,204.68,-1.0,0.0,-0.06,-2,-21,1,1,0,0.0,0.4627,1,0
1490,2010-11-20,-75.81,212.29,-0.0,-0.0,-6.87,2,-56,1,1,0,-0.0,0.4651,0,1
1500,2010-12-04,-26.98,232.76,2.0,-0.0,-0.96,1,0,1,1,0,0.0,0.5951,1,1
1507,2010-12-04,-60.08,263.55,6.0,3.0,-4.28,0,0,1,1,0,-0.0,0.5003,1,1
1507,2010-12-04,60.08,263.55,-6.0,-3.0,4.28,0,0,1,1,0,0.0,0.4997,0,1
1500,2010-12-04,26.98,232.76,-2.0,0.0,0.96,-1,0,1,1,0,-0.0,0.4049,0,1
1499,2010-12-04,73.01,192.81,-7.0,-5.0,5.02,-2,-56,1,1,0,-0.0,0.5209,1,0
1499,2010-12-04,-73.01,192.81,7.0,5.0,-5.02,2,56,1,1,0,0.0,0.4791,0,0
1498,2010-12-04,-47.26,215.58,-5.0,-4.0,-1.75,-9,-29,1,1,0,-0.0,0.4799,0,1
1498,2010-12-04,47.26,215.58,5.0,4.0,1.75,9,29,1,1,0,0.0,0.5201,1,1
1517,2010-12-11,5.32,212.13,2.0,2.0,7.24,4,49,1,1,0,-0.0,0.5206,1,1
1517,2010-12-11,-5.32,212.13,-2.0,-2.0,-7.24,-4,-49,1,1,0,0.0,0.4794,0,1
1514,2010-12-11,2.28,203.91,1.0,5.0,-4.51,2,-133,1,1,0,-0.0,0.4322,0,1
1514,2010-12-11,-2.28,203.91,-1.0,-5.0,4.51,-2,133,1,1,0,0.0,0.5678,1,1
1513,2010-12-11,94.74,208.43,-1.0,1.0,-3.72,-1,28,1,1,0,0.0,0.4445,1,1
1512,2010-12-11,-39.49,203.49,2.0,-2.0,0.59,-8,6,1,1,0,0.0,0.4631,0,1
1513,2010-12-11,-94.74,208.43,1.0,-1.0,3.72,1,-28,1,1,0,-0.0,0.5555,0,1
1511,2010-12-11,-101.95,193.29,-0.0,1.0,2.45,-6,-112,1,1,0,-0.0,0.4929,1,1
1511,2010-12-11,101.95,193.29,0.0,-1.0,-2.45,6,112,1,1,0,0.0,0.5071,0,1
1510,2010-12-11,-64.82,232.96,3.0,2.0,-6.13,-6,0,1,1,0,-0.0,0.448,0,0
1510,2010-12-11,64.82,232.96,-3.0,-2.0,6.13,6,0,1,1,0,0.0,0.552,1,0
1508,2010-12-11,-104.99,166.91,-3.0,-1.0,3.47,1,-42,1,1,1,-0.0257,0.4772,0,1
1508,2010-12-11,104.99,166.91,3.0,1.0,-3.47,-1,42,1,1,1,0.0257,0.5228,1,1
1512,2010-12-11,39.49,203.49,-2.0,2.0,-0.59,8,-6,1,1,0,-0.0,0.5369,1,1
1523,2011-01-01,41.83,223.23,0.0,0.0,-3.21,10,-6,1,1,0,0.0,0.5951,1,0
1526,2011-01-01,77.67,238.71,2.0,4.0,-11.68,-8,-210,1,1,0,0.0,0.5003,1,1
1526,2011-01-01,-77.67,238.71,-2.0,-4.0,11.68,8,210,1,1,0,-0.0,0.4997,0,1
1524,2011-01-01,66.3,182.76,-1.0,1.0,12.75,4,28,0,1,0,-0.0,0.4977,0,0
1524,2011-01-01,-66.3,182.76,1.0,-1.0,-12.75,-4,-28,1,0,0,0.0,0.5023,1,0
1523,2011-01-01,-41.83,223.23,-0.0,-0.0,3.21,-10,6,1,1,0,-0.0,0.4049,0,0
1522,2011-01-01,14.53,211.86,-0.0,2.0,3.41,-6,91,1,1,0,0.0,0.4993,1,1
1519,2011-01-01,6.96,196.08,-2.0,-3.0,-2.44,0,0,1,1,1,0.0,0.5956,0,1
1521,2011-01-01,42.62,196.06,-4.0,-1.0,-5.09,-5,78,1,1,0,-0.0,0.4617,1,1
1521,2011-01-01,-42.62,196.06,4.0,1.0,5.09,5,-78,1,1,0,0.0,0.5383,0,1
1520,2011-01-01,-52.5,199.2,1.0,2.0,-0.18,-11,-29,1,1,0,0.0,0.4984,1,0
1520,2011-01-01,52.5,199.2,-1.0,-2.0,0.18,11,29,1,1,0,-0.0,0.5016,0,0
1519,2011-01-01,-6.96,196.08,2.0,3.0,2.44,0,0,1,1,1,-0.0,0.4044,1,1
1522,2011-01-01,-14.53,211.86,0.0,-2.0,-3.41,6,-91,1,1,0,-0.0,0.5007,0,1
1533,2011-01-22,35.24,243.04,1.0,2.0,-2.42,-1,-105,1,1,0,0.0,0.5,0,1
1535,2011-01-22,18.58,234.46,1.0,-3.0,11.21,10,80,1,1,0,0.0,0.4887,1,0
1534,2011-01-22,-30.57,201.17,-5.0,-3.0,0.6,1,95,1,1,0,0.0,0.558,1,1
1534,2011-01-22,30.57,201.17,5.0,3.0,-0.6,-1,-95,1,1,0,-0.0,0.442,0,1
1533,2011-01-22,-35.24,243.04,-1.0,-2.0,2.42,1,105,1,1,0,-0.0,0.5,1,1
1535,2011-01-22,-18.58,234.46,-1.0,3.0,-11.21,-10,-80,1,1,0,-0.0,0.5113,0,0
1532,2011-01-22,102.62,256.68,-4.0,-5.0,-0.7,-1,1137,0,0,0,-0.0,0.5376,1,1
1531,2011-01-22,-168.86,244.04,-6.0,1.0,-4.82,1,140,1,1,0,0.0,0.5889,0,0
1531,2011-01-22,168.86,244.04,6.0,-1.0,4.82,-1,-140,1,1,0,-0.0,0.4111,1,0
1530,2011-01-22,28.7,203.97,-1.0,1.0,1.28,-7,0,1,1,0,0.0,0.5948,0,0
1530,2011-01-22,-28.7,203.97,1.0,-1.0,-1.28,7,0,1,1,0,-0.0,0.4052,1,0
1532,2011-01-22,-102.62,256.68,4.0,5.0,0.7,1,-1137,0,0,0,0.0,0.4624,0,1
1543,2011-02-05,25.68,221.07,-10.0,-2.0,4.11,-1,-55,1,1,0,0.0,0.497,0,1
1543,2011-02-05,-25.68,221.07,10.0,2.0,-4.11,1,55,1,1,0,-0.0,0.503,1,1
1542,2011-02-05,55.73,175.43,-1.0,-2.0,4.44,5,-203,1,1,0,-0.0,0.4909,0,0
1542,2011-02-05,-55.73,175.43,1.0,2.0,-4.44,-5,203,1,1,0,0.0,0.5091,1,0
1541,2011-02-05,-185.0,184.92,-3.0,-2.0,-1.97,0,322,1,1,1,-0.0,0.4826,0,1
1541,2011-02-05,185.0,184.92,3.0,2.0,1.97,0,-322,1,1,1,0.0,0.5174,1,1
1558,2011-02-26,-6.98,264.79,-4.0,-3.0,5.3,-2,238,1,1,0,-0.0,0.4897,0,1
1558,2011-02-26,6.98,264.79,4.0,3.0,-5.3,2,-238,1,1,0,0.0,0.5103,1,1
1557,2011-02-26,-3.71,205.7,-1.0,-1.0,8.38,10,-31,1,1,0,-0.0,0.5708,0,0
1557,2011-02-26,3.71,205.7,1.0,1.0,-8.38,-10,31,1,1,0,0.0,0.4292,1,0
1556,2011-02-26,-2.88,263.33,-1.0,1.0,-6.67,0,21,1,1,0,0.0,0.5034,0,0
1556,2011-02-26,2.88,263.33,1.0,-1.0,6.67,0,-21,1,1,0,-0.0,0.4966,1,0
1554,2011-02-26,132.07,201.07,1.0,4.0,1.51,-3,-7,1,1,0,-0.0,0.4749,0,1
1553,2011-02-26,-69.03,181.9,-2.0,-0.0,7.0,-1,199,1,1,0,-0.0,0.4999,0,1
1553,2011-02-26,69.03,181.9,2.0,0.0,-7.0,1,-199,1,1,0,0.0,0.5001,1,1
1552,2011-02-26,67.66,168.03,4.0,3.0,0.8,-5,105,1,1,0,0.0,0.5215,1,1
1552,2011-02-26,-67.66,168.03,-4.0,-3.0,-0.8,5,-105,1,1,0,-0.0,0.4785,0,1
1554,2011-02-26,-132.07,201.07,-1.0,-4.0,-1.51,3,7,1,1,0,0.0,0.5251,1,1
1573,2011-03-03,9.38,232.79,-7.0,-5.0,1.58,3,80,1,1,0,-0.0,0.497,1,1
1573,2011-03-03,-9.38,232.79,7.0,5.0,-1.58,-3,-80,1,1,0,0.0,0.503,0,1
1572,2011-03-03,-27.72,249.28,-0.0,-0.0,-3.85,-5,21,1,1,0,0.0,0.4995,1,0
1572,2011-03-03,27.72,249.28,0.0,0.0,3.85,5,-21,1,1,0,-0.0,0.5005,0,0
1568,2011-03-03,36.8,255.74,6.0,4.0,13.17,-1,-395,1,1,0,-0.0,0.4939,1,0
1568,2011-03-03,-36.8,255.74,-6.0,-4.0,-13.17,1,395,1,1,0,0.0,0.5061,0,0
1565,2011-03-03,-4.29,214.41,5.0,2.0,-5.5,1,56,1,1,0,-0.0,0.5939,0,1
1564,2011-03-03,-40.99,180.71,-0.0,2.0,-0.29,-4,0,1,1,0,-0.0,0.5175,0,0
1564,2011-03-03,40.99,180.71,0.0,-2.0,0.29,4,0,1,1,0,0.0,0.4825,1,0
1565,2011-03-03,4.29,214.41,-5.0,-2.0,5.5,-1,-56,1,1,0,0.0,0.4061,1,1
1580,2011-03-19,59.3,228.3,-0.0,-0.0,0.8,-2,69,1,1,0,0.0,0.5387,0,0
1583,2011-03-19,28.25,183.89,-1.0,-2.0,4.42,-1,74,1,1,0,-0.0,0.4589,0,0
1582,2011-03-19,-21.18,209.81,-0.0,-0.0,1.2,-5,56,1,1,0,-0.0,0.461,1,1
1583,2011-03-19,-28.25,183.89,1.0,2.0,-4.42,1,-74,1,1,0,0.0,0.5411,1,0
1580,2011-03-19,-59.3,228.3,0.0,0.0,-0.8,2,-69,1,1,0,-0.0,0.4613,1,0
1582,2011-03-19,21.18,209.81,0.0,0.0,-1.2,5,-56,1,1,0,0.0,0.539,0,1
1579,2011-03-19,-42.21,220.07,-5.0,-2.0,8.52,4,28,1,1,0,-0.0,0.5516,0,0
1575,2011-03-19,-66.3,218.56,-8.0,-3.0,5.65,-2,273,1,1,1,-0.0857,0.4043,0,1
1575,2011-03-19,66.3,218.56,8.0,3.0,-5.65,2,-273,1,1,1,0.0857,0.5957,1,1
1579,2011-03-19,42.21,220.07,5.0,2.0,-8.52,-4,-28,1,1,0,0.0,0.4484,1,0
1578,2011-03-19,64.69,191.11,-0.0,-1.0,2.2,5,28,1,1,0,-0.0,0.4898,1,1
1578,2011-03-19,-64.69,191.11,0.0,1.0,-2.2,-5,-28,1,1,0,0.0,0.5102,0,1
1596,2011-03-26,-56.83,253.87,6.0,2.0,-4.62,-4,80,1,1,0,0.0,0.4981,0,0
1596,2011-03-26,56.83,253.87,-6.0,-2.0,4.62,4,-80,1,1,0,-0.0,0.5019,1,0
1591,2011-03-26,-25.99,251.8,1.0,1.0,3.42,-2,147,1,1,0,-0.0,0.5,1,1
1589,2011-03-26,30.51,223.09,-0.0,-3.0,1.83,1,70,1,1,0,0.0,0.5543,1,1
1591,2011-03-26,25.99,251.8,-1.0,-1.0,-3.42,2,-147,1,1,0,0.0,0.5,0,1
1588,2011-03-26,41.14,210.29,-4.0,-2.0,1.8,-2,-329,1,1,0,0.0,0.5001,0,1
1588,2011-03-26,-41.14,210.29,4.0,2.0,-1.8,2,329,1,1,0,-0.0,0.4999,1,1
1587,2011-03-26,-67.38,243.36,-4.0,-0.0,8.31,-1,56,1,1,0,0.0,0.4049,0,0
1587,2011-03-26,67.38,243.36,4.0,0.0,-8.31,1,-56,1,1,0,-0.0,0.5951,1,0
1589,2011-03-26,-30.51,223.09,0.0,3.0,-1.83,-1,-70,1,1,0,-0.0,0.4457,0,1
1608,2011-04-30,-66.73,199.45,-4.0,-2.0,-2.3,-4,-168,1,1,0,-0.0,0.5016,0,1
1608,2011-04-30,66.73,199.45,4.0,2.0,2.3,4,168,1,1,0,0.0,0.4984,1,1
1605,2011-04-30,-17.54,259.13,5.0,3.0,9.05,-3,56,1,1,0,0.0,0.5005,0,0
1605,2011-04-30,17.54,259.13,-5.0,-3.0,-9.05,3,-56,1,1,0,-0.0,0.4995,1,0
1604,2011-04-30,-93.67,222.58,-0.0,-0.0,-4.27,-10,203,1,1,0,-0.0,0.4998,1,0
1604,2011-04-30,93.67,222.58,0.0,0.0,4.27,10,-203,1,1,0,0.0,0.5002,0,0
1602,2011-04-30,49.34,212.08,3.0,1.0,4.5,4,-168,1,1,0,-0.0,0.4999,1,1
1601,2011-04-30,3.14,172.75,1.0,-0.0,14.94,13,84,1,1,0,-0.0,0.5201,0,0
1601,2011-04-30,-3.14,172.75,-1.0,0.0,-14.94,-13,-84,1,1,0,0.0,0.4799,1,0
1599,2011-04-30,-198.65,222.23,-4.0,1.0,2.36,-16,49,1,1,1,0.5294,0.4102,0,1
1599,2011-04-30,198.65,222.23,4.0,-1.0,-2.36,16,-49,1,1,1,-0.5294,0.5898,1,1
1602,2011-04-30,-49.34,212.08,-3.0,-1.0,-4.5,-4,168,1,1,0,0.0,0.5001,0,1
1619,2011-05-28,6.12,280.0,6.0,6.0,-9.64,0,-63,1,1,0,0.0,0.5126,1,0
1618,2011-05-28,-106.09,213.22,-0.0,-2.0,1.69,-10,353,1,1,0,0.0,0.4047,0,0
1618,2011-05-28,106.09,213.22,0.0,2.0,-1.69,10,-353,1,1,0,-0.0,0.5953,1,0
1617,2011-05-28,-27.16,200.83,-5.0,-6.0,1.79,-6,14,0,1,0,-0.0,0.4623,1,1
1617,2011-05-28,27.16,200.83,5.0,6.0,-1.79,6,-14,1,0,0,0.0,0.5377,0,1
1615,2011-05-28,-94.87,233.65,1.0,-0.0,-0.04,-3,1480,1,1,0,-0.0,0.4638,0,1
1615,2011-05-28,94.87,233.65,-1.0,0.0,0.04,3,-1480,1,1,0,0.0,0.5362,1,1
1613,2011-05-28,5.67,236.63,-5.0,-5.0,5.59,-5,56,1,1,0,0.0,0.5162,1,1
1614,2011-05-28,-0.99,196.11,-1.0,0.0,0.9,8,-7,1,1,0,-0.0,0.4782,0,0
1613,2011-05-28,-5.67,236.63,5.0,5.0,-5.59,5,-56,1,1,0,-0.0,0.4838,0,1
1612,2011-05-28,-61.59,207.5,-6.0,-3.0,2.92,-14,49,1,1,0,0.0,0.4959,0,0
1612,2011-05-28,61.59,207.5,6.0,3.0,-2.92,14,-49,1,1,0,-0.0,0.5041,1,0
1611,2011-05-28,15.21,195.56,3.0,-0.0,1.71,3,28,1,1,0,-0.0,0.5,0,1
1611,2011-05-28,-15.21,195.56,-3.0,0.0,-1.71,-3,-28,1,1,0,0.0,0.5,1,1
1619,2011-05-28,-6.12,280.0,-6.0,-6.0,9.64,0,63,1,1,0,-0.0,0.4874,0,0
1614,2011-05-28,0.99,196.11,1.0,-0.0,-0.9,-8,7,1,1,0,0.0,0.5218,1,0
1624,2011-06-04,21.54,258.51,4.0,3.0,-2.01,3,-112,1,1,0,0.0,0.5003,1,1
1624,2011-06-04,-21.54,258.51,-4.0,-3.0,2.01,-3,112,1,1,0,-0.0,0.4997,0,1
1623,2011-06-04,88.22,217.42,-2.0,2.0,3.23,-5,-18,1,1,0,-0.0,0.5058,0,1
1623,2011-06-04,-88.22,217.42,2.0,-2.0,-3.23,5,18,1,1,0,0.0,0.4942,1,1
1643,2011-06-11,98.06,256.56,3.0,4.0,-8.41,-1,188,0,1,0,-0.0,0.5958,1,1
1639,2011-06-11,97.99,229.25,4.0,-1.0,5.25,4,-104,1,0,0,0.0,0.4989,1,0
1639,2011-06-11,-97.99,229.25,-4.0,1.0,-5.25,-4,104,0,1,0,-0.0,0.5011,0,0
1637,2011-06-11,-61.25,187.82,-3.0,-0.0,-7.56,-2,91,1,1,0,0.0,0.4608,1,0
1637,2011-06-11,61.25,187.82,3.0,0.0,7.56,2,-91,1,1,0,-0.0,0.5392,0,0
1643,2011-06-11,-98.06,256.56,-3.0,-4.0,8.41,1,-188,1,0,0,0.0,0.4042,0,1
1634,2011-06-11,-41.1,200.41,-1.0,-1.0,-0.26,-3,-89,1,1,0,0.0,0.4055,1,0
1633,2011-06-11,-85.39,225.59,-7.0,-4.0,-6.51,-14,-126,1,0,0,0.0,0.4483,0,0
1633,2011-06-11,85.39,225.59,7.0,4.0,6.51,14,126,0,1,0,-0.0,0.5517,1,0
1632,2011-06-11,67.13,222.27,-3.0,2.0,-9.07,1,-35,1,1,0,0.0,0.4997,1,1
1632,2011-06-11,-67.13,222.27,3.0,-2.0,9.07,-1,35,1,1,0,-0.0,0.5003,0,1
1634,2011-06-11,41.1,200.41,1.0,1.0,0.26,3,89,1,1,0,-0.0,0.5945,0,0
1652,2011-06-26,-109.52,233.15,6.0,2.0,-5.18,-3,105,1,1,0,-0.0,0.4329,1,1
1652,2011-06-26,109.52,233.15,-6.0,-2.0,5.18,3,-105,1,1,0,0.0,0.5671,0,1
1651,2011-06-26,-9.85,238.51,-2.0,-0.0,3.14,-2,147,0,1,0,0.0,0.4961,1,0
1651,2011-06-26,9.85,238.51,2.0,0.0,-3.14,2,-147,1,0,0,-0.0,0.5039,0,0
1648,2011-06-26,-77.44,205.17,-1.0,-1.0,2.95,-7,658,0,0,0,-0.0,0.4999,0,1
1648,2011-06-26,77.44,205.17,1.0,1.0,-2.95,7,-658,0,0,0,0.0,0.5001,1,1
1645,2011-06-26,119.93,229.73,1.0,-1.0,-3.55,4,-126,1,1,0,0.0,0.5951,0,0
1646,2011-06-26,-55.95,211.18,3.0,5.0,2.14,2,21,1,1,0,-0.0,0.5375,1,1
1644,2011-06-26,-18.96,202.84,-8.0,-5.0,-4.14,-8,-98,1,1,0,-0.0,0.5,0,1
1644,2011-06-26,18.96,202.84,8.0,5.0,4.14,8,98,1,1,0,0.0,0.5,1,1
1646,2011-06-26,55.95,211.18,-3.0,-5.0,-2.14,-2,-21,1,1,0,0.0,0.4625,0,1
1645,2011-06-26,-119.93,229.73,-1.0,1.0,3.55,-4,126,1,1,0,-0.0,0.4049,1,0
1661,2011-07-02,128.74,210.73,1.0,2.0,7.3,2,-203,1,1,0,-0.0,0.468,0,0
1661,2011-07-02,-128.74,210.73,-1.0,-2.0,-7.3,-2,203,1,1,0,0.0,0.532,1,0
1664,2011-07-02,18.75,253.38,-2.0,-2.0,-1.69,4,126,1,1,0,-0.0,0.4999,0,1
1664,2011-07-02,-18.75,253.38,2.0,2.0,1.69,-4,-126,1,1,0,0.0,0.5001,1,1
1660,2011-07-02,-43.14,228.26,1.0,1.0,3.71,-12,-40,1,1,0,-0.0,0.5001,0,1
1663,2011-07-02,-13.28,239.85,-1.0,-1.0,13.42,4,-84,1,1,0,-0.0,0.4999,1,1
1660,2011-07-02,43.14,228.26,-1.0,-1.0,-3.71,12,40,1,1,0,0.0,0.4999,1,1
1663,2011-07-02,13.28,239.85,1.0,1.0,-13.42,-4,84,1,1,0,0.0,0.5001,0,1
1659,2011-07-02,-66.14,232.1,-1.0,0.0,-2.44,-2,77,1,1,0,-0.0,0.4059,1,0
1658,2011-07-02,-6.77,184.57,-0.0,-1.0,-8.37,-17,-105,1,1,0,0.0,0.4995,0,1
1658,2011-07-02,6.77,184.57,0.0,1.0,8.37,17,105,1,1,0,-0.0,0.5005,1,1
1657,2011-07-02,6.57,189.64,-2.0,4.0,-4.68,-1,35,1,1,0,0.0,0.5072,0,1
1657,2011-07-02,-6.57,189.64,2.0,-4.0,4.68,1,-35,1,1,0,-0.0,0.4928,1,1
1656,2011-07-02,53.15,187.1,-1.0,-0.0,-4.05,9,-315,1,1,0,-0.0,0.54,1,0
1656,2011-07-02,-53.15,187.1,1.0,0.0,4.05,-9,315,1,1,0,0.0,0.46,0,0
1659,2011-07-02,66.14,232.1,1.0,-0.0,2.44,2,-77,1,1,0,0.0,0.5941,0,0
1675,2011-08-06,55.13,264.69,-0.0,-0.0,-7.51,-2,49,1,1,0,0.0,0.5,0,1
1675,2011-08-06,-55.13,264.69,0.0,0.0,7.51,2,-49,1,1,0,-0.0,0.5,1,1
1674,2011-08-06,-17.41,224.09,2.0,-1.0,3.03,-1,49,1,1,0,0.0,0.5947,0,0
1674,2011-08-06,17.41,224.09,-2.0,1.0,-3.03,1,-49,1,1,0,-0.0,0.4053,1,0
1672,2011-08-06,1.77,279.91,-1.0,0.0,-0.63,0,-14,1,1,0,0.0,0.4056,1,1
1671,2011-08-06,-56.42,210.48,3.0,4.0,-10.28,-8,91,1,1,0,-0.0,0.5103,1,1
1671,2011-08-06,56.42,210.48,-3.0,-4.0,10.28,8,-91,1,1,0,0.0,0.4897,0,1
1670,2011-08-06,22.91,233.64,-2.0,-0.0,13.84,3,42,1,1,0,-0.0,0.4617,0,1
1672,2011-08-06,-1.77,279.91,1.0,-0.0,0.63,0,14,1,1,0,-0.0,0.5944,0,1
1669,2011-08-06,-88.33,228.98,-0.0,-2.0,-7.75,-12,-21,0,1,0,0.0,0.5,1,1
1669,2011-08-06,88.33,228.98,0.0,2.0,7.75,12,21,1,0,0,-0.0,0.5,0,1
1668,2011-08-06,41.06,245.01,1.0,3.0,-4.99,-6,-98,1,1,0,0.0,0.4046,1,0
1668,2011-08-06,-41.06,245.01,-1.0,-3.0,4.99,6,98,1,1,0,-0.0,0.5954,0,0
1667,2011-08-06,-100.39,212.72,1.0,-2.0,1.68,-10,112,1,1,0,0.0,0.428,0,0
1667,2011-08-06,100.39,212.72,-1.0,2.0,-1.68,10,-112,1,1,0,-0.0,0.572,1,0
1666,2011-08-06,-47.26,165.6,-1.0,3.0,4.67,12,-399,1,1,0,-0.0,0.5916,0,1
1666,2011-08-06,47.26,165.6,1.0,-3.0,-4.67,-12,399,1,1,0,0.0,0.4084,1,1
1670,2011-08-06,-22.91,233.64,2.0,0.0,-13.84,-3,-42,1,1,0,0.0,0.5383,1,1
1682,2011-08-14,96.84,280.0,-4.0,-3.0,-0.1,0,0,1,1,0,0.0,0.5927,1,0
1682,2011-08-14,-96.84,280.0,4.0,3.0,0.1,0,0,1,1,0,-0.0,0.4073,0,0
1687,2011-08-14,12.34,253.01,-0.0,-0.0,1.03,-4,-61,1,1,0,0.0,0.4052,0,0
1683,2011-08-14,103.9,220.58,-1.0,-0.0,0.54,-7,98,1,1,0,-0.0,0.4863,0,0
1687,2011-08-14,-12.34,253.01,0.0,0.0,-1.03,4,61,1,1,0,-0.0,0.5948,1,0
1681,2011-08-14,-87.11,227.01,-1.0,1.0,1.43,-5,169,0,1,0,0.0,0.4061,1,1
1683,2011-08-14,-103.9,220.58,1.0,0.0,-0.54,7,-98,1,1,0,0.0,0.5137,1,0
1681,2011-08-14,87.11,227.01,1.0,-1.0,-1.43,5,-169,1,0,0,-0.0,0.5939,0,1
1679,2011-08-14,27.54,255.54,-1.0,3.0,6.55,-2,15,1,1,0,0.0,0.5473,1,1
1680,2011-08-14,49.07,219.01,5.0,0.0,-2.06,2,-133,1,1,0,0.0,0.5499,0,1
1679,2011-08-14,-27.54,255.54,1.0,-3.0,-6.55,2,-15,1,1,0,-0.0,0.4527,0,1
1678,2011-08-14,-128.17,235.95,-1.0,1.0,-0.21,-9,-42,1,1,0,0.0,0.5149,1,1
1678,2011-08-14,128.17,235.95,1.0,-1.0,0.21,9,42,1,1,0,-0.0,0.4851,0,1
1677,2011-08-14,-41.32,185.69,-6.0,-1.0,7.75,12,28,1,1,0,-0.0,0.5887,1,1
1677,2011-08-14,41.32,185.69,6.0,1.0,-7.75,-12,-28,1,1,0,0.0,0.4113,0,1
1680,2011-08-14,-49.07,219.01,-5.0,-0.0,2.06,-2,133,1,1,0,-0.0,0.4501,1,1
1695,2011-08-27,58.34,203.31,-3.0,-5.0,1.34,-2,16,1,1,0,-0.0,0.4886,1,1
1695,2011-08-27,-58.34,203.31,3.0,5.0,-1.34,2,-16,1,1,0,0.0,0.5114,0,1
1690,2011-08-27,67.64,199.39,1.0,2.0,2.7,7,42,1,1,0,0.0,0.562,0,1
1696,2011-08-27,-93.44,248.64,1.0,1.0,1.26,-5,38,1,1,0,0.0,0.4076,0,1
1694,2011-08-27,48.64,182.19,-2.0,-0.0,8.5,5,5,1,1,0,-0.0,0.4915,0,0
1696,2011-08-27,93.44,248.64,-1.0,-1.0,-1.26,5,-38,1,1,0,-0.0,0.5924,1,1
1694,2011-08-27,-48.64,182.19,2.0,0.0,-8.5,-5,-5,1,1,0,0.0,0.5085,1,0
1689,2011-08-27,124.64,183.72,2.0,0.0,6.27,1,-84,1,1,1,-0.5128,0.551,1,1
1692,2011-08-27,-14.27,225.76,-1.0,-1.0,6.79,0,392,1,1,0,0.0,0.506,1,1
1691,2011-08-27,-23.07,244.63,6.0,3.0,-1.32,-3,-21,1,1,0,-0.0,0.4998,1,1
1691,2011-08-27,23.07,244.63,-6.0,-3.0,1.32,3,21,1,1,0,0.0,0.5002,0,1
1690,2011-08-27,-67.64,199.39,-1.0,-2.0,-2.7,-7,-42,1,1,0,-0.0,0.438,1,1
1689,2011-08-27,-124.64,183.72,-2.0,-0.0,-6.27,-1,84,1,1,1,0.5128,0.449,0,1
1692,2011-08-27,14.27,225.76,1.0,1.0,-6.79,0,-392,1,1,0,-0.0,0.494,0,1
1704,2011-09-17,-42.67,184.72,5.0,1.0,8.89,1,-357,1,1,0,-0.0,0.454,0,1
1704,2011-09-17,42.67,184.72,-5.0,-1.0,-8.89,-1,357,1,1,0,0.0,0.546,1,1
1703,2011-09-17,-6.78,280.1,-3.0,-2.0,-3.14,0,-105,1,0,0,-0.0,0.5481,1,1
1703,2011-09-17,6.78,280.1,3.0,2.0,3.14,0,105,0,1,0,0.0,0.4519,0,1
1702,2011-09-17,-71.24,262.86,-2.0,-1.0,0.01,0,-131,1,1,0,0.0,0.4046,0,0
1702,2011-09-17,71.24,262.86,2.0,1.0,-0.01,0,131,1,1,0,-0.0,0.5954,1,0
1701,2011-09-17,74.47,247.06,-1.0,-3.0,-6.21,3,0,1,1,0,-0.0,0.4996,1,1
1701,2011-09-17,-74.47,247.06,1.0,3.0,6.21,-3,0,1,1,0,0.0,0.5004,0,1
1719,2011-09-24,38.04,237.09,0.0,0.0,1.97,-5,-14,1,1,0,0.0,0.5846,0,0
1719,2011-09-24,-38.04,237.09,-0.0,-0.0,-1.97,5,14,1,1,0,-0.0,0.4154,1,0
1718,2011-09-24,-52.61,246.18,-7.0,-3.0,3.18,6,371,1,0,0,0.0,0.4173,0,0
1718,2011-09-24,52.61,246.18,7.0,3.0,-3.18,-6,-371,0,1,0,-0.0,0.5827,1,0
1717,2011-09-24,-72.15,213.39,-6.0,-5.0,6.57,-10,119,1,1,0,-0.0,0.4054,0,1
1717,2011-09-24,72.15,213.39,6.0,5.0,-6.57,10,-119,1,1,0,0.0,0.5946,1,1
1713,2011-09-24,-10.07,199.04,-11.0,-3.0,9.08,1,-70,1,1,1,0.4167,0.4043,0,1
1715,2011-09-24,12.33,263.53,6.0,6.0,-7.57,0,259,1,1,0,0.0,0.5388,0,1
1714,2011-09-24,-36.88,158.46,-0.0,1.0,-4.13,-6,-21,1,1,0,0.0,0.4826,1,0
1714,2011-09-24,36.88,158.46,0.0,-1.0,4.13,6,21,1,1,0,-0.0,0.5174,0,0
1713,2011-09-24,10.07,199.04,11.0,3.0,-9.08,-1,70,1,1,1,-0.4167,0.5957,1,1
1715,2011-09-24,-12.33,263.53,-6.0,-6.0,7.57,0,-259,1,1,0,-0.0,0.4612,1,1
1730,2011-10-01,-3.99,238.86,-0.0,-0.0,-4.62,4,203,0,1,0,0.0,0.5427,1,1
1730,2011-10-01,3.99,238.86,0.0,0.0,4.62,-4,-203,1,0,0,-0.0,0.4573,0,1
1728,2011-10-01,40.6,272.05,-0.0,2.0,-2.17,-1,253,1,1,0,-0.0,0.4973,1,0
1728,2011-10-01,-40.6,272.05,0.0,-2.0,2.17,1,-253,1,1,0,0.0,0.5027,0,0
1727,2011-10-01,-114.45,208.88,-2.0,-1.0,-5.32,-9,14,1,1,0,0.0,0.4606,0,0
1726,2011-10-01,-52.09,194.72,2.0,-2.0,3.71,-3,203,1,1,0,-0.0,0.4917,0,1
1727,2011-10-01,114.45,208.88,2.0,1.0,5.32,9,-14,1,1,0,-0.0,0.5394,1,0
1725,2011-10-01,11.61,217.71,-8.0,-4.0,3.07,-5,-92,1,1,0,0.0,0.5002,0,1
1725,2011-10-01,-11.61,217.71,8.0,4.0,-3.07,5,92,1,1,0,-0.0,0.4998,1,1
1724,2011-10-01,55.06,210.74,10.0,12.0,-8.62,2,29,1,1,0,-0.0,0.5422,1,1
1724,2011-10-01,-55.06,210.74,-10.0,-12.0,8.62,-2,-29,1,1,0,0.0,0.4578,0,1
1723,2011-10-01,22.79,271.7,-2.0,-5.0,-1.43,1,35,1,1,1,-0.0,0.5956,0,1
1723,2011-10-01,-22.79,271.7,2.0,5.0,1.43,-1,-35,1,1,1,0.0,0.4044,1,1
1726,2011-10-01,52.09,194.72,-2.0,2.0,-3.71,3,-203,1,1,0,0.0,0.5083,1,1
1743,2011-10-08,5.01,236.96,-2.0,-0.0,4.1,0,-100,1,0,0,-0.0,0.5156,1,0
1743,2011-10-08,-5.01,236.96,2.0,0.0,-4.1,0,100,0,1,0,0.0,0.4844,0,0
1742,2011-10-08,-100.65,209.68,3.0,3.0,-3.17,0,468,0,1,0,-0.0,0.5624,0,1
1742,2011-10-08,100.65,209.68,-3.0,-3.0,3.17,0,-468,1,0,0,0.0,0.4376,1,1
1739,2011-10-08,94.13,230.08,-1.0,-1.0,0.68,11,0,1,1,0,-0.0,0.4416,0,1
1739,2011-10-08,-94.13,230.08,1.0,1.0,-0.68,-11,0,1,1,0,0.0,0.5584,1,1
1738,2011-10-08,-173.18,212.08,3.0,-0.0,-2.92,-7,14,1,1,0,-0.0,0.4057,0,0
1737,2011-10-08,-18.69,184.62,-0.0,1.0,-1.15,-4,6,1,1,0,-0.0,0.5052,1,1
1738,2011-10-08,173.18,212.08,-3.0,0.0,2.92,7,-14,1,1,0,0.0,0.5943,1,0
1736,2011-10-08,-79.48,245.51,2.0,-4.0,-3.66,-3,-133,1,1,0,0.0,0.4467,1,1
1736,2011-10-08,79.48,245.51,-2.0,4.0,3.66,3,133,1,1,0,-0.0,0.5533,0,1
1735,2011-10-08,23.71,208.77,1.0,-0.0,-3.48,-1,-294,1,1,0,-0.0,0.4768,0,0
1735,2011-10-08,-23.71,208.77,-1.0,0.0,3.48,1,294,1,1,0,0.0,0.5232,1,0
1734,2011-10-08,67.17,224.43,4.0,3.0,10.29,15,-42,1,1,1,-0.75,0.5517,0,0
1734,2011-10-08,-67.17,224.43,-4.0,-3.0,-10.29,-15,42,1,1,1,0.75,0.4483,1,0
1733,2011-10-08,37.31,190.33,2.0,3.0,2.44,0,0,1,1,1,-0.0,0.4044,0,1
1733,2011-10-08,-37.31,190.33,-2.0,-3.0,-2.44,0,0,1,1,1,0.0,0.5956,1,1
1737,2011-10-08,18.69,184.62,0.0,-1.0,1.15,4,-6,1,1,0,0.0,0.4948,0,1
1751,2011-10-29,26.66,204.67,1.0,1.0,2.74,8,77,1,1,0,-0.0,0.5207,1,1
1749,2011-10-29,20.79,215.5,3.0,7.0,-4.21,-9,-43,1,1,0,-0.0,0.4817,1,1
1749,2011-10-29,-20.79,215.5,-3.0,-7.0,4.21,9,43,1,1,0,0.0,0.5183,0,1
1746,2011-10-29,33.14,216.65,-0.0,-2.0,-1.78,-5,-70,1,1,0,0.0,0.4624,1,0
1744,2011-10-29,86.24,174.5,-6.0,-4.0,4.64,10,-1561,1,1,0,-0.0,0.4901,0,0
1745,2011-10-29,79.54,202.61,-0.0,-1.0,-3.16,-9,0,1,1,0,-0.0,0.5,0,0
1745,2011-10-29,-79.54,202.61,0.0,1.0,3.16,9,0,1,1,0,0.0,0.5,1,0
1744,2011-10-29,-86.24,174.5,6.0,4.0,-4.64,-10,1561,1,1,0,0.0,0.5099,1,0
1751,2011-10-29,-26.66,204.67,-1.0,-1.0,-2.74,-8,-77,1,1,0,0.0,0.4793,0,1
1746,2011-10-29,-33.14,216.65,0.0,2.0,1.78,5,70,1,1,0,-0.0,0.5376,0,0
1758,2011-11-05,-86.98,242.91,-6.0,-3.0,1.0,1,5,1,1,0,-0.0,0.4708,1,0
1758,2011-11-05,86.98,242.91,6.0,3.0,-1.0,-1,-5,1,1,0,0.0,0.5292,0,0
1755,2011-11-05,-51.42,183.02,2.0,-1.0,-2.44,10,-21,1,1,0,-0.0,0.54,0,0
1755,2011-11-05,51.42,183.02,-2.0,1.0,2.44,-10,21,1,1,0,0.0,0.46,1,0
1767,2011-11-12,-1.75,264.05,1.0,4.0,5.34,0,42,1,1,0,-0.0,0.5159,0,0
1767,2011-11-12,1.75,264.05,-1.0,-4.0,-5.34,0,-42,1,1,0,0.0,0.4841,1,0
1766,2011-11-12,16.81,219.12,-0.0,2.0,-1.94,-12,-71,1,1,0,0.0,0.5001,1,0
1765,2011-11-12,-1.91,211.16,0.0,-3.0,1.51,0,231,1,1,1,-0.1429,0.5021,0,1
1765,2011-11-12,1.91,211.16,-0.0,3.0,-1.51,0,-231,1,1,1,0.1429,0.4979,1,1
1766,2011-11-12,-16.81,219.12,0.0,-2.0,1.94,12,71,1,1,0,-0.0,0.4999,0,0
1785,2011-11-19,-13.75,230.55,-0.0,3.0,-0.79,-7,-83,1,1,0,0.0,0.5126,1,1
1785,2011-11-19,13.75,230.55,0.0,-3.0,0.79,7,83,1,1,0,-0.0,0.4874,0,1
1783,2011-11-19,-24.99,191.82,-1.0,-2.0,-1.05,-7,-35,1,1,0,-0.0,0.5002,0,1
1782,2011-11-19,55.85,244.76,4.0,2.0,-1.09,-3,-231,1,1,0,-0.0,0.5044,1,0
1782,2011-11-19,-55.85,244.76,-4.0,-2.0,1.09,3,231,1,1,0,0.0,0.4956,0,0
1780,2011-11-19,-84.51,213.08,-3.0,-3.0,7.92,-1,63,1,1,0,0.0,0.4085,0,1
1783,2011-11-19,24.99,191.82,1.0,2.0,1.05,7,35,1,1,0,0.0,0.4998,1,1
1779,2011-11-19,57.84,203.2,-0.0,-0.0,-4.96,-8,-182,1,1,0,0.0,0.4083,0,1
1779,2011-11-19,-57.84,203.2,0.0,0.0,4.96,8,182,1,1,0,-0.0,0.5917,1,1
1778,2011-11-19,-55.21,194.21,1.0,3.0,2.37,4,115,1,1,0,-0.0,0.4464,1,0
1780,2011-11-19,84.51,213.08,3.0,3.0,-7.92,1,-63,1,1,0,-0.0,0.5915,1,1
1778,2011-11-19,55.21,194.21,-1.0,-3.0,-2.37,-4,-115,1,1,0,0.0,0.5536,0,0
1775,2011-11-19,5.6,212.18,-2.0,-2.0,11.26,0,777,1,1,0,0.0,0.5,1,1
1775,2011-11-19,-5.6,212.18,2.0,2.0,-11.26,0,-777,1,1,0,-0.0,0.5,0,1
1790,2011-12-03,-14.99,219.49,-3.0,-2.0,7.37,12,-7,1,1,0,0.0,0.482,0,0
1790,2011-12-03,14.99,219.49,3.0,2.0,-7.37,-12,7,1,1,0,-0.0,0.518,1,0
1802,2011-12-10,-107.25,215.08,-3.0,-1.0,-1.42,-3,100,1,1,0,0.0,0.4843,1,0
1806,2011-12-10,137.52,207.94,-7.0,-0.0,-2.8,-2,-57,1,1,0,0.0,0.5001,0,1
1806,2011-12-10,-137.52,207.94,7.0,0.0,2.8,2,57,1,1,0,-0.0,0.4999,1,1
1804,2011-12-10,-91.53,234.42,4.0,1.0,9.42,6,-98,1,1,0,-0.0,0.5953,1,1
1804,2011-12-10,91.53,234.42,-4.0,-1.0,-9.42,-6,98,1,1,0,0.0,0.4047,0,1
1803,2011-12-10,2.54,249.54,-2.0,-4.0,2.27,-2,8,1,1,0,0.0,0.5,1,1
1803,2011-12-10,-2.54,249.54,2.0,4.0,-2.27,2,-8,1,1,0,-0.0,0.5,0,1
1802,2011-12-10,107.25,215.08,3.0,1.0,1.42,3,-100,1,1,0,-0.0,0.5157,0,0
1798,2011-12-10,-30.49,190.08,-2.0,-0.0,2.97,-12,-91,1,1,0,0.0,0.5115,0,0
1801,2011-12-10,1.4,259.08,-4.0,1.0,4.65,3,-35,1,1,0,0.0,0.4993,0,1
1799,2011-12-10,-97.68,192.3,1.0,-1.0,-1.36,-21,133,1,1,0,0.0,0.4082,1,0
1799,2011-12-10,97.68,192.3,-1.0,1.0,1.36,21,-133,1,1,0,-0.0,0.5918,0,0
1798,2011-12-10,30.49,190.08,2.0,0.0,-2.97,12,91,1,1,0,-0.0,0.4885,1,0
1797,2011-12-10,-25.98,191.28,-10.0,-3.0,9.14,2,147,1,1,1,0.3232,0.4781,0,0
1797,2011-12-10,25.98,191.28,10.0,3.0,-9.14,-2,-147,1,1,1,-0.3232,0.5219,1,0
1801,2011-12-10,-1.4,259.08,4.0,-1.0,-4.65,-3,35,1,1,0,-0.0,0.5007,1,1
1815,2011-12-30,-43.76,254.83,4.0,4.0,-0.52,-1,140,1,1,0,0.0,0.4996,0,1
1818,2011-12-30,58.43,240.17,-0.0,1.0,-1.56,-4,15,1,1,0,0.0,0.4045,1,1
1818,2011-12-30,-58.43,240.17,0.0,-1.0,1.56,4,-15,1,1,0,-0.0,0.5955,0,1
1817,2011-12-30,-32.67,223.51,-0.0,-0.0,-5.36,-1,333,1,1,0,-0.0,0.4873,0,0
1817,2011-12-30,32.67,223.51,0.0,0.0,5.36,1,-333,1,1,0,0.0,0.5127,1,0
1816,2011-12-30,-99.14,240.12,-0.0,-2.0,5.69,-5,63,1,1,0,-0.0,0.406,0,1
1816,2011-12-30,99.14,240.12,0.0,2.0,-5.69,5,-63,1,1,0,0.0,0.594,1,1
1815,2011-12-30,43.76,254.83,-4.0,-4.0,0.52,1,-140,1,1,0,-0.0,0.5004,1,1
1814,2011-12-30,-63.7,227.48,3.0,1.0,3.26,-2,-28,1,0,0,-0.0,0.5647,0,1
1812,2011-12-30,11.84,209.58,5.0,5.0,-16.03,-5,-98,1,1,0,-0.0,0.5103,1,1
1813,2011-12-30,91.61,264.27,1.0,3.0,-4.24,-2,55,1,1,0,-0.0,0.5955,1,0
1813,2011-12-30,-91.61,264.27,-1.0,-3.0,4.24,2,-55,1,1,0,0.0,0.4045,0,0
1812,2011-12-30,-11.84,209.58,-5.0,-5.0,16.03,5,98,1,1,0,0.0,0.4897,0,1
1811,2011-12-30,-76.72,192.2,-5.0,-3.0,-5.55,-8,-161,1,1,0,-0.0,0.4041,1,0
1811,2011-12-30,76.72,192.2,5.0,3.0,5.55,8,161,1,1,0,0.0,0.5959,0,0
1810,2011-12-30,75.04,205.28,-3.0,1.0,2.05,-10,-35,1,1,0,-0.0,0.4744,0,0
1810,2011-12-30,-75.04,205.28,3.0,-1.0,-2.05,10,35,1,1,0,0.0,0.5256,1,0
1814,2011-12-30,63.7,227.48,-3.0,-1.0,-3.26,2,28,0,1,0,0.0,0.4353,1,1
1826,2012-01-14,-126.44,254.45,-3.0,-3.0,4.63,4,-70,1,1,0,-0.0,0.4613,0,0
1826,2012-01-14,126.44,254.45,3.0,3.0,-4.63,-4,70,1,1,0,0.0,0.5387,1,0
1824,2012-01-14,-17.98,186.71,0.0,-2.0,-0.54,0,-77,1,1,0,-0.0,0.5946,1,1
1823,2012-01-14,-56.83,223.5,-2.0,2.0,0.03,6,-70,1,1,0,-0.0,0.512,0,1
1823,2012-01-14,56.83,223.5,2.0,-2.0,-0.03,-6,70,1,1,0,0.0,0.488,1,1
1824,2012-01-14,17.98,186.71,-0.0,2.0,0.54,0,77,1,1,0,0.0,0.4054,0,1
1821,2012-01-14,138.45,213.85,-2.0,-6.0,2.68,3,42,1,1,0,-0.0,0.4368,1,0
1820,2012-01-14,0.27,183.3,4.0,2.0,-6.93,-4,-56,0,1,0,-0.0,0.428,0,0
1820,2012-01-14,-0.27,183.3,-4.0,-2.0,6.93,4,56,1,0,0,0.0,0.572,1,0
1819,2012-01-14,-53.55,262.83,-4.0,-1.0,1.36,0,63,1,1,1,-0.0,0.4999,0,1
1819,2012-01-14,53.55,262.83,4.0,1.0,-1.36,0,-63,1,1,1,0.0,0.5001,1,1
1821,2012-01-14,-138.45,213.85,2.0,6.0,-2.68,-3,-42,1,1,0,0.0,0.5632,0,0
1835,2012-01-20,-43.54,222.63,4.0,-0.0,0.51,1,97,1,1,0,-0.0,0.504,0,0
1835,2012-01-20,43.54,222.63,-4.0,0.0,-0.51,-1,-97,1,1,0,0.0,0.496,1,0
1833,2012-01-20,-49.64,189.59,3.0,2.0,-5.56,-6,-63,1,1,0,0.0,0.5624,0,1
1833,2012-01-20,49.64,189.59,-3.0,-2.0,5.56,6,63,1,1,0,-0.0,0.4376,1,1
1830,2012-01-20,66.89,202.26,-2.0,-1.0,4.64,-5,48,1,1,0,-0.0,0.4237,0,1
1829,2012-01-20,64.99,180.09,-0.0,-1.0,-0.42,-4,55,1,1,0,0.0,0.5736,1,0
1829,2012-01-20,-64.99,180.09,0.0,1.0,0.42,4,-55,1,1,0,-0.0,0.4264,0,0
1830,2012-01-20,-66.89,202.26,2.0,1.0,-4.64,5,-48,1,1,0,0.0,0.5763,1,1
1844,2012-01-28,3.95,249.93,-2.0,-5.0,-1.98,-5,-14,1,1,0,-0.0,0.4999,1,1
1848,2012-01-28,48.33,259.3,-1.0,-1.0,1.37,3,0,1,1,0,-0.0,0.5578,1,1
1846,2012-01-28,11.19,248.24,-1.0,-0.0,6.89,0,0,1,1,0,-0.0,0.5001,0,0
1848,2012-01-28,-48.33,259.3,1.0,1.0,-1.37,-3,0,1,1,0,0.0,0.4422,0,1
1846,2012-01-28,-11.19,248.24,1.0,0.0,-6.89,0,0,1,1,0,0.0,0.4999,1,0
1844,2012-01-28,-3.95,249.93,2.0,5.0,1.98,5,14,1,1,0,0.0,0.5001,0,1
1842,2012-01-28,35.22,209.77,-2.0,-2.0,-2.65,1,-84,1,1,0,0.0,0.5005,0,0
1840,2012-01-28,-61.05,186.65,-2.0,0.0,1.91,-6,56,1,1,0,0.0,0.5961,1,0
1841,2012-01-28,-15.93,215.95,6.0,1.0,-6.61,-9,-42,1,1,0,-0.0,0.4952,1,0
1839,2012-01-28,56.02,202.69,-4.0,-2.0,5.0,8,-133,1,1,0,-0.0,0.405,1,1
1839,2012-01-28,-56.02,202.69,4.0,2.0,-5.0,-8,133,1,1,0,0.0,0.595,0,1
1842,2012-01-28,-35.22,209.77,2.0,2.0,2.65,-1,84,1,1,0,-0.0,0.4995,1,0
1841,2012-01-28,15.93,215.95,-6.0,-1.0,6.61,9,42,1,1,0,0.0,0.5048,0,0
1840,2012-01-28,61.05,186.65,2.0,-0.0,-1.91,6,-56,1,1,0,-0.0,0.4039,0,0
1855,2012-02-04,39.37,256.55,-4.0,-3.0,3.89,-1,90,1,1,0,0.0,0.4621,1,0
1855,2012-02-04,-39.37,256.55,4.0,3.0,-3.89,1,-90,1,1,0,-0.0,0.5379,0,0
1852,2012-02-04,-4.54,264.19,-4.0,-1.0,4.37,0,7,1,1,0,-0.0,0.5006,0,1
1851,2012-02-04,-51.93,186.73,-2.0,-2.0,-2.75,-12,-49,1,1,0,0.0,0.5263,0,1
1852,2012-02-04,4.54,264.19,4.0,1.0,-4.37,0,-7,1,1,0,0.0,0.4994,1,1
1850,2012-02-04,-34.69,231.66,4.0,4.0,-1.11,-1,1099,1,1,0,-0.0,0.5631,1,1
1850,2012-02-04,34.69,231.66,-4.0,-4.0,1.11,1,-1099,1,1,0,0.0,0.4369,0,1
1849,2012-02-04,53.54,207.45,-1.0,1.0,-0.73,-6,119,1,1,1,-0.0545,0.4361,1,0
1849,2012-02-04,-53.54,207.45,1.0,-1.0,0.73,6,-119,1,1,1,0.0545,0.5639,0,0
1851,2012-02-04,51.93,186.73,2.0,2.0,2.75,12,49,1,1,0,-0.0,0.4737,1,1
1863,2012-02-15,3.31,278.98,1.0,-1.0,3.67,0,28,1,1,0,0.0,0.4319,1,1
1865,2012-02-15,0.21,264.56,-4.0,-2.0,4.37,2,119,1,1,0,0.0,0.5835,1,1
1863,2012-02-15,-3.31,278.98,-1.0,1.0,-3.67,0,-28,1,1,0,-0.0,0.5681,0,1
1865,2012-02-15,-0.21,264.56,4.0,2.0,-4.37,-2,-119,1,1,0,-0.0,0.4165,0,1
1862,2012-02-15,-58.41,241.01,2.0,1.0,-13.75,-7,55,0,1,0,0.0,0.5001,1,1
1861,2012-02-15,34.63,239.13,7.0,7.0,-3.38,8,-112,1,1,0,0.0,0.5422,1,1
1861,2012-02-15,-34.63,239.13,-7.0,-7.0,3.38,-8,112,1,1,0,-0.0,0.4578,0,1
1860,2012-02-15,-14.88,193.81,-1.0,-1.0,-3.24,-10,-198,1,1,0,-0.0,0.4996,1,0
1862,2012-02-15,58.41,241.01,-2.0,-1.0,13.75,7,-55,1,0,0,-0.0,0.4999,0,1
1860,2012-02-15,14.88,193.81,1.0,1.0,3.24,10,198,1,1,0,0.0,0.5004,0,0
1873,2012-02-25,-85.78,191.28,-1.0,-2.0,0.48,-5,-28,1,1,0,-0.0,0.4999,1,0
1879,2012-02-25,0.9,249.84,-5.0,-4.0,2.55,0,-42,1,1,0,0.0,0.4999,1,0
1879,2012-02-25,-0.9,249.84,5.0,4.0,-2.55,0,42,1,1,0,-0.0,0.5001,0,0
1878,2012-02-25,-49.78,253.55,2.0,2.0,-5.92,4,-224,1,1,0,-0.0,0.5392,0,0
1878,2012-02-25,49.78,253.55,-2.0,-2.0,5.92,-4,224,1,1,0,0.0,0.4608,1,0
1875,2012-02-25,96.05,225.25,-1.0,-0.0,2.68,9,0,1,1,0,-0.0,0.446,0,1
1875,2012-02-25,-96.05,225.25,1.0,0.0,-2.68,-9,0,1,1,0,0.0,0.554,1,1
1873,2012-02-25,85.78,191.28,1.0,2.0,-0.48,5,28,1,1,0,0.0,0.5001,0,0
1872,2012-02-25,-39.06,243.34,3.0,-2.0,3.45,1,42,0,1,0,-0.0,0.4999,0,1
1869,2012-02-25,35.67,216.3,-2.0,-3.0,2.08,8,35,1,1,1,-0.2727,0.5006,0,0
1869,2012-02-25,-35.67,216.3,2.0,3.0,-2.08,-8,-35,1,1,1,0.2727,0.4994,1,0
1870,2012-02-25,22.11,196.57,-1.0,-1.0,4.96,2,56,1,1,0,0.0,0.4086,0,1
1872,2012-02-25,39.06,243.34,-3.0,2.0,-3.45,-1,-42,1,0,0,0.0,0.5001,1,1
1871,2012-02-25,-53.95,210.43,-10.0,-6.0,1.15,-12,35,1,1,0,-0.0,0.5,1,1
1871,2012-02-25,53.95,210.43,10.0,6.0,-1.15,12,-35,1,1,0,0.0,0.5,0,1
1870,2012-02-25,-22.11,196.57,1.0,1.0,-4.96,-2,-56,1,1,0,-0.0,0.5914,1,1
1881,2012-03-02,-30.34,174.21,2.0,3.0,1.46,-3,-14,1,1,0,0.0,0.4631,1,1
1884,2012-03-02,61.02,248.65,2.0,0.0,-5.04,0,84,1,1,0,-0.0,0.5955,0,1
1884,2012-03-02,-61.02,248.65,-2.0,-0.0,5.04,0,-84,1,1,0,0.0,0.4045,1,1
1887,2012-03-02,37.45,236.51,3.0,2.0,2.81,9,111,0,1,0,-0.0,0.4496,0,1
1887,2012-03-02,-37.45,236.51,-3.0,-2.0,-2.81,-9,-111,1,0,0,0.0,0.5504,1,1
1881,2012-03-02,30.34,174.21,-2.0,-3.0,-1.46,3,14,1,1,0,-0.0,0.5369,0,1
1896,2012-04-14,15.57,244.75,-6.0,-4.0,-0.89,-6,7,1,1,0,0.0,0.5639,1,0
1895,2012-04-14,45.87,213.21,3.0,0.0,3.88,10,62,0,1,0,-0.0,0.5818,1,1
1896,2012-04-14,-15.57,244.75,6.0,4.0,0.89,6,-7,1,1,0,-0.0,0.4361,0,0
1895,2012-04-14,-45.87,213.21,-3.0,-0.0,-3.88,-10,-62,1,0,0,0.0,0.4182,0,1
1893,2012-04-14,-46.54,193.75,-2.0,-1.0,-0.94,4,219,1,1,0,-0.0,0.4637,0,1
1892,2012-04-14,-50.81,213.78,-5.0,-3.0,4.18,2,363,1,1,0,0.0,0.4897,0,1
1892,2012-04-14,50.81,213.78,5.0,3.0,-4.18,-2,-363,1,1,0,-0.0,0.5103,1,1
1893,2012-04-14,46.54,193.75,2.0,1.0,0.94,-4,-219,1,1,0,0.0,0.5363,1,1
1913,2012-04-21,20.96,207.46,1.0,1.0,-6.04,-3,-90,1,1,0,0.0,0.4951,0,1
1904,2012-04-21,5.56,181.27,9.0,4.0,-7.81,-4,49,1,1,1,-0.3714,0.5954,1,1
1904,2012-04-21,-5.56,181.27,-9.0,-4.0,7.81,4,-49,1,1,1,0.3714,0.4046,0,1
1906,2012-04-21,86.1,233.5,0.0,0.0,-1.42,3,28,1,1,0,-0.0,0.4469,0,1
1906,2012-04-21,-86.1,233.5,-0.0,-0.0,1.42,-3,-28,1,1,0,0.0,0.5531,1,1
1909,2012-04-21,136.66,221.75,3.0,-2.0,-2.31,7,-1887,1,0,0,-0.0,0.5958,1,1
1909,2012-04-21,-136.66,221.75,-3.0,2.0,2.31,-7,1887,0,1,0,0.0,0.4042,0,1
1911,2012-04-21,-25.32,233.33,0.0,0.0,2.09,10,0,1,1,0,0.0,0.5375,1,1
1911,2012-04-21,25.32,233.33,-0.0,-0.0,-2.09,-10,0,1,1,0,-0.0,0.4625,0,1
1912,2012-04-21,58.4,248.85,-7.0,-5.0,-5.17,0,20,1,1,0,-0.0,0.4998,0,1
1912,2012-04-21,-58.4,248.85,7.0,5.0,5.17,0,-20,1,1,0,0.0,0.5002,1,1
1913,2012-04-21,-20.96,207.46,-1.0,-1.0,6.04,3,90,1,1,0,-0.0,0.5049,1,1
1925,2012-05-05,98.74,264.99,7.0,7.0,3.24,2,21,1,1,0,-0.0,0.4948,0,1
1917,2012-05-05,22.89,181.08,-4.0,-1.0,-5.78,-12,36,1,1,0,0.0,0.4434,1,0
1927,2012-05-05,5.77,233.85,2.0,-2.0,-2.67,-3,153,0,1,0,0.0,0.5041,1,0
1925,2012-05-05,-98.74,264.99,-7.0,-7.0,-3.24,-2,-21,1,1,0,0.0,0.5052,1,1
1927,2012-05-05,-5.77,233.85,-2.0,2.0,2.67,3,-153,1,0,0,-0.0,0.4959,0,0
1920,2012-05-05,-124.18,242.8,-3.0,-1.0,-2.31,1,-56,1,1,0,0.0,0.4172,1,0
1916,2012-05-05,66.35,177.65,-5.0,-4.0,1.63,-3,-21,1,1,0,0.0,0.4851,0,1
1918,2012-05-05,-43.44,189.44,4.0,6.0,-4.16,3,119,1,1,0,-0.0,0.5479,1,1
1918,2012-05-05,43.44,189.44,-4.0,-6.0,4.16,-3,-119,1,1,0,0.0,0.4521,0,1
1917,2012-05-05,-22.89,181.08,4.0,1.0,5.78,12,-36,1,1,0,-0.0,0.5566,0,0
1920,2012-05-05,124.18,242.8,3.0,1.0,2.31,-1,56,1,1,0,-0.0,0.5828,0,0
1916,2012-05-05,-66.35,177.65,5.0,4.0,-1.63,3,21,1,1,0,-0.0,0.5149,1,1
1934,2012-05-15,-56.42,248.52,-1.0,-3.0,3.04,0,-77,1,1,0,-0.0,0.4999,0,0
1934,2012-05-15,56.42,248.52,1.0,3.0,-3.04,0,77,1,1,0,0.0,0.5001,1,0
1933,2012-05-15,-4.56,197.94,-6.0,-3.0,-7.95,-7,-63,1,1,0,0.0,0.5547,1,0
1933,2012-05-15,4.56,197.94,6.0,3.0,7.95,7,63,1,1,0,-0.0,0.4453,0,0
1932,2012-05-15,-13.33,239.85,1.0,1.0,-1.2,-4,189,1,1,0,0.0,0.4621,0,1
1930,2012-05-15,-85.6,201.66,-2.0,-4.0,-3.16,8,83,1,1,0,0.0,0.4662,0,1
1930,2012-05-15,85.6,201.66,2.0,4.0,3.16,-8,-83,1,1,0,-0.0,0.5338,1,1
1928,2012-05-15,51.81,250.56,-0.0,2.0,-1.85,2,-56,1,1,0,0.0,0.4999,0,0
1928,2012-05-15,-51.81,250.56,0.0,-2.0,1.85,-2,56,1,1,0,-0.0,0.5001,1,0
1932,2012-05-15,13.33,239.85,-1.0,-1.0,1.2,4,-189,1,1,0,-0.0,0.5379,1,1
1948,2012-05-26,-5.54,205.85,4.0,2.0,-3.78,1,159,1,1,0,0.0,0.5,1,1
1951,2012-05-26,154.83,251.12,-1.0,1.0,-9.91,-2,-209,1,1,0,-0.0,0.5849,0,1
1951,2012-05-26,-154.83,251.12,1.0,-1.0,9.91,2,209,1,1,0,0.0,0.4151,1,1
1949,2012-05-26,-25.86,237.14,2.0,3.0,-7.91,-5,90,1,1,0,-0.0,0.4322,1,0
1949,2012-05-26,25.86,237.14,-2.0,-3.0,7.91,5,-90,1,1,0,0.0,0.5678,0,0
1948,2012-05-26,5.54,205.85,-4.0,-2.0,3.78,-1,-159,1,1,0,-0.0,0.5,0,1
1946,2012-05-26,-147.92,249.87,-4.0,-3.0,1.28,-2,1778,1,1,0,-0.0,0.5945,1,1
1945,2012-05-26,-10.85,259.18,-7.0,-3.0,-3.03,-3,-56,1,1,0,-0.0,0.4361,0,1
1945,2012-05-26,10.85,259.18,7.0,3.0,3.03,3,56,1,1,0,0.0,0.5639,1,1
1942,2012-05-26,-23.34,239.43,4.0,4.0,-8.29,-4,-11,1,1,0,-0.0,0.5001,0,1
1942,2012-05-26,23.34,239.43,-4.0,-4.0,8.29,4,11,1,1,0,0.0,0.4999,1,1
1940,2012-05-26,-67.44,182.48,2.0,-1.0,4.69,11,-28,1,1,1,-0.1447,0.5042,0,0
1940,2012-05-26,67.44,182.48,-2.0,1.0,-4.69,-11,28,1,1,1,0.1447,0.4958,1,0
1946,2012-05-26,147.92,249.87,4.0,3.0,-1.28,2,-1778,1,1,0,0.0,0.4055,0,1
1952,2012-06-01,43.17,193.52,-1.0,-3.0,-2.95,-7,16,1,1,0,0.0,0.4853,0,1
1952,2012-06-01,-43.17,193.52,1.0,3.0,2.95,7,-16,1,1,0,-0.0,0.5147,1,1
1954,2012-06-01,-11.09,238.19,0.0,2.0,4.18,-3,-18,1,1,0,0.0,0.5016,0,0
1954,2012-06-01,11.09,238.19,-0.0,-2.0,-4.18,3,18,1,1,0,-0.0,0.4984,1,0
1965,2012-06-08,117.54,257.27,-3.0,-2.0,1.77,1,-174,1,1,0,-0.0,0.5951,0,1
1970,2012-06-08,-0.0,280.1,-5.0,-6.0,1.94,0,0,1,1,0,-0.0,0.46,0,0
1970,2012-06-08,0.0,280.1,5.0,6.0,-1.94,0,0,1,1,0,0.0,0.54,1,0
1968,2012-06-08,-31.29,224.23,2.0,-2.0,-2.04,-1,104,1,1,0,-0.0,0.4467,1,1
1968,2012-06-08,31.29,224.23,-2.0,2.0,2.04,1,-104,1,1,0,0.0,0.5533,0,1
1965,2012-06-08,-117.54,257.27,3.0,2.0,-1.77,-1,174,1,1,0,0.0,0.4049,1,1
1962,2012-06-08,58.19,258.77,-2.0,2.0,2.27,-3,0,1,1,0,-0.0,0.4041,0,1
1964,2012-06-08,28.31,193.16,2.0,1.0,7.51,-4,6,1,1,0,-0.0,0.4674,1,1
1963,2012-06-08,84.7,241.13,-4.0,-2.0,3.36,4,-6,1,1,0,0.0,0.5008,0,1
1963,2012-06-08,-84.7,241.13,4.0,2.0,-3.36,-4,6,1,1,0,-0.0,0.4992,1,1
1962,2012-06-08,-58.19,258.77,2.0,-2.0,-2.27,3,0,1,1,0,0.0,0.5959,1,1
1964,2012-06-08,-28.31,193.16,-2.0,-1.0,-7.51,4,-6,1,1,0,0.0,0.5326,0,1
1982,2012-06-22,-2.05,228.31,3.0,2.0,-5.22,0,-315,1,1,0,-0.0,0.486,1,0
1982,2012-06-22,2.05,228.31,-3.0,-2.0,5.22,0,315,1,1,0,0.0,0.514,0,0
1978,2012-06-22,14.0,262.78,2.0,3.0,-1.16,0,-105,1,1,0,0.0,0.4077,0,1
1977,2012-06-22,-92.54,235.66,1.0,-0.0,0.9,-5,-29,1,1,0,-0.0,0.4998,1,1
1977,2012-06-22,92.54,235.66,-1.0,0.0,-0.9,5,29,1,1,0,0.0,0.5002,0,1
1978,2012-06-22,-14.0,262.78,-2.0,-3.0,1.16,0,105,1,1,0,-0.0,0.5923,1,1
1976,2012-06-22,50.07,242.26,-2.0,1.0,7.41,-1,83,1,1,0,0.0,0.5018,1,0
1975,2012-06-22,6.54,174.85,-2.0,-2.0,7.96,4,140,1,1,0,-0.0,0.5707,0,0
1975,2012-06-22,-6.54,174.85,2.0,2.0,-7.96,-4,-140,1,1,0,0.0,0.4293,1,0
1974,2012-06-22,-87.65,178.74,-0.0,-2.0,-2.58,4,-35,1,1,0,-0.0,0.5947,0,1
1974,2012-06-22,87.65,178.74,0.0,2.0,2.58,-4,35,1,1,0,0.0,0.4053,1,1
1976,2012-06-22,-50.07,242.26,2.0,-1.0,-7.41,1,-83,1,1,0,-0.0,0.4982,0,0
1989,2012-06-23,79.99,233.16,-4.0,-3.0,0.88,-1,7,1,1,0,0.0,0.4369,0,1
1989,2012-06-23,-79.99,233.16,4.0,3.0,-0.88,1,-7,1,1,0,-0.0,0.5631,1,1
1986,2012-06-23,-130.35,179.46,-2.0,-2.0,-1.74,-8,-287,1,1,0,0.0,0.4623,0,0
1986,2012-06-23,130.35,179.46,2.0,2.0,1.74,8,287,1,1,0,-0.0,0.5377,1,0
2003,2012-07-07,25.34,207.75,0.0,-1.0,-4.27,13,0,1,1,0,-0.0,0.4046,1,1
2006,2012-07-07,29.91,236.92,-0.0,-0.0,-0.02,0,84,1,1,0,-0.0,0.5,1,1
2006,2012-07-07,-29.91,236.92,0.0,0.0,0.02,0,-84,1,1,0,0.0,0.5,0,1
2005,2012-07-07,96.99,249.41,0.0,-1.0,1.11,2,-6,1,1,0,-0.0,0.4997,1,0
2004,2012-07-07,-56.06,224.81,-1.0,-0.0,-4.96,-14,-62,1,1,0,-0.0,0.5005,1,0
2004,2012-07-07,56.06,224.81,1.0,0.0,4.96,14,62,1,1,0,0.0,0.4995,0,0
2003,2012-07-07,-25.34,207.75,-0.0,1.0,4.27,-13,0,1,1,0,0.0,0.5954,0,1
2002,2012-07-07,1.69,250.75,6.0,-0.0,-1.66,-2,26,1,1,0,-0.0,0.4166,1,0
2005,2012-07-07,-96.99,249.41,-0.0,1.0,-1.11,-2,6,1,1,0,0.0,0.5003,0,0
2001,2012-07-07,-37.49,243.42,6.0,6.0,-2.63,1,-122,0,1,0,-0.0,0.5808,0,0
1997,2012-07-07,198.22,186.99,4.0,1.0,1.97,4,154,1,1,1,-0.3571,0.4904,1,1
1997,2012-07-07,-198.22,186.99,-4.0,-1.0,-1.97,-4,-154,1,1,1,0.3571,0.5096,0,1
1998,2012-07-07,-3.37,161.04,3.0,0.0,-4.14,-12,105,1,1,0,0.0,0.4906,1,1
2002,2012-07-07,-1.69,250.75,-6.0,0.0,1.66,2,-26,1,1,0,0.0,0.5834,0,0
2000,2012-07-07,30.5,194.81,4.0,1.0,-4.03,-5,29,1,0,0,0.0,0.4998,0,1
1998,2012-07-07,3.37,161.04,-3.0,-0.0,4.14,12,-105,1,1,0,-0.0,0.5094,0,1
2000,2012-07-07,-30.5,194.81,-4.0,-1.0,4.03,5,-29,0,1,0,-0.0,0.5002,1,1
2001,2012-07-07,37.49,243.42,-6.0,-6.0,2.63,-1,122,1,0,0,0.0,0.4192,1,0
2016,2012-07-11,14.47,259.11,1.0,-1.0,3.06,3,27,1,1,0,0.0,0.5937,0,1
2013,2012-07-11,-39.81,217.03,5.0,5.0,4.65,-5,24,1,1,0,0.0,0.4046,0,0
2012,2012-07-11,-10.4,263.03,-1.0,-0.0,3.32,0,-10,1,1,0,-0.0,0.5108,0,1
2012,2012-07-11,10.4,263.03,1.0,0.0,-3.32,0,10,1,1,0,0.0,0.4892,1,1
2011,2012-07-11,95.24,250.27,3.0,3.0,3.73,-2,21,1,1,0,-0.0,0.4978,1,1
2011,2012-07-11,-95.24,250.27,-3.0,-3.0,-3.73,2,-21,1,1,0,0.0,0.5022,0,1
2016,2012-07-11,-14.47,259.11,-1.0,1.0,-3.06,-3,-27,1,1,0,-0.0,0.4063,1,1
2010,2012-07-11,113.51,238.35,-1.0,2.0,9.57,8,-375,0,1,0,0.0,0.4082,1,1
2010,2012-07-11,-113.51,238.35,1.0,-2.0,-9.57,-8,375,1,0,0,-0.0,0.5918,0,1
2008,2012-07-11,-0.08,215.56,-7.0,-2.0,6.35,5,84,1,1,0,-0.0,0.4124,0,1
2008,2012-07-11,0.08,215.56,7.0,2.0,-6.35,-5,-84,1,1,0,0.0,0.5876,1,1
2013,2012-07-11,39.81,217.03,-5.0,-5.0,-4.65,5,-24,1,1,0,-0.0,0.5954,1,0
2009,2012-07-11,97.98,224.33,0.0,1.0,0.19,-3,-34,1,0,0,-0.0,0.5,1,1
2009,2012-07-11,-97.98,224.33,-0.0,-1.0,-0.19,3,34,0,1,0,0.0,0.5,0,1
2025,2012-07-21,-99.7,263.42,-1.0,-1.0,2.19,0,-10,1,1,0,0.0,0.499,1,1
2025,2012-07-21,99.7,263.42,1.0,1.0,-2.19,0,10,1,1,0,-0.0,0.501,0,1
2024,2012-07-21,-29.61,243.6,-1.0,1.0,5.84,-1,160,1,1,0,0.0,0.4961,1,0
2024,2012-07-21,29.61,243.6,1.0,-1.0,-5.84,1,-160,1,1,0,-0.0,0.5039,0,0
2023,2012-07-21,-23.71,240.08,-6.0,-3.0,9.93,-8,-77,1,1,0,0.0,0.4987,0,0
2023,2012-07-21,23.71,240.08,6.0,3.0,-9.93,8,77,1,1,0,-0.0,0.5013,1,0
2021,2012-07-21,-23.24,224.44,-7.0,-4.0,-9.43,-15,-6,1,1,0,-0.0,0.5,0,0
2021,2012-07-21,23.24,224.44,7.0,4.0,9.43,15,6,1,1,0,0.0,0.5,1,0
2019,2012-07-21,83.23,250.34,3.0,-0.0,-7.72,0,-77,1,1,1,-0.0,0.5044,1,1
2019,2012-07-21,-83.23,250.34,-3.0,0.0,7.72,0,77,1,1,1,0.0,0.4956,0,1
2022,2012-07-21,-160.26,249.2,-0.0,1.0,-3.2,-2,69,1,1,0,-0.0,0.5724,1,0
2022,2012-07-21,160.26,249.2,0.0,-1.0,3.2,2,-69,1,1,0,0.0,0.4276,0,0
2033,2012-08-04,-115.2,193.15,-2.0,-0.0,-3.03,-4,-798,1,1,0,-0.0,0.4775,0,1
2038,2012-08-04,-23.33,215.65,1.0,1.0,5.39,-1,-15,1,1,0,0.0,0.4046,0,1
2038,2012-08-04,23.33,215.65,-1.0,-1.0,-5.39,1,15,1,1,0,-0.0,0.5954,1,1
2034,2012-08-04,-137.25,212.89,-3.0,-7.0,1.12,-7,63,1,1,0,0.0,0.4886,1,1
2034,2012-08-04,137.25,212.89,3.0,7.0,-1.12,7,-63,1,1,0,-0.0,0.5114,0,1
2033,2012-08-04,115.2,193.15,2.0,0.0,3.03,4,798,1,1,0,0.0,0.5225,1,1
2032,2012-08-04,26.62,217.42,0.0,2.0,0.39,9,91,1,1,0,0.0,0.4407,1,1
2031,2012-08-04,-11.03,189.23,-0.0,1.0,-5.02,-3,-77,1,1,0,-0.0,0.5188,0,0
2031,2012-08-04,11.03,189.23,0.0,-1.0,5.02,3,77,1,1,0,0.0,0.4812,1,0
2030,2012-08-04,-2.79,191.07,2.0,2.0,4.13,6,21,1,1,0,0.0,0.5382,0,1
2030,2012-08-04,2.79,191.07,-2.0,-2.0,-4.13,-6,-21,1,1,0,-0.0,0.4618,1,1
2032,2012-08-04,-26.62,217.42,-0.0,-2.0,-0.39,-9,-91,1,1,0,-0.0,0.5593,0,1
2042,2012-08-11,25.35,211.22,5.0,1.0,-1.73,8,21,1,0,0,-0.0,0.5912,1,1
2042,2012-08-11,-25.35,211.22,-5.0,-1.0,1.73,-8,-21,0,1,0,0.0,0.4088,0,1
2041,2012-08-11,-51.23,190.83,-2.0,-4.0,-0.0,11,-53,1,1,0,-0.0,0.4662,0,1
2040,2012-08-11,-28.78,207.91,-2.0,-3.0,2.08,8,0,1,1,1,-0.25,0.5006,0,0
2040,2012-08-11,28.78,207.91,2.0,3.0,-2.08,-8,0,1,1,1,0.25,0.4994,1,0
2041,2012-08-11,51.23,190.83,2.0,4.0,0.0,-11,53,1,1,0,0.0,0.5338,1,1
2061,2012-09-22,20.0,219.22,-6.0,-3.0,-0.9,2,-98,1,0,0,0.0,0.4438,0,0
2061,2012-09-22,-20.0,219.22,6.0,3.0,0.9,-2,98,0,1,0,-0.0,0.5562,1,0
2058,2012-09-22,10.94,263.9,-0.0,-5.0,2.17,0,-113,1,1,0,0.0,0.4045,1,1
2058,2012-09-22,-10.94,263.9,0.0,5.0,-2.17,0,113,1,1,0,-0.0,0.5955,0,1
2056,2012-09-22,61.36,202.38,-2.0,-0.0,2.19,0,108,1,1,0,-0.0,0.5202,0,0
2056,2012-09-22,-61.36,202.38,2.0,0.0,-2.19,0,-108,1,1,0,0.0,0.4798,1,0
2055,2012-09-22,115.87,237.09,-1.0,-3.0,5.5,5,-1123,1,1,0,-0.0,0.5378,0,1
2055,2012-09-22,-115.87,237.09,1.0,3.0,-5.5,-5,1123,1,1,0,0.0,0.4622,1,1
2054,2012-09-22,-37.07,233.24,-4.0,-2.0,5.96,-4,-21,1,1,0,0.0,0.5017,1,1
2052,2012-09-22,-48.06,183.62,-1.0,-0.0,-1.57,-7,-77,1,1,0,-0.0,0.5362,0,1
2052,2012-09-22,48.06,183.62,1.0,0.0,1.57,7,77,1,1,0,0.0,0.4638,1,1
2051,2012-09-22,-78.28,239.86,1.0,-1.0,-2.03,2,-98,1,1,1,0.3333,0.5016,1,0
2051,2012-09-22,78.28,239.86,-1.0,1.0,2.03,-2,98,1,1,1,-0.3333,0.4984,0,0
2050,2012-09-22,-135.07,177.78,-10.0,-4.0,10.3,4,98,1,1,1,-0.1394,0.5089,0,0
2050,2012-09-22,135.07,177.78,10.0,4.0,-10.3,-4,-98,1,1,1,0.1394,0.4911,1,0
2054,2012-09-22,37.07,233.24,4.0,2.0,-5.96,4,21,1,1,0,-0.0,0.4983,0,1
2066,2012-09-29,-36.66,237.23,-6.0,-4.0,4.18,-5,21,1,1,0,-0.0,0.594,0,0
2066,2012-09-29,36.66,237.23,6.0,4.0,-4.18,5,-21,1,1,0,0.0,0.406,1,0
2065,2012-09-29,-35.02,215.26,-5.0,-2.0,4.88,9,238,1,1,0,0.0,0.5679,1,1
2065,2012-09-29,35.02,215.26,5.0,2.0,-4.88,-9,-238,1,1,0,-0.0,0.4321,0,1
2064,2012-09-29,85.04,250.6,-0.0,1.0,-0.68,2,-31,1,1,0,0.0,0.4322,0,1
2063,2012-09-29,16.13,197.01,1.0,-2.0,1.72,0,11,1,1,0,0.0,0.5499,0,1
2063,2012-09-29,-16.13,197.01,-1.0,2.0,-1.72,0,-11,1,1,0,-0.0,0.4501,1,1
2062,2012-09-29,1.5,218.77,-4.0,-7.0,5.5,-8,0,1,1,0,0.0,0.4578,0,1
2062,2012-09-29,-1.5,218.77,4.0,7.0,-5.5,8,0,1,1,0,-0.0,0.5422,1,1
2064,2012-09-29,-85.04,250.6,0.0,-1.0,0.68,-2,31,1,1,0,-0.0,0.5678,1,1
2078,2012-10-05,3.68,195.58,2.0,4.0,6.12,1,-33,1,1,0,-0.0,0.4052,0,1
2080,2012-10-05,105.76,214.35,-1.0,-1.0,-1.15,3,42,1,1,0,0.0,0.5953,1,0
2078,2012-10-05,-3.68,195.58,-2.0,-4.0,-6.12,-1,33,1,1,0,0.0,0.5948,1,1
2080,2012-10-05,-105.76,214.35,1.0,1.0,1.15,-3,-42,1,1,0,-0.0,0.4047,0,0
2077,2012-10-05,66.18,227.41,-2.0,-1.0,6.78,0,0,1,1,0,0.0,0.5005,0,0
2076,2012-10-05,50.99,214.15,2.0,1.0,-0.16,10,-216,1,1,0,-0.0,0.4941,0,1
2076,2012-10-05,-50.99,214.15,-2.0,-1.0,0.16,-10,216,1,1,0,0.0,0.5059,1,1
2073,2012-10-05,-205.52,254.97,3.0,-2.0,2.84,-4,-35,1,1,0,-0.0,0.4601,1,1
2073,2012-10-05,205.52,254.97,-3.0,2.0,-2.84,4,35,1,1,0,0.0,0.5399,0,1
2077,2012-10-05,-66.18,227.41,2.0,1.0,-6.78,0,0,1,1,0,-0.0,0.4995,1,0
2093,2012-10-13,54.09,211.88,-2.0,-0.0,-5.57,-2,-300,1,0,0,0.0,0.5578,1,0
2093,2012-10-13,-54.09,211.88,2.0,0.0,5.57,2,300,0,1,0,-0.0,0.4422,0,0
2090,2012-10-13,-32.78,223.57,-1.0,-1.0,5.12,-15,14,0,1,0,-0.0,0.4928,0,1
2090,2012-10-13,32.78,223.57,1.0,1.0,-5.12,15,-14,1,0,0,0.0,0.5072,1,1
2089,2012-10-13,-0.44,280.1,6.0,-1.0,1.87,0,-22,1,0,0,0.0,0.5421,1,1
2088,2012-10-13,-17.44,183.71,-1.0,-4.0,-6.81,-4,15,1,1,0,0.0,0.5005,0,1
2088,2012-10-13,17.44,183.71,1.0,4.0,6.81,4,-15,1,1,0,-0.0,0.4995,1,1
2089,2012-10-13,0.44,280.1,-6.0,1.0,-1.87,0,22,0,1,0,-0.0,0.4579,0,1
2086,2012-10-13,154.02,210.03,0.0,0.0,6.32,13,161,1,1,0,0.0,0.5662,1,1
2085,2012-10-13,-95.55,263.22,-1.0,-1.0,-0.39,2,11,1,1,0,0.0,0.439,0,1
2085,2012-10-13,95.55,263.22,1.0,1.0,0.39,-2,-11,1,1,0,-0.0,0.561,1,1
2084,2012-10-13,-112.23,227.95,-0.0,1.0,-8.34,-4,-168,1,1,0,-0.0,0.4975,0,1
2084,2012-10-13,112.23,227.95,0.0,-1.0,8.34,4,168,1,1,0,0.0,0.5025,1,1
2083,2012-10-13,-273.34,176.16,2.0,2.0,-1.97,-1,231,1,1,0,0.0,0.5095,0,0
2083,2012-10-13,273.34,176.16,-2.0,-2.0,1.97,1,-231,1,1,0,-0.0,0.4905,1,0
2086,2012-10-13,-154.02,210.03,-0.0,-0.0,-6.32,-13,-161,1,1,0,-0.0,0.4338,0,1
2098,2012-11-10,15.24,208.74,-0.0,1.0,-1.28,5,-56,1,1,0,0.0,0.5733,0,0
2098,2012-11-10,-15.24,208.74,0.0,-1.0,1.28,-5,56,1,1,0,-0.0,0.4267,1,0
2097,2012-11-10,-70.91,203.48,-2.0,-3.0,0.81,-1,84,1,1,0,0.0,0.499,0,0
2097,2012-11-10,70.91,203.48,2.0,3.0,-0.81,1,-84,1,1,0,-0.0,0.501,1,0
2109,2012-11-17,-46.41,182.11,3.0,-1.0,1.51,-1,-84,1,1,0,0.0,0.5,1,1
2115,2012-11-17,-26.68,238.93,1.0,-1.0,2.75,2,27,1,1,0,-0.0,0.5111,1,1
2115,2012-11-17,26.68,238.93,-1.0,1.0,-2.75,-2,-27,1,1,0,0.0,0.4889,0,1
2113,2012-11-17,-7.07,223.69,-7.0,-4.0,2.66,-7,-70,1,1,0,0.0,0.5932,0,1
2113,2012-11-17,7.07,223.69,7.0,4.0,-2.66,7,70,1,1,0,-0.0,0.4068,1,1
2111,2012-11-17,-56.63,207.21,-2.0,-1.0,-1.03,-9,62,1,1,0,-0.0,0.4998,1,1
2111,2012-11-17,56.63,207.21,2.0,1.0,1.03,9,-62,1,1,0,0.0,0.5002,0,1
2108,2012-11-17,14.07,229.69,5.0,5.0,-1.15,-2,-14,1,1,0,-0.0,0.5161,1,1
2109,2012-11-17,46.41,182.11,-3.0,1.0,-1.51,1,84,1,1,0,-0.0,0.5,0,1
2107,2012-11-17,-7.2,190.13,-5.0,-0.0,-3.01,-1,-81,1,1,0,0.0,0.4999,1,0
2104,2012-11-17,-116.39,190.53,-1.0,3.0,-2.94,-12,-280,1,1,1,-0.0,0.4102,0,1
2105,2012-11-17,66.02,184.69,-3.0,-3.0,-1.4,-6,27,1,1,0,0.0,0.4825,1,0
2105,2012-11-17,-66.02,184.69,3.0,3.0,1.4,6,-27,1,1,0,-0.0,0.5175,0,0
2104,2012-11-17,116.39,190.53,1.0,-3.0,2.94,12,280,1,1,1,0.0,0.5898,1,1
2106,2012-11-17,-91.74,229.76,-4.0,-3.0,-1.59,4,57,1,1,0,0.0,0.4926,0,0
2107,2012-11-17,7.2,190.13,5.0,0.0,3.01,1,81,1,1,0,-0.0,0.5001,0,0
2106,2012-11-17,91.74,229.76,4.0,3.0,1.59,-4,-57,1,1,0,-0.0,0.5074,1,0
2108,2012-11-17,-14.07,229.69,-5.0,-5.0,1.15,2,14,1,1,0,0.0,0.4839,0,1
2126,2012-12-08,-27.95,244.34,2.0,3.0,-4.07,-1,7,1,1,0,-0.0,0.4047,0,1
2121,2012-12-08,-78.89,249.93,-4.0,-1.0,1.52,0,-4,1,1,0,-0.0,0.5949,1,0
2126,2012-12-08,27.95,244.34,-2.0,-3.0,4.07,1,-7,1,1,0,0.0,0.5953,1,1
2125,2012-12-08,-131.27,201.34,-0.0,-0.0,-4.16,-9,-112,1,1,0,0.0,0.4182,0,1
2125,2012-12-08,131.27,201.34,0.0,0.0,4.16,9,112,1,1,0,-0.0,0.5818,1,1
2122,2012-12-08,13.44,265.02,-3.0,-1.0,2.64,-2,21,1,1,0,-0.0,0.5348,0,1
2122,2012-12-08,-13.44,265.02,3.0,1.0,-2.64,2,-21,1,1,0,0.0,0.4652,1,1
2121,2012-12-08,78.89,249.93,4.0,1.0,-1.52,0,4,1,1,0,0.0,0.4051,0,0
2120,2012-12-08,-33.98,173.55,-2.0,-0.0,-9.65,-1,-164,1,1,0,0.0,0.4605,0,0
2119,2012-12-08,-77.03,178.75,-2.0,-1.0,-1.56,0,43,1,1,0,-0.0,0.5263,1,1
2119,2012-12-08,77.03,178.75,2.0,1.0,1.56,0,-43,1,1,0,0.0,0.4737,0,1
2118,2012-12-08,4.51,190.61,6.0,3.0,-10.61,-16,-175,1,1,0,-0.0,0.5208,1,1
2118,2012-12-08,-4.51,190.61,-6.0,-3.0,10.61,16,175,1,1,0,0.0,0.4792,0,1
2117,2012-12-08,70.94,203.53,3.0,4.0,-5.14,-2,112,1,1,0,-0.0,0.5102,1,1
2117,2012-12-08,-70.94,203.53,-3.0,-4.0,5.14,2,-112,1,1,0,0.0,0.4898,0,1
2116,2012-12-08,-104.95,196.24,6.0,3.0,-1.42,11,98,1,1,1,-0.5625,0.5,0,1
2116,2012-12-08,104.95,196.24,-6.0,-3.0,1.42,-11,-98,1,1,1,0.5625,0.5,1,1
2120,2012-12-08,33.98,173.55,2.0,0.0,9.65,1,164,1,1,0,-0.0,0.5395,1,0
2131,2012-12-14,3.91,210.22,4.0,7.0,-1.15,-5,13,1,1,0,-0.0,0.4917,0,1
2131,2012-12-14,-3.91,210.22,-4.0,-7.0,1.15,5,-13,1,1,0,0.0,0.5083,1,1
2130,2012-12-14,-59.34,204.38,1.0,1.0,-2.93,0,73,1,1,0,0.0,0.4621,1,1
2130,2012-12-14,59.34,204.38,-1.0,-1.0,2.93,0,-73,1,1,0,-0.0,0.5379,0,1
2127,2012-12-14,55.64,200.59,2.0,2.0,7.22,1,356,1,1,0,-0.0,0.5493,0,1
2128,2012-12-14,-138.24,235.07,0.0,1.0,2.06,-9,-77,1,1,0,0.0,0.5027,1,0
2127,2012-12-14,-55.64,200.59,-2.0,-2.0,-7.22,-1,-356,1,1,0,0.0,0.4507,1,1
2128,2012-12-14,138.24,235.07,-0.0,-1.0,-2.06,9,77,1,1,0,-0.0,0.4973,0,0
2139,2012-12-15,-22.79,224.35,-1.0,1.0,-8.39,-6,-43,1,1,0,0.0,0.4605,0,1
2142,2012-12-15,-54.52,223.18,-3.0,1.0,6.65,1,0,0,1,0,0.0,0.5673,0,0
2139,2012-12-15,22.79,224.35,1.0,-1.0,8.39,6,43,1,1,0,-0.0,0.5395,1,1
2142,2012-12-15,54.52,223.18,3.0,-1.0,-6.65,-1,0,1,0,0,-0.0,0.4327,1,0
2138,2012-12-15,93.46,233.11,-2.0,-3.0,-3.44,1,17,1,1,0,-0.0,0.5378,1,1
2135,2012-12-15,55.81,214.73,9.0,3.0,-2.07,-1,210,1,1,0,-0.0,0.5,0,0
2135,2012-12-15,-55.81,214.73,-9.0,-3.0,2.07,1,-210,1,1,0,0.0,0.5,1,0
2138,2012-12-15,-93.46,233.11,2.0,3.0,3.44,-1,-17,1,1,0,0.0,0.4622,0,1
2157,2012-12-29,-46.87,254.38,2.0,3.0,-2.81,-4,-24,1,1,0,-0.0,0.5788,1,0
2157,2012-12-29,46.87,254.38,-2.0,-3.0,2.81,4,24,1,1,0,0.0,0.4212,0,0
2156,2012-12-29,140.13,231.07,1.0,1.0,-12.39,-4,-64,1,1,0,-0.0,0.498,1,1
2155,2012-12-29,-31.19,256.32,-1.0,-2.0,0.37,-1,798,1,1,0,-0.0,0.432,1,1
2155,2012-12-29,31.19,256.32,1.0,2.0,-0.37,1,-798,1,1,0,0.0,0.568,0,1
2154,2012-12-29,-32.38,249.85,-0.0,-0.0,-2.41,-5,126,1,1,0,-0.0,0.5833,1,0
2154,2012-12-29,32.38,249.85,0.0,0.0,2.41,5,-126,1,1,0,0.0,0.4167,0,0
2153,2012-12-29,-49.93,199.92,-0.0,-1.0,-1.54,-14,7,1,1,0,-0.0,0.5946,1,1
2153,2012-12-29,49.93,199.92,0.0,1.0,1.54,14,-7,1,1,0,0.0,0.4054,0,1
2156,2012-12-29,-140.13,231.07,-1.0,-1.0,12.39,4,64,1,1,0,0.0,0.502,0,1
2151,2012-12-29,75.09,250.46,-1.0,-1.0,5.75,0,-113,1,1,0,-0.0,0.568,0,1
2149,2012-12-29,-38.6,175.24,-0.0,-0.0,-2.76,-2,98,1,1,0,-0.0,0.5367,0,0
2149,2012-12-29,38.6,175.24,0.0,0.0,2.76,2,-98,1,1,0,0.0,0.4633,1,0
2148,2012-12-29,-6.23,209.51,-1.0,-1.0,1.17,-5,14,1,1,0,0.0,0.5001,1,1
2148,2012-12-29,6.23,209.51,1.0,1.0,-1.17,5,-14,1,1,0,-0.0,0.4999,0,1
2147,2012-12-29,-39.89,179.82,-0.0,2.0,-0.73,0,-91,1,1,0,-0.0,0.4521,0,0
2147,2012-12-29,39.89,179.82,0.0,-2.0,0.73,0,91,1,1,0,0.0,0.5479,1,0
2146,2012-12-29,-67.35,198.15,-0.0,-3.0,1.51,0,0,1,1,1,-0.1111,0.5021,1,1
2146,2012-12-29,67.35,198.15,0.0,3.0,-1.51,0,0,1,1,1,0.1111,0.4979,0,1
2151,2012-12-29,-75.09,250.46,1.0,1.0,-5.75,0,113,1,1,0,0.0,0.432,1,1
2164,2013-01-19,75.79,212.18,1.0,2.0,-1.7,5,55,1,1,0,-0.0,0.5961,1,1
2164,2013-01-19,-75.79,212.18,-1.0,-2.0,1.7,-5,-55,1,1,0,0.0,0.4039,0,1
2163,2013-01-19,6.02,262.02,1.0,-0.0,2.26,0,-147,1,1,0,-0.0,0.5,0,1
2163,2013-01-19,-6.02,262.02,-1.0,0.0,-2.26,0,147,1,1,0,0.0,0.5,1,1
2161,2013-01-19,49.38,222.09,-0.0,3.0,-3.87,-10,-175,1,1,0,-0.0,0.5008,1,1
2160,2013-01-19,-42.01,208.99,2.0,2.0,-2.42,-9,-98,1,1,0,0.0,0.5497,0,1
2160,2013-01-19,42.01,208.99,-2.0,-2.0,2.42,9,98,1,1,0,-0.0,0.4503,1,1
2158,2013-01-19,39.17,167.71,1.0,1.0,-1.91,1,0,1,1,0,0.0,0.428,0,0
2158,2013-01-19,-39.17,167.71,-1.0,-1.0,1.91,-1,0,1,1,0,-0.0,0.572,1,0
2161,2013-01-19,-49.38,222.09,0.0,-3.0,3.87,10,175,1,1,0,0.0,0.4992,0,1
2173,2013-01-26,13.09,187.4,-4.0,-0.0,0.44,4,-7,1,1,0,-0.0,0.5202,0,1
2177,2013-01-26,96.04,245.19,-2.0,1.0,8.11,3,28,1,1,0,-0.0,0.5,0,0
2176,2013-01-26,-36.91,188.4,-0.0,-2.0,12.42,1,218,1,1,0,0.0,0.4085,0,1
2176,2013-01-26,36.91,188.4,0.0,2.0,-12.42,-1,-218,1,1,0,-0.0,0.5915,1,1
2174,2013-01-26,-17.54,208.59,3.0,4.0,-1.61,-13,0,1,0,0,0.0,0.405,0,1
2177,2013-01-26,-96.04,245.19,2.0,-1.0,-8.11,-3,-28,1,1,0,0.0,0.5,1,0
2174,2013-01-26,17.54,208.59,-3.0,-4.0,1.61,13,0,0,1,0,-0.0,0.595,1,1
2173,2013-01-26,-13.09,187.4,4.0,0.0,-0.44,-4,7,1,1,0,0.0,0.4798,1,1
2171,2013-01-26,-95.29,228.19,-1.0,-3.0,-3.83,-4,168,1,1,0,0.0,0.5128,1,1
2172,2013-01-26,-30.83,256.37,0.0,2.0,-6.37,-1,279,1,1,0,0.0,0.4788,0,0
2171,2013-01-26,95.29,228.19,1.0,3.0,3.83,4,-168,1,1,0,-0.0,0.4872,0,1
2170,2013-01-26,-19.32,224.33,3.0,1.0,-1.36,-9,-231,1,1,0,-0.0,0.5611,1,1
2170,2013-01-26,19.32,224.33,-3.0,-1.0,1.36,9,231,1,1,0,0.0,0.4389,0,1
2169,2013-01-26,43.27,235.45,-0.0,-0.0,1.88,-3,-13,1,1,1,-0.6667,0.404,0,1
2169,2013-01-26,-43.27,235.45,0.0,0.0,-1.88,3,13,1,1,1,0.6667,0.596,1,1
2172,2013-01-26,30.83,256.37,-0.0,-2.0,6.37,1,-279,1,1,0,-0.0,0.5212,1,0
2190,2013-02-02,-37.99,256.24,1.0,1.0,2.81,0,-168,1,1,0,-0.0,0.5,1,1
2190,2013-02-02,37.99,256.24,-1.0,-1.0,-2.81,0,168,1,1,0,0.0,0.5,0,1
2185,2013-02-02,-1.92,179.96,-1.0,-0.0,1.8,-8,21,1,1,0,-0.0,0.5,1,1
2185,2013-02-02,1.92,179.96,1.0,0.0,-1.8,8,-21,1,1,0,0.0,0.5,0,1
2184,2013-02-02,65.14,250.78,1.0,-1.0,-0.23,2,-106,1,1,0,-0.0,0.5926,1,0
2183,2013-02-02,-63.22,169.55,-2.0,1.0,0.3,-2,0,1,1,0,-0.0,0.499,1,0
2184,2013-02-02,-65.14,250.78,-1.0,1.0,0.23,-2,106,1,1,0,0.0,0.4074,0,0
2182,2013-02-02,-27.95,274.4,2.0,-0.0,0.67,1,-280,1,1,0,-0.0,0.5,1,1
2182,2013-02-02,27.95,274.4,-2.0,0.0,-0.67,-1,280,1,1,0,0.0,0.5,0,1
2181,2013-02-02,-125.24,197.78,-0.0,2.0,3.31,-10,133,1,1,0,-0.0,0.4998,1,0
2181,2013-02-02,125.24,197.78,0.0,-2.0,-3.31,10,-133,1,1,0,0.0,0.5002,0,0
2180,2013-02-02,-30.07,212.72,-2.0,-1.0,4.9,10,-210,0,1,1,0.1026,0.596,0,1
2180,2013-02-02,30.07,212.72,2.0,1.0,-4.9,-10,210,1,0,1,-0.1026,0.404,1,1
2183,2013-02-02,63.22,169.55,2.0,-1.0,-0.3,2,0,1,1,0,0.0,0.501,0,0
2198,2013-02-16,4.54,226.61,2.0,3.0,-8.94,-2,6,1,1,0,-0.0,0.4969,0,1
2195,2013-02-16,-39.36,252.74,-2.0,-1.0,-0.16,-4,-10,1,1,0,-0.0,0.5001,0,1
2195,2013-02-16,39.36,252.74,2.0,1.0,0.16,4,10,1,1,0,0.0,0.4999,1,1
2194,2013-02-16,-120.48,253.24,3.0,2.0,7.8,4,357,0,0,0,0.0,0.4707,0,0
2194,2013-02-16,120.48,253.24,-3.0,-2.0,-7.8,-4,-357,0,0,0,-0.0,0.5293,1,0
2192,2013-02-16,-36.98,228.3,-2.0,-1.0,5.22,-2,84,1,1,0,-0.0,0.4622,1,0
2193,2013-02-16,3.64,248.49,-2.0,-5.0,-6.37,-5,49,1,1,0,-0.0,0.4554,1,0
2192,2013-02-16,36.98,228.3,2.0,1.0,-5.22,2,-84,1,1,0,0.0,0.5378,0,0
2191,2013-02-16,-5.8,238.58,-0.0,3.0,-3.96,0,91,1,1,1,-0.25,0.4488,0,1
2191,2013-02-16,5.8,238.58,0.0,-3.0,3.96,0,-91,1,1,1,0.25,0.5512,1,1
2198,2013-02-16,-4.54,226.61,-2.0,-3.0,8.94,2,-6,1,1,0,0.0,0.5031,1,1
2193,2013-02-16,-3.64,248.49,2.0,5.0,6.37,5,-49,1,1,0,0.0,0.5446,0,0
2207,2013-02-23,-123.44,184.43,1.0,1.0,-4.3,-14,2752,1,1,0,-0.0,0.4434,1,0
2207,2013-02-23,123.44,184.43,-1.0,-1.0,4.3,14,-2752,1,1,0,0.0,0.5566,0,0
2210,2013-02-23,-85.51,234.7,4.0,2.0,5.37,3,64,1,1,0,-0.0,0.4044,0,1
2210,2013-02-23,85.51,234.7,-4.0,-2.0,-5.37,-3,-64,1,1,0,0.0,0.5956,1,1
2206,2013-02-23,-39.0,200.89,-3.0,-0.0,1.72,9,-76,1,0,0,-0.0,0.4929,0,1
2206,2013-02-23,39.0,200.89,3.0,0.0,-1.72,-9,76,0,1,0,0.0,0.5071,1,1
2205,2013-02-23,66.95,229.0,-3.0,-0.0,-3.04,2,-119,1,1,0,-0.0,0.4983,0,1
2205,2013-02-23,-66.95,229.0,3.0,0.0,3.04,-2,119,1,1,0,0.0,0.5017,1,1
2204,2013-02-23,-40.72,191.8,-0.0,-2.0,7.76,-5,259,1,1,0,0.0,0.4626,0,0
2204,2013-02-23,40.72,191.8,0.0,2.0,-7.76,5,-259,1,1,0,-0.0,0.5374,1,0
2222,2013-03-02,54.28,245.79,-1.0,1.0,-0.64,-3,112,1,1,0,-0.0,0.5818,0,1
2222,2013-03-02,-54.28,245.79,1.0,-1.0,0.64,3,-112,1,1,0,0.0,0.4182,1,1
2221,2013-03-02,91.96,232.42,1.0,1.0,-6.95,1,42,1,1,0,-0.0,0.5,1,0
2221,2013-03-02,-91.96,232.42,-1.0,-1.0,6.95,-1,-42,1,1,0,0.0,0.5,0,0
2220,2013-03-02,-69.3,237.89,-3.0,-3.0,-2.41,-9,210,1,1,0,-0.0,0.4637,0,0
2220,2013-03-02,69.3,237.89,3.0,3.0,2.41,9,-210,1,1,0,0.0,0.5363,1,0
2218,2013-03-02,-137.05,216.27,-4.0,-5.0,3.46,-14,15,1,1,0,-0.0,0.4998,0,1
2217,2013-03-02,92.17,191.13,2.0,3.0,-3.27,11,269,1,1,0,0.0,0.5001,1,1
2217,2013-03-02,-92.17,191.13,-2.0,-3.0,3.27,-11,-269,1,1,0,-0.0,0.4999,0,1
2216,2013-03-02,-63.3,209.74,-12.0,-13.0,13.91,-8,217,1,1,0,0.0,0.4578,1,1
2216,2013-03-02,63.3,209.74,12.0,13.0,-13.91,8,-217,1,1,0,-0.0,0.5422,0,1
2215,2013-03-02,59.51,190.38,-0.0,2.0,-4.23,-1,-91,1,1,0,-0.0,0.5363,0,1
2215,2013-03-02,-59.51,190.38,0.0,-2.0,4.23,1,91,1,1,0,0.0,0.4637,1,1
2218,2013-03-02,137.05,216.27,4.0,5.0,-3.46,14,-15,1,1,0,0.0,0.5002,1,1
2229,2013-03-16,-8.57,224.04,-1.0,-2.0,7.78,-3,84,1,1,0,0.0,0.5099,0,0
2234,2013-03-16,61.68,245.03,4.0,-0.0,-0.11,-3,-21,1,1,0,-0.0,0.5,0,0
2234,2013-03-16,-61.68,245.03,-4.0,0.0,0.11,3,21,1,1,0,0.0,0.5,1,0
2229,2013-03-16,8.57,224.04,1.0,2.0,-7.78,3,-84,1,1,0,-0.0,0.4901,1,0
2228,2013-03-16,-13.59,186.35,3.0,3.0,5.94,5,566,0,1,0,0.0,0.5021,0,1
2227,2013-03-16,-99.72,200.83,6.0,5.0,-0.62,-3,0,1,1,0,0.0,0.5,0,0
2227,2013-03-16,99.72,200.83,-6.0,-5.0,0.62,3,0,1,1,0,-0.0,0.5,1,0
2226,2013-03-16,-229.96,171.7,-0.0,2.0,-2.2,-7,287,1,1,1,-0.0263,0.4927,0,0
2226,2013-03-16,229.96,171.7,0.0,-2.0,2.2,7,-287,1,1,1,0.0263,0.5073,1,0
2228,2013-03-16,13.59,186.35,-3.0,-3.0,-5.94,-5,-566,1,0,0,-0.0,0.4979,1,1
2244,2013-04-06,57.01,238.22,-0.0,-1.0,-7.96,5,-77,1,1,0,0.0,0.4097,0,0
2244,2013-04-06,-57.01,238.22,0.0,1.0,7.96,-5,77,1,1,0,-0.0,0.5903,1,0
2243,2013-04-06,27.11,271.91,3.0,-0.0,-3.55,2,0,1,1,0,-0.0,0.5,0,1
2243,2013-04-06,-27.11,271.91,-3.0,0.0,3.55,-2,0,1,1,0,0.0,0.5,1,1
2242,2013-04-06,-20.85,238.65,9.0,6.0,3.69,2,-35,1,1,0,-0.0,0.5606,0,1
2242,2013-04-06,20.85,238.65,-9.0,-6.0,-3.69,-2,35,1,1,0,0.0,0.4394,1,1
2241,2013-04-06,-74.64,237.96,-2.0,0.0,5.34,0,-21,1,1,0,-0.0,0.5678,1,0
2240,2013-04-06,-75.87,224.82,-3.0,2.0,-7.77,-3,-14,1,1,0,-0.0,0.5681,0,0
2240,2013-04-06,75.87,224.82,3.0,-2.0,7.77,3,14,1,1,0,0.0,0.4319,1,0
2241,2013-04-06,74.64,237.96,2.0,-0.0,-5.34,0,21,1,1,0,0.0,0.4322,0,0
2261,2013-04-13,49.09,271.72,-4.0,0.0,-2.3,1,-175,1,1,0,-0.0,0.4997,0,1
2261,2013-04-13,-49.09,271.72,4.0,-0.0,2.3,-1,175,1,1,0,0.0,0.5003,1,1
2254,2013-04-13,-49.69,198.87,-3.0,-4.0,3.16,8,-106,1,1,0,-0.0,0.4601,0,1
2254,2013-04-13,49.69,198.87,3.0,4.0,-3.16,-8,106,1,1,0,0.0,0.5399,1,1
2251,2013-04-13,-28.55,228.58,-1.0,-1.0,-3.35,0,77,1,1,0,-0.0,0.5049,0,1
2251,2013-04-13,28.55,228.58,1.0,1.0,3.35,0,-77,1,1,0,0.0,0.4951,1,1
2272,2013-04-20,14.97,250.51,-0.0,-0.0,3.37,-2,91,1,1,0,0.0,0.4494,0,1
2272,2013-04-20,-14.97,250.51,0.0,0.0,-3.37,2,-91,1,1,0,-0.0,0.5506,1,1
2269,2013-04-20,25.39,250.37,-2.0,-1.0,-0.58,-2,-21,1,1,0,-0.0,0.583,1,1
2267,2013-04-20,60.11,219.76,5.0,4.0,0.96,2,-92,1,1,0,0.0,0.5961,0,1
2269,2013-04-20,-25.39,250.37,2.0,1.0,0.58,2,21,1,1,0,0.0,0.417,0,1
2266,2013-04-20,-29.2,226.32,-2.0,-0.0,-8.75,-13,-98,1,1,0,-0.0,0.4624,0,1
2266,2013-04-20,29.2,226.32,2.0,0.0,8.75,13,98,1,1,0,0.0,0.5376,1,1
2265,2013-04-20,-67.99,206.92,-5.0,-2.0,6.57,-14,3031,1,1,0,-0.0,0.4054,1,0
2265,2013-04-20,67.99,206.92,5.0,2.0,-6.57,14,-3031,1,1,0,0.0,0.5946,0,0
2267,2013-04-20,-60.11,219.76,-5.0,-4.0,-0.96,-2,92,1,1,0,-0.0,0.4039,1,1
2279,2013-04-27,-202.01,227.75,1.0,4.0,0.11,-13,2326,0,1,0,-0.0,0.4266,1,0
2284,2013-04-27,74.93,216.41,4.0,2.0,-8.42,-3,175,1,1,0,-0.0,0.5073,1,0
2284,2013-04-27,-74.93,216.41,-4.0,-2.0,8.42,3,-175,1,1,0,0.0,0.4927,0,0
2283,2013-04-27,54.8,256.58,3.0,2.0,1.58,-1,77,1,1,0,-0.0,0.418,0,1
2283,2013-04-27,-54.8,256.58,-3.0,-2.0,-1.58,1,-77,1,1,0,0.0,0.582,1,1
2279,2013-04-27,202.01,227.75,-1.0,-4.0,-0.11,13,-2326,1,0,0,0.0,0.5734,0,0
2278,2013-04-27,-129.59,228.01,-4.0,1.0,0.23,-5,21,1,1,0,-0.0,0.4455,0,1
2277,2013-04-27,1.87,184.11,9.0,4.0,1.1,9,147,1,1,0,0.0,0.5,0,1
2277,2013-04-27,-1.87,184.11,-9.0,-4.0,-1.1,-9,-147,1,1,0,-0.0,0.5,1,1
2276,2013-04-27,-34.74,168.99,-0.0,1.0,-5.15,-4,21,1,1,0,-0.0,0.5366,0,1
2276,2013-04-27,34.74,168.99,0.0,-1.0,5.15,4,-21,1,1,0,0.0,0.4634,1,1
2275,2013-04-27,-171.75,184.94,-11.0,-3.0,10.29,-1,77,1,1,1,0.2045,0.5003,0,0
2275,2013-04-27,171.75,184.94,11.0,3.0,-10.29,1,-77,1,1,1,-0.2045,0.4997,1,0
2278,2013-04-27,129.59,228.01,4.0,-1.0,-0.23,5,-21,1,1,0,0.0,0.5545,1,1
2290,2013-05-18,-75.25,236.6,1.0,0.0,0.16,-10,210,1,1,0,0.0,0.4042,0,1
2288,2013-05-18,-22.0,188.02,0.0,-2.0,-2.86,1,77,1,1,0,-0.0,0.5002,1,1
2288,2013-05-18,22.0,188.02,-0.0,2.0,2.86,-1,-77,1,1,0,0.0,0.4998,0,1
2290,2013-05-18,75.25,236.6,-1.0,-0.0,-0.16,10,-210,1,1,0,-0.0,0.5958,1,1
2297,2013-05-18,-100.25,250.12,3.0,2.0,-3.88,-5,85,1,1,0,-0.0,0.5938,1,0
2297,2013-05-18,100.25,250.12,-3.0,-2.0,3.88,5,-85,1,1,0,0.0,0.4062,0,0
2304,2013-05-25,1.26,187.44,-3.0,-3.0,-8.94,2,-91,1,1,0,0.0,0.5382,0,0
2305,2013-05-25,-14.28,238.84,-3.0,-5.0,4.97,0,-56,1,1,0,0.0,0.5207,1,1
2304,2013-05-25,-1.26,187.44,3.0,3.0,8.94,-2,91,1,1,0,-0.0,0.4618,1,0
2307,2013-05-25,85.34,263.2,0.0,2.0,-5.01,2,-42,1,1,0,0.0,0.5299,1,1
2307,2013-05-25,-85.34,263.2,-0.0,-2.0,5.01,-2,42,1,1,0,-0.0,0.4701,0,1
2305,2013-05-25,14.28,238.84,3.0,5.0,-4.97,0,56,1,1,0,-0.0,0.4793,0,1
2302,2013-05-25,-67.41,185.91,2.0,1.0,-4.8,-2,-218,1,1,0,-0.0,0.5423,1,1
2300,2013-05-25,91.8,208.72,5.0,6.0,-9.86,5,63,1,1,0,0.0,0.5,1,1
2301,2013-05-25,-15.88,233.15,-1.0,-0.0,-1.92,3,-21,1,1,0,-0.0,0.4389,0,1
2301,2013-05-25,15.88,233.15,1.0,0.0,1.92,-3,21,1,1,0,0.0,0.5611,1,1
2300,2013-05-25,-91.8,208.72,-5.0,-6.0,9.86,-5,-63,1,1,0,-0.0,0.5,0,1
2302,2013-05-25,67.41,185.91,-2.0,-1.0,4.8,2,218,1,1,0,0.0,0.4577,0,1
2299,2013-05-25,-122.89,223.44,5.0,3.0,2.87,-7,-35,1,1,1,-0.2,0.4979,0,1
2299,2013-05-25,122.89,223.44,-5.0,-3.0,-2.87,7,35,1,1,1,0.2,0.5021,1,1
2321,2013-06-08,21.38,253.85,2.0,-1.0,2.45,4,-33,1,1,0,-0.0,0.5307,0,1
2321,2013-06-08,-21.38,253.85,-2.0,1.0,-2.45,-4,33,1,1,0,0.0,0.4693,1,1
2320,2013-06-08,-46.6,271.26,-4.0,-0.0,-1.25,-1,-105,1,1,0,0.0,0.4573,0,1
2320,2013-06-08,46.6,271.26,4.0,0.0,1.25,1,105,1,1,0,-0.0,0.5427,1,1
2318,2013-06-08,-46.01,257.49,-0.0,1.0,-0.61,1,210,1,1,0,-0.0,0.5332,1,1
2318,2013-06-08,46.01,257.49,0.0,-1.0,0.61,-1,-210,1,1,0,0.0,0.4668,0,1
2317,2013-06-08,105.89,237.87,0.0,-1.0,0.24,0,70,1,1,0,0.0,0.5067,1,1
2314,2013-06-08,-68.72,259.54,-1.0,-4.0,2.69,-3,927,1,1,0,0.0,0.5007,0,0
2314,2013-06-08,68.72,259.54,1.0,4.0,-2.69,3,-927,1,1,0,-0.0,0.4993,1,0
2311,2013-06-08,4.2,210.35,-0.0,1.0,-1.16,-2,112,1,1,0,0.0,0.5537,1,1
2311,2013-06-08,-4.2,210.35,0.0,-1.0,1.16,2,-112,1,1,0,-0.0,0.4463,0,1
2317,2013-06-08,-105.89,237.87,-0.0,1.0,-0.24,0,-70,1,1,0,-0.0,0.4933,0,1
2330,2013-06-15,85.41,238.29,2.0,2.0,7.93,2,154,1,1,0,0.0,0.4083,1,0
2333,2013-06-15,120.79,233.13,-6.0,-2.0,8.18,1,-49,1,1,0,0.0,0.4172,1,1
2332,2013-06-15,113.52,249.19,-4.0,-1.0,2.52,2,-119,0,1,0,0.0,0.5086,0,0
2332,2013-06-15,-113.52,249.19,4.0,1.0,-2.52,-2,119,1,0,0,-0.0,0.4914,1,0
2331,2013-06-15,-102.17,250.43,-2.0,-2.0,-0.62,1,-196,1,1,0,0.0,0.499,0,1
2331,2013-06-15,102.17,250.43,2.0,2.0,0.62,-1,196,1,1,0,-0.0,0.501,1,1
2330,2013-06-15,-85.41,238.29,-2.0,-2.0,-7.93,-2,-154,1,1,0,-0.0,0.5917,0,0
2328,2013-06-15,5.03,259.47,2.0,-3.0,-3.24,-4,-175,1,1,0,-0.0,0.5367,0,1
2333,2013-06-15,-120.79,233.13,6.0,2.0,-8.18,-1,49,1,1,0,-0.0,0.5828,0,1
2327,2013-06-15,49.69,219.78,1.0,1.0,-5.29,-7,-42,1,1,0,0.0,0.5,1,0
2327,2013-06-15,-49.69,219.78,-1.0,-1.0,5.29,7,42,1,1,0,-0.0,0.5,0,0
2325,2013-06-15,-4.34,232.58,1.0,-1.0,2.9,7,64,1,1,0,-0.0,0.5381,0,1
2325,2013-06-15,4.34,232.58,-1.0,1.0,-2.9,-7,-64,1,1,0,0.0,0.4619,1,1
2324,2013-06-15,-25.07,216.25,7.0,4.0,-6.16,-5,210,1,1,0,-0.0,0.5,1,1
2324,2013-06-15,25.07,216.25,-7.0,-4.0,6.16,5,-210,1,1,0,0.0,0.5,0,1
2323,2013-06-15,-67.95,182.73,-1.0,-1.0,9.09,-7,-21,1,1,0,0.0,0.4998,0,1
2323,2013-06-15,67.95,182.73,1.0,1.0,-9.09,7,21,1,1,0,-0.0,0.5002,1,1
2328,2013-06-15,-5.03,259.47,-2.0,3.0,3.24,4,175,1,1,0,0.0,0.4633,1,1
2344,2013-07-06,-165.56,218.81,4.0,4.0,0.86,-8,-43,1,1,0,0.0,0.4052,0,1
2344,2013-07-06,165.56,218.81,-4.0,-4.0,-0.86,8,43,1,1,0,-0.0,0.5948,1,1
2342,2013-07-06,175.94,219.71,4.0,3.0,-3.99,0,-196,1,1,0,-0.0,0.4999,1,1
2341,2013-07-06,-118.58,204.45,1.0,2.0,-5.38,-11,182,1,1,0,-0.0,0.4909,0,1
2341,2013-07-06,118.58,204.45,-1.0,-2.0,5.38,11,-182,1,1,0,0.0,0.5091,1,1
2339,2013-07-06,18.34,203.91,3.0,2.0,-5.49,-17,-21,1,1,0,0.0,0.4601,1,0
2339,2013-07-06,-18.34,203.91,-3.0,-2.0,5.49,17,21,1,1,0,-0.0,0.5399,0,0
2342,2013-07-06,-175.94,219.71,-4.0,-3.0,3.99,0,196,1,1,0,0.0,0.5001,0,1
2338,2013-07-06,14.11,198.69,0.0,2.0,-4.8,-10,-70,1,1,0,-0.0,0.4181,1,1
2337,2013-07-06,-32.73,188.5,3.0,-0.0,-2.97,1,-171,1,1,0,0.0,0.5,0,1
2337,2013-07-06,32.73,188.5,-3.0,0.0,2.97,-1,171,1,1,0,-0.0,0.5,1,1
2335,2013-07-06,-65.75,191.69,6.0,4.0,-8.0,-6,133,1,1,0,-0.0,0.4328,0,1
2335,2013-07-06,65.75,191.69,-6.0,-4.0,8.0,6,-133,1,1,0,0.0,0.5672,1,1
2334,2013-07-06,-151.15,200.31,1.0,-0.0,-9.18,-11,94,1,1,1,0.275,0.5081,1,0
2334,2013-07-06,151.15,200.31,-1.0,0.0,9.18,11,-94,1,1,1,-0.275,0.4919,0,0
2338,2013-07-06,-14.11,198.69,-0.0,-2.0,4.8,10,70,1,1,0,0.0,0.5819,0,1
2356,2013-07-27,28.26,258.39,3.0,1.0,5.69,-3,-6,0,1,0,-0.0,0.5783,1,1
2356,2013-07-27,-28.26,258.39,-3.0,-1.0,-5.69,3,6,1,0,0,0.0,0.4217,0,1
2355,2013-07-27,33.43,234.49,1.0,-0.0,-1.26,-6,-258,1,1,0,-0.0,0.4997,1,1
2355,2013-07-27,-33.43,234.49,-1.0,0.0,1.26,6,258,1,1,0,0.0,0.5003,0,1
2352,2013-07-27,-8.15,207.92,-1.0,-1.0,-8.7,-14,-42,1,1,0,0.0,0.4605,1,0
2352,2013-07-27,8.15,207.92,1.0,1.0,8.7,14,42,1,1,0,-0.0,0.5395,0,0
2351,2013-07-27,62.15,172.81,1.0,1.0,-3.24,8,-49,1,1,0,-0.0,0.4266,1,1
2351,2013-07-27,-62.15,172.81,-1.0,-1.0,3.24,-8,49,1,1,0,0.0,0.5734,0,1
2349,2013-07-27,-32.6,272.04,-1.0,-2.0,3.07,-1,-56,1,1,0,0.0,0.5425,1,0
2350,2013-07-27,60.59,230.09,-4.0,-5.0,4.49,4,63,1,1,0,0.0,0.4603,1,1
2349,2013-07-27,32.6,272.04,1.0,2.0,-3.07,1,56,1,1,0,-0.0,0.4575,0,0
2346,2013-07-27,19.85,204.87,-5.0,-3.0,4.32,4,-98,1,1,0,0.0,0.4346,0,1
2346,2013-07-27,-19.85,204.87,5.0,3.0,-4.32,-4,98,1,1,0,-0.0,0.5654,1,1
2345,2013-07-27,-11.59,237.32,-0.0,3.0,2.4,-5,28,1,1,1,-1.0,0.4937,0,1
2345,2013-07-27,11.59,237.32,0.0,-3.0,-2.4,5,-28,1,1,1,1.0,0.5063,1,1
2350,2013-07-27,-60.59,230.09,4.0,5.0,-4.49,-4,-63,1,1,0,-0.0,0.5397,0,1
2362,2013-08-03,-33.66,225.5,0.0,0.0,-11.74,-3,-280,1,1,0,0.0,0.5131,0,1
2364,2013-08-03,-58.94,272.16,-8.0,-3.0,5.03,1,133,1,1,0,-0.0,0.4961,1,1
2362,2013-08-03,33.66,225.5,-0.0,-0.0,11.74,3,280,1,1,0,-0.0,0.4869,1,1
2360,2013-08-03,-42.02,234.12,-5.0,-0.0,-0.85,-6,-1288,1,1,0,-0.0,0.406,0,1
2364,2013-08-03,58.94,272.16,8.0,3.0,-5.03,-1,-133,1,1,0,0.0,0.5039,0,1
2358,2013-08-03,-61.59,187.08,5.0,1.0,-6.32,-5,-63,1,1,0,0.0,0.5216,1,0
2358,2013-08-03,61.59,187.08,-5.0,-1.0,6.32,5,63,1,1,0,-0.0,0.4784,0,0
2357,2013-08-03,-79.16,241.89,2.0,-0.0,-0.52,-1,263,1,1,1,-0.75,0.5388,0,1
2357,2013-08-03,79.16,241.89,-2.0,0.0,0.52,1,-263,1,1,1,0.75,0.4612,1,1
2360,2013-08-03,42.02,234.12,5.0,0.0,0.85,6,1288,1,1,0,0.0,0.594,1,1
2379,2013-08-17,99.28,191.59,6.0,8.0,-2.97,5,-252,1,1,0,-0.0,0.4419,0,1
2379,2013-08-17,-99.28,191.59,-6.0,-8.0,2.97,-5,252,1,1,0,0.0,0.5581,1,1
2378,2013-08-17,-58.76,233.19,5.0,-0.0,1.8,1,-7,1,1,0,-0.0,0.5569,0,1
2377,2013-08-17,127.89,229.07,-0.0,5.0,-11.44,0,-336,1,1,0,-0.0,0.5661,1,1
2377,2013-08-17,-127.89,229.07,0.0,-5.0,11.44,0,336,1,1,0,0.0,0.4339,0,1
2376,2013-08-17,-28.91,254.84,-5.0,2.0,-3.39,4,-49,1,1,0,0.0,0.5388,0,0
2376,2013-08-17,28.91,254.84,5.0,-2.0,3.39,-4,49,1,1,0,-0.0,0.4612,1,0
2375,2013-08-17,56.38,227.99,2.0,3.0,-12.31,0,49,1,1,0,-0.0,0.461,1,1
2375,2013-08-17,-56.38,227.99,-2.0,-3.0,12.31,0,-49,1,1,0,0.0,0.539,0,1
2374,2013-08-17,-70.85,190.5,2.0,-0.0,-2.03,-6,-98,1,1,0,0.0,0.4951,1,0
2378,2013-08-17,58.76,233.19,-5.0,0.0,-1.8,-1,7,1,1,0,0.0,0.4431,1,1
2373,2013-08-17,70.98,245.63,-7.0,-5.0,1.42,6,657,0,1,0,-0.0,0.5001,1,1
2369,2013-08-17,-5.82,188.74,3.0,0.0,-4.65,-2,140,1,1,0,-0.0,0.4039,0,0
2369,2013-08-17,5.82,188.74,-3.0,-0.0,4.65,2,-140,1,1,0,0.0,0.5961,1,0
2374,2013-08-17,70.85,190.5,-2.0,0.0,2.03,6,98,1,1,0,-0.0,0.5049,0,0
2370,2013-08-17,134.36,238.32,-1.0,2.0,-2.17,5,-70,1,1,0,0.0,0.5399,1,1
2370,2013-08-17,-134.36,238.32,1.0,-2.0,2.17,-5,70,1,1,0,-0.0,0.4601,0,1
2371,2013-08-17,-56.95,224.41,4.0,3.0,-1.23,-1,-35,1,1,0,0.0,0.4834,0,0
2372,2013-08-17,-27.88,179.02,1.0,0.0,-5.31,4,35,1,1,0,-0.0,0.5177,1,1
2372,2013-08-17,27.88,179.02,-1.0,-0.0,5.31,-4,-35,1,1,0,0.0,0.4823,0,1
2373,2013-08-17,-70.98,245.63,7.0,5.0,-1.42,-6,-657,1,0,0,0.0,0.4999,0,1
2371,2013-08-17,56.95,224.41,-4.0,-3.0,1.23,1,35,1,1,0,-0.0,0.5166,1,0
2391,2013-08-28,-105.72,250.76,-0.0,-5.0,2.33,-2,-175,1,1,0,0.0,0.5667,1,0
2391,2013-08-28,105.72,250.76,0.0,5.0,-2.33,2,175,1,1,0,-0.0,0.4333,0,0
2390,2013-08-28,-110.14,220.04,2.0,1.0,0.83,-4,84,1,1,0,0.0,0.4041,0,1
2390,2013-08-28,110.14,220.04,-2.0,-1.0,-0.83,4,-84,1,1,0,-0.0,0.5959,1,1
2386,2013-08-28,50.82,234.58,-1.0,1.0,-5.93,-3,63,1,1,0,-0.0,0.5817,0,1
2386,2013-08-28,-50.82,234.58,1.0,-1.0,5.93,3,-63,1,1,0,0.0,0.4183,1,1
2385,2013-08-28,-0.31,249.04,2.0,-1.0,6.02,5,91,1,1,0,0.0,0.5953,1,1
2383,2013-08-28,-28.16,189.4,-3.0,-5.0,-1.58,3,7,1,1,0,0.0,0.5259,1,0
2383,2013-08-28,28.16,189.4,3.0,5.0,1.58,-3,-7,1,1,0,-0.0,0.4741,0,0
2382,2013-08-28,18.7,186.37,-3.0,-2.0,2.03,8,119,1,1,0,-0.0,0.5175,0,1
2382,2013-08-28,-18.7,186.37,3.0,2.0,-2.03,-8,-119,1,1,0,0.0,0.4825,1,1
2385,2013-08-28,0.31,249.04,-2.0,1.0,-6.02,-5,-91,1,1,0,-0.0,0.4047,0,1
2398,2013-08-31,45.44,230.74,1.0,-1.0,-0.29,4,-21,1,1,0,0.0,0.5021,1,1
2405,2013-08-31,-14.16,249.29,-4.0,-2.0,0.09,5,-119,1,1,0,0.0,0.4999,0,1
2400,2013-08-31,-4.67,263.69,3.0,4.0,-2.32,0,-224,1,1,0,0.0,0.5215,1,0
2405,2013-08-31,14.16,249.29,4.0,2.0,-0.09,-5,119,1,1,0,-0.0,0.5001,1,1
2400,2013-08-31,4.67,263.69,-3.0,-4.0,2.32,0,224,1,1,0,-0.0,0.4785,0,0
2399,2013-08-31,27.11,192.9,-0.0,2.0,1.02,14,-140,1,1,0,0.0,0.5006,1,0
2399,2013-08-31,-27.11,192.9,0.0,-2.0,-1.02,-14,140,1,1,0,-0.0,0.4994,0,0
2398,2013-08-31,-45.44,230.74,-1.0,1.0,0.29,-4,21,1,1,0,-0.0,0.4979,0,1
2395,2013-08-31,1.54,192.64,1.0,0.0,-1.53,16,-4047,1,1,0,0.0,0.5335,0,0
2397,2013-08-31,-64.0,200.55,0.0,1.0,-4.02,-10,-168,1,1,0,0.0,0.5011,1,1
2396,2013-08-31,-50.09,192.29,4.0,1.0,3.39,11,84,1,1,0,0.0,0.5952,0,1
2396,2013-08-31,50.09,192.29,-4.0,-1.0,-3.39,-11,-84,1,1,0,-0.0,0.4048,1,1
2395,2013-08-31,-1.54,192.64,-1.0,-0.0,1.53,-16,4047,1,1,0,-0.0,0.4665,1,0
2394,2013-08-31,-162.13,223.96,2.0,1.0,-3.2,-3,84,1,1,1,-0.5,0.4867,1,0
2394,2013-08-31,162.13,223.96,-2.0,-1.0,3.2,3,-84,1,1,1,0.5,0.5133,0,0
2397,2013-08-31,64.0,200.55,-0.0,-1.0,4.02,10,168,1,1,0,-0.0,0.4989,0,1
2408,2013-09-04,-107.02,241.87,2.0,1.0,-0.7,-4,-28,1,1,0,-0.0,0.5,0,0
2408,2013-09-04,107.02,241.87,-2.0,-1.0,0.7,4,28,1,1,0,0.0,0.5,1,0
2407,2013-09-04,-107.06,223.13,-3.0,-1.0,1.62,-16,-77,1,1,0,-0.0,0.5623,1,0
2406,2013-09-04,-33.65,210.23,-2.0,-0.0,-3.61,7,119,1,1,0,0.0,0.5207,0,1
2406,2013-09-04,33.65,210.23,2.0,0.0,3.61,-7,-119,1,1,0,-0.0,0.4793,1,1
2407,2013-09-04,107.06,223.13,3.0,1.0,-1.62,16,77,1,1,0,0.0,0.4377,0,0
2421,2013-09-21,199.88,258.21,-2.0,-2.0,-5.17,2,-28,1,1,0,0.0,0.596,1,1
2428,2013-09-21,132.7,234.69,-2.0,-1.0,4.51,-3,-105,1,1,0,-0.0,0.449,0,0
2425,2013-09-21,55.55,271.34,6.0,2.0,-4.61,-1,-133,1,1,0,-0.0,0.5003,0,0
2425,2013-09-21,-55.55,271.34,-6.0,-2.0,4.61,1,133,1,1,0,0.0,0.4997,1,0
2424,2013-09-21,5.37,264.33,5.0,2.0,-7.01,1,-308,1,1,0,0.0,0.5001,1,1
2428,2013-09-21,-132.7,234.69,2.0,1.0,-4.51,3,105,1,1,0,0.0,0.551,1,0
2424,2013-09-21,-5.37,264.33,-5.0,-2.0,7.01,-1,308,1,1,0,-0.0,0.4999,0,1
2421,2013-09-21,-199.88,258.21,2.0,2.0,5.17,-2,28,1,1,0,-0.0,0.404,0,1
2419,2013-09-21,-47.46,204.02,-4.0,1.0,-4.67,0,42,1,1,0,0.0,0.4982,1,0
2420,2013-09-21,-24.14,223.36,-5.0,-4.0,1.87,1,112,1,1,0,0.0,0.4081,0,1
2419,2013-09-21,47.46,204.02,4.0,-1.0,4.67,0,-42,1,1,0,-0.0,0.5018,0,0
2418,2013-09-21,-170.29,233.58,-1.0,1.0,2.6,-1,49,1,1,1,0.15,0.406,0,1
2418,2013-09-21,170.29,233.58,1.0,-1.0,-2.6,1,-49,1,1,1,-0.15,0.594,1,1
2417,2013-09-21,-98.45,189.85,-5.0,1.0,0.51,-5,140,1,1,1,0.0192,0.4446,0,1
2417,2013-09-21,98.45,189.85,5.0,-1.0,-0.51,5,-140,1,1,1,-0.0192,0.5554,1,1
2420,2013-09-21,24.14,223.36,5.0,4.0,-1.87,-1,-112,1,1,0,-0.0,0.5919,1,1
2435,2013-10-09,-9.04,228.09,1.0,1.0,-3.56,0,49,1,1,0,-0.0,0.4826,0,1
2435,2013-10-09,9.04,228.09,-1.0,-1.0,3.56,0,-49,1,1,0,0.0,0.5174,1,1
2434,2013-10-09,83.11,185.27,-0.0,-0.0,-0.51,1,-204,1,0,0,0.0,0.5674,0,1
2434,2013-10-09,-83.11,185.27,0.0,0.0,0.51,-1,204,0,1,0,-0.0,0.4326,1,1
2433,2013-10-09,-23.89,215.97,-0.0,-0.0,-1.73,4,155,1,1,0,-0.0,0.5001,0,1
2433,2013-10-09,23.89,215.97,0.0,0.0,1.73,-4,-155,1,1,0,0.0,0.4999,1,1
2432,2013-10-09,-31.07,186.5,-2.0,1.0,-6.1,-3,-259,1,1,0,-0.0,0.5,1,1
2431,2013-10-09,95.65,210.42,2.0,2.0,2.59,6,98,1,1,0,0.0,0.5649,1,0
2431,2013-10-09,-95.65,210.42,-2.0,-2.0,-2.59,-6,-98,1,1,0,-0.0,0.4351,0,0
2430,2013-10-09,-104.07,198.42,-0.0,-1.0,-1.17,-10,-133,1,1,0,0.0,0.4055,1,0
2430,2013-10-09,104.07,198.42,0.0,1.0,1.17,10,133,1,1,0,-0.0,0.5945,0,0
2432,2013-10-09,31.07,186.5,2.0,-1.0,6.1,3,259,1,1,0,0.0,0.5,0,1
2448,2013-10-19,-122.03,236.54,-1.0,-0.0,-5.41,-9,-162,1,1,0,0.0,0.4506,1,1
2448,2013-10-19,122.03,236.54,1.0,0.0,5.41,9,162,1,1,0,-0.0,0.5494,0,1
2446,2013-10-19,-111.69,210.28,-3.0,-3.0,1.21,-12,14,0,1,0,0.0,0.4969,1,0
2446,2013-10-19,111.69,210.28,3.0,3.0,-1.21,12,-14,1,0,0,-0.0,0.5031,0,0
2445,2013-10-19,-19.37,185.48,2.0,2.0,-2.53,-1,168,1,1,0,-0.0,0.594,0,1
2443,2013-10-19,16.75,202.73,-1.0,-2.0,-5.43,-12,21,1,1,0,0.0,0.4909,0,0
2445,2013-10-19,19.37,185.48,-2.0,-2.0,2.53,1,-168,1,1,0,0.0,0.406,1,1
2442,2013-10-19,174.03,224.33,-1.0,1.0,0.28,17,49,1,1,0,-0.0,0.5,0,0
2442,2013-10-19,-174.03,224.33,1.0,-1.0,-0.28,-17,-49,1,1,0,0.0,0.5,1,0
2441,2013-10-19,14.27,235.1,1.0,1.0,2.75,9,-56,1,1,0,-0.0,0.4048,0,1
2441,2013-10-19,-14.27,235.1,-1.0,-1.0,-2.75,-9,56,1,1,0,0.0,0.5952,1,1
2440,2013-10-19,5.09,187.77,-0.0,3.0,-1.51,0,0,1,1,1,0.0909,0.4979,0,1
2440,2013-10-19,-5.09,187.77,0.0,-3.0,1.51,0,0,1,1,1,-0.0909,0.5021,1,1
2443,2013-10-19,-16.75,202.73,1.0,2.0,5.43,12,-21,1,1,0,-0.0,0.5091,1,0
2458,2013-10-26,61.07,250.79,2.0,-1.0,-6.77,2,-168,1,1,0,-0.0,0.5376,1,1
2462,2013-10-26,34.93,219.82,4.0,5.0,4.81,12,-182,1,1,0,-0.0,0.5115,1,1
2462,2013-10-26,-34.93,219.82,-4.0,-5.0,-4.81,-12,182,1,1,0,0.0,0.4885,0,1
2460,2013-10-26,52.26,257.73,-1.0,-5.0,2.24,3,-84,1,1,0,-0.0,0.4436,0,1
2460,2013-10-26,-52.26,257.73,1.0,5.0,-2.24,-3,84,1,1,0,0.0,0.5564,1,1
2459,2013-10-26,75.26,271.54,1.0,-1.0,-0.32,-1,-4,1,1,0,-0.0,0.5958,0,1
2459,2013-10-26,-75.26,271.54,-1.0,1.0,0.32,1,4,1,1,0,0.0,0.4042,1,1
2458,2013-10-26,-61.07,250.79,-2.0,1.0,6.77,-2,168,1,1,0,0.0,0.4624,0,1
2454,2013-10-26,-37.87,174.63,2.0,1.0,1.49,10,-112,1,1,0,-0.0,0.4998,1,1
2456,2013-10-26,14.1,279.6,-3.0,0.0,-2.32,0,-238,1,1,0,0.0,0.429,1,0
2455,2013-10-26,-45.03,253.84,-6.0,-0.0,-1.77,1,-119,1,1,0,0.0,0.5001,0,1
2455,2013-10-26,45.03,253.84,6.0,0.0,1.77,-1,119,1,1,0,-0.0,0.4999,1,1
2454,2013-10-26,37.87,174.63,-2.0,-1.0,-1.49,-10,112,1,1,0,0.0,0.5002,0,1
2453,2013-10-26,-16.54,177.79,-3.0,-1.0,0.3,-4,28,1,0,0,-0.0,0.4626,0,0
2453,2013-10-26,16.54,177.79,3.0,1.0,-0.3,4,-28,0,1,0,0.0,0.5374,1,0
2456,2013-10-26,-14.1,279.6,3.0,-0.0,2.32,0,238,1,1,0,-0.0,0.571,0,0
2472,2013-11-06,37.23,223.83,4.0,5.0,-0.18,1,-84,1,1,0,0.0,0.4893,0,1
2473,2013-11-06,-6.14,280.04,-2.0,-1.0,-4.1,0,-7,1,1,0,-0.0,0.5103,1,1
2473,2013-11-06,6.14,280.04,2.0,1.0,4.1,0,7,1,1,0,0.0,0.4897,0,1
2474,2013-11-06,112.71,240.12,3.0,3.0,-0.21,8,-28,1,1,0,-0.0,0.5577,0,1
2475,2013-11-06,-74.53,221.92,2.0,1.0,-10.93,-17,91,1,1,0,-0.0,0.4716,1,0
2474,2013-11-06,-112.71,240.12,-3.0,-3.0,0.21,-8,28,1,1,0,0.0,0.4423,1,1
2475,2013-11-06,74.53,221.92,-2.0,-1.0,10.93,17,-91,1,1,0,0.0,0.5284,0,0
2476,2013-11-06,-55.07,237.31,5.0,0.0,-5.77,-5,-28,1,1,0,0.0,0.5092,0,1
2472,2013-11-06,-37.23,223.83,-4.0,-5.0,0.18,-1,84,1,1,0,-0.0,0.5107,1,1
2476,2013-11-06,55.07,237.31,-5.0,-0.0,5.77,5,28,1,1,0,-0.0,0.4908,1,1
2471,2013-11-06,50.06,224.16,-2.0,-5.0,0.09,-5,112,1,1,0,-0.0,0.4999,1,1
2467,2013-11-06,90.47,263.65,2.0,1.0,-10.98,2,91,1,1,0,0.0,0.5001,0,0
2470,2013-11-06,-6.86,278.45,2.0,4.0,0.27,0,-133,1,1,0,-0.0,0.4999,0,1
2465,2013-11-06,65.99,243.01,3.0,1.0,-3.32,7,-60,1,1,0,-0.0,0.5936,0,1
2466,2013-11-06,-58.51,272.16,-2.0,0.0,0.62,1,-42,1,1,0,-0.0,0.4554,0,1
2466,2013-11-06,58.51,272.16,2.0,-0.0,-0.62,-1,42,1,1,0,0.0,0.5446,1,1
2465,2013-11-06,-65.99,243.01,-3.0,-1.0,3.32,-7,60,1,1,0,0.0,0.4064,1,1
2468,2013-11-06,25.26,263.84,1.0,3.0,1.98,0,-91,1,1,0,0.0,0.5423,0,1
2468,2013-11-06,-25.26,263.84,-1.0,-3.0,-1.98,0,91,1,1,0,-0.0,0.4577,1,1
2470,2013-11-06,6.86,278.45,-2.0,-4.0,-0.27,0,133,1,1,0,0.0,0.5001,1,1
2467,2013-11-06,-90.47,263.65,-2.0,-1.0,10.98,-2,-91,1,1,0,-0.0,0.4999,1,0
2471,2013-11-06,-50.06,224.16,2.0,5.0,-0.09,5,-112,1,1,0,0.0,0.5001,0,1
2481,2013-11-09,10.97,235.58,-0.0,3.0,-4.46,-9,-102,1,1,0,-0.0,0.4076,1,0
2486,2013-11-09,10.81,213.54,-0.0,1.0,2.66,-10,-189,1,1,0,0.0,0.405,0,0
2486,2013-11-09,-10.81,213.54,0.0,-1.0,-2.66,10,189,1,1,0,-0.0,0.595,1,0
2484,2013-11-09,-1.67,250.06,-6.0,1.0,1.41,0,56,1,1,0,-0.0,0.4672,1,1
2484,2013-11-09,1.67,250.06,6.0,-1.0,-1.41,0,-56,1,1,0,0.0,0.5328,0,1
2483,2013-11-09,-111.82,208.75,-2.0,2.0,-2.18,13,14,1,1,0,0.0,0.4579,1,1
2483,2013-11-09,111.82,208.75,2.0,-2.0,2.18,-13,-14,1,1,0,-0.0,0.5421,0,1
2481,2013-11-09,-10.97,235.58,0.0,-3.0,4.46,9,102,1,1,0,0.0,0.5924,0,0
2480,2013-11-09,-26.88,238.24,0.0,1.0,-1.28,-9,7,1,1,0,-0.0,0.462,1,1
2479,2013-11-09,-94.66,263.32,-5.0,-4.0,2.49,0,56,1,1,0,-0.0,0.4845,0,0
2479,2013-11-09,94.66,263.32,5.0,4.0,-2.49,0,-56,1,1,0,0.0,0.5155,1,0
2478,2013-11-09,-50.25,177.9,-0.0,-1.0,6.6,-8,-28,1,1,0,0.0,0.428,0,0
2478,2013-11-09,50.25,177.9,0.0,1.0,-6.6,8,28,1,1,0,-0.0,0.572,1,0
2480,2013-11-09,26.88,238.24,-0.0,-1.0,1.28,9,-7,1,1,0,0.0,0.538,0,1
2494,2013-11-16,27.82,187.91,3.0,3.0,-1.28,-1,-102,1,1,0,-0.0,0.4742,1,0
2497,2013-11-16,-110.45,232.94,1.0,-1.0,5.3,1,74,1,1,0,0.0,0.4181,0,1
2497,2013-11-16,110.45,232.94,-1.0,1.0,-5.3,-1,-74,1,1,0,-0.0,0.5819,1,1
2496,2013-11-16,-29.58,202.65,-2.0,-3.0,-3.75,8,-308,1,1,0,-0.0,0.5952,1,1
2496,2013-11-16,29.58,202.65,2.0,3.0,3.75,-8,308,1,1,0,0.0,0.4048,0,1
2495,2013-11-16,1.21,189.0,1.0,-0.0,-0.93,-5,-7,1,1,0,0.0,0.5017,1,1
2495,2013-11-16,-1.21,189.0,-1.0,0.0,0.93,5,7,1,1,0,-0.0,0.4983,0,1
2494,2013-11-16,-27.82,187.91,-3.0,-3.0,1.28,1,102,1,1,0,0.0,0.5258,0,0
2493,2013-11-16,14.04,264.26,-1.0,-3.0,1.54,-2,-4,1,1,0,-0.0,0.4044,1,0
2489,2013-11-16,52.1,172.86,7.0,2.0,2.32,9,0,1,1,1,0.0045,0.5897,1,0
2492,2013-11-16,-130.35,208.47,1.0,-1.0,-4.35,-20,-112,1,1,0,0.0,0.506,1,1
2492,2013-11-16,130.35,208.47,-1.0,1.0,4.35,20,112,1,1,0,-0.0,0.494,0,1
2491,2013-11-16,-101.88,204.52,-2.0,-1.0,7.34,2,0,1,1,0,-0.0,0.4057,1,0
2491,2013-11-16,101.88,204.52,2.0,1.0,-7.34,-2,0,1,1,0,0.0,0.5943,0,0
2490,2013-11-16,-84.17,172.52,-2.0,1.0,2.48,-4,-63,1,1,0,-0.0,0.5959,0,0
2490,2013-11-16,84.17,172.52,2.0,-1.0,-2.48,4,63,1,1,0,0.0,0.4041,1,0
2489,2013-11-16,-52.1,172.86,-7.0,-2.0,-2.32,-9,0,1,1,1,-0.0045,0.4103,0,0
2493,2013-11-16,-14.04,264.26,1.0,3.0,-1.54,2,4,1,1,0,0.0,0.5956,0,0
2505,2013-11-30,-90.17,263.29,3.0,-0.0,-1.14,0,-7,1,1,0,-0.0,0.5004,0,1
2505,2013-11-30,90.17,263.29,-3.0,0.0,1.14,0,7,1,1,0,0.0,0.4996,1,1
2501,2013-11-30,-69.75,169.8,6.0,3.0,-5.94,5,35,1,1,0,-0.0,0.5941,1,0
2501,2013-11-30,69.75,169.8,-6.0,-3.0,5.94,-5,-35,1,1,0,0.0,0.4059,0,0
2517,2013-12-06,-43.27,244.5,-1.0,1.0,-8.84,-3,-84,1,1,0,-0.0,0.4723,1,0
2517,2013-12-06,43.27,244.5,1.0,-1.0,8.84,3,84,1,1,0,0.0,0.5277,0,0
2516,2013-12-06,-151.95,215.28,1.0,-1.0,0.76,-1,263,0,1,0,0.0,0.4999,0,1
2516,2013-12-06,151.95,215.28,-1.0,1.0,-0.76,1,-263,1,0,0,-0.0,0.5001,1,1
2514,2013-12-06,-35.92,271.93,3.0,1.0,-7.02,-1,137,1,1,0,-0.0,0.5,1,0
2514,2013-12-06,35.92,271.93,-3.0,-1.0,7.02,1,-137,1,1,0,0.0,0.5,0,0
2513,2013-12-06,25.74,224.79,7.0,5.0,1.98,-9,-77,1,1,0,-0.0,0.5105,1,1
2512,2013-12-06,102.43,192.55,-1.0,-1.0,-10.67,4,-32,1,1,0,0.0,0.5649,1,1
2512,2013-12-06,-102.43,192.55,1.0,1.0,10.67,-4,32,1,1,0,-0.0,0.4351,0,1
2511,2013-12-06,36.42,198.51,-1.0,1.0,0.16,-4,84,1,1,0,0.0,0.5,0,1
2511,2013-12-06,-36.42,198.51,1.0,-1.0,-0.16,4,-84,1,1,0,-0.0,0.5,1,1
2510,2013-12-06,-49.93,229.34,10.0,6.0,-5.48,-2,0,1,1,0,-0.0,0.5,1,1
2510,2013-12-06,49.93,229.34,-10.0,-6.0,5.48,2,0,1,1,0,0.0,0.5,0,1
2513,2013-12-06,-25.74,224.79,-7.0,-5.0,-1.98,9,77,1,1,0,0.0,0.4895,0,1
2525,2013-12-14,7.67,237.26,-1.0,2.0,1.2,-5,-73,1,1,0,0.0,0.4048,1,0
2529,2013-12-14,-22.31,192.82,2.0,3.0,-3.65,-10,49,1,1,0,-0.0,0.5806,0,0
2527,2013-12-14,-168.87,264.72,1.0,2.0,3.14,1,46,1,1,0,0.0,0.4607,0,1
2527,2013-12-14,168.87,264.72,-1.0,-2.0,-3.14,-1,-46,1,1,0,-0.0,0.5393,1,1
2526,2013-12-14,18.37,208.25,4.0,2.0,-6.41,-1,21,1,1,0,-0.0,0.4996,1,1
2526,2013-12-14,-18.37,208.25,-4.0,-2.0,6.41,1,-21,1,1,0,0.0,0.5004,0,1
2525,2013-12-14,-7.67,237.26,1.0,-2.0,-1.2,5,73,1,1,0,-0.0,0.5952,0,0
2529,2013-12-14,22.31,192.82,-2.0,-3.0,3.65,10,-49,1,1,0,0.0,0.4194,1,0
2524,2013-12-14,89.01,176.67,1.0,2.0,-4.39,3,-21,1,1,0,-0.0,0.4436,1,1
2523,2013-12-14,-7.67,199.34,2.0,2.0,0.71,5,105,1,1,0,0.0,0.596,0,1
2523,2013-12-14,7.67,199.34,-2.0,-2.0,-0.71,-5,-105,1,1,0,-0.0,0.404,1,1
2522,2013-12-14,24.82,215.14,3.0,3.0,-11.67,-1,0,1,1,0,-0.0,0.4518,0,1
2522,2013-12-14,-24.82,215.14,-3.0,-3.0,11.67,1,0,1,1,0,0.0,0.5482,1,1
2521,2013-12-14,3.96,208.75,-1.0,1.0,2.03,-1,-39,1,1,1,-0.3036,0.4984,0,0
2521,2013-12-14,-3.96,208.75,1.0,-1.0,-2.03,1,39,1,1,1,0.3036,0.5016,1,0
2524,2013-12-14,-89.01,176.67,-1.0,-2.0,4.39,-3,21,1,1,0,0.0,0.5564,0,1
2540,2013-12-28,-18.15,233.16,1.0,4.0,-1.13,-6,168,1,1,0,-0.0,0.5238,0,1
2540,2013-12-28,18.15,233.16,-1.0,-4.0,1.13,6,-168,1,1,0,0.0,0.4762,1,1
2539,2013-12-28,113.76,182.72,3.0,1.0,2.32,7,42,1,1,0,-0.0,0.4928,0,1
2538,2013-12-28,-57.9,177.77,2.0,-0.0,-2.66,-11,14,1,1,0,-0.0,0.4047,1,1
2538,2013-12-28,57.9,177.77,-2.0,0.0,2.66,11,-14,1,1,0,0.0,0.5953,0,1
2537,2013-12-28,-121.64,210.1,6.0,1.0,-4.03,-19,-42,1,1,0,0.0,0.46,1,0
2537,2013-12-28,121.64,210.1,-6.0,-1.0,4.03,19,42,1,1,0,-0.0,0.54,0,0
2536,2013-12-28,-8.66,215.94,-8.0,-2.0,1.65,-3,14,1,1,0,0.0,0.448,0,0
2539,2013-12-28,-113.76,182.72,-3.0,-1.0,-2.32,-7,-42,1,1,0,0.0,0.5072,1,1
2535,2013-12-28,-151.44,205.14,-0.0,2.0,4.68,-11,294,1,1,0,0.0,0.515,0,0
2535,2013-12-28,151.44,205.14,0.0,-2.0,-4.68,11,-294,1,1,0,-0.0,0.485,1,0
2534,2013-12-28,28.6,212.5,1.0,3.0,-4.68,2,14,1,1,0,0.0,0.5196,1,1
2534,2013-12-28,-28.6,212.5,-1.0,-3.0,4.68,-2,-14,1,1,0,-0.0,0.4804,0,1
2533,2013-12-28,-111.44,280.1,-1.0,-1.0,0.46,0,-49,1,1,1,-0.0,0.4941,0,1
2533,2013-12-28,111.44,280.1,1.0,1.0,-0.46,0,49,1,1,1,0.0,0.5059,1,1
2532,2013-12-28,77.52,194.92,-1.0,-0.0,9.18,11,0,1,1,1,-0.2157,0.4919,0,0
2532,2013-12-28,-77.52,194.92,1.0,0.0,-9.18,-11,0,1,1,1,0.2157,0.5081,1,0
2536,2013-12-28,8.66,215.94,8.0,2.0,-1.65,3,-14,1,1,0,-0.0,0.552,1,0
2559,2014-01-15,-35.85,223.67,-5.0,-1.0,5.18,-1,-11,0,1,0,0.0,0.5936,0,1
2559,2014-01-15,35.85,223.67,5.0,1.0,-5.18,1,11,1,0,0,-0.0,0.4064,1,1
2558,2014-01-15,-43.32,205.21,-6.0,-5.0,-1.77,-11,-14,1,1,0,-0.0,0.4885,0,1
2558,2014-01-15,43.32,205.21,6.0,5.0,1.77,11,14,1,1,0,0.0,0.5115,1,1
2557,2014-01-15,-8.61,264.02,-1.0,-1.0,-4.77,-2,-105,1,1,0,-0.0,0.4212,0,1
2557,2014-01-15,8.61,264.02,1.0,1.0,4.77,2,105,1,1,0,0.0,0.5788,1,1
2556,2014-01-15,-8.93,262.84,4.0,1.0,-6.68,0,0,1,1,0,0.0,0.5092,0,1
2556,2014-01-15,8.93,262.84,-4.0,-1.0,6.68,0,0,1,1,0,-0.0,0.4908,1,1
2555,2014-01-15,38.82,222.99,-3.0,0.0,-2.04,1,-186,1,1,0,-0.0,0.5505,1,0
2554,2014-01-15,110.07,238.07,2.0,2.0,-1.3,5,70,1,1,0,-0.0,0.5002,1,1
2554,2014-01-15,-110.07,238.07,-2.0,-2.0,1.3,-5,-70,1,1,0,0.0,0.4998,0,1
2553,2014-01-15,156.53,244.57,-4.0,-4.0,4.88,6,-126,1,1,0,0.0,0.4149,0,0
2553,2014-01-15,-156.53,244.57,4.0,4.0,-4.88,-6,126,1,1,0,-0.0,0.5851,1,0
2555,2014-01-15,-38.82,222.99,3.0,-0.0,2.04,-1,186,1,1,0,0.0,0.4495,0,0
2569,2014-01-25,9.77,246.22,-4.0,-4.0,-5.16,-7,-56,1,1,0,0.0,0.4622,0,0
2575,2014-01-25,-6.0,279.94,-0.0,-2.0,-8.74,0,91,1,1,0,-0.0,0.5601,1,0
2575,2014-01-25,6.0,279.94,0.0,2.0,8.74,0,-91,1,1,0,0.0,0.4399,0,0
2571,2014-01-25,-35.67,256.06,5.0,3.0,3.98,-1,35,1,1,0,-0.0,0.5782,1,1
2571,2014-01-25,35.67,256.06,-5.0,-3.0,-3.98,1,-35,1,1,0,0.0,0.4218,0,1
2570,2014-01-25,72.8,225.22,-1.0,-0.0,5.08,1,98,1,1,0,0.0,0.5002,0,1
2570,2014-01-25,-72.8,225.22,1.0,0.0,-5.08,-1,-98,1,1,0,-0.0,0.4998,1,1
2569,2014-01-25,-9.77,246.22,4.0,4.0,5.16,7,56,1,1,0,-0.0,0.5378,1,0
2566,2014-01-25,33.0,196.28,4.0,2.0,-3.26,-12,126,1,1,0,0.0,0.4908,1,1
2568,2014-01-25,103.53,181.93,0.0,1.0,2.02,-8,73,1,1,0,0.0,0.596,0,1
2567,2014-01-25,-82.02,232.8,-1.0,-3.0,0.28,-10,7,1,1,0,-0.0,0.4844,0,0
2567,2014-01-25,82.02,232.8,1.0,3.0,-0.28,10,-7,1,1,0,0.0,0.5156,1,0
2566,2014-01-25,-33.0,196.28,-4.0,-2.0,3.26,12,-126,1,1,0,-0.0,0.5092,0,1
2568,2014-01-25,-103.53,181.93,-0.0,-1.0,-2.02,8,-73,1,1,0,-0.0,0.404,1,1
2565,2014-01-25,-150.3,220.86,1.0,1.0,5.15,-4,133,1,1,0,-0.0,0.4051,0,0
2565,2014-01-25,150.3,220.86,-1.0,-1.0,-5.15,4,-133,1,1,0,0.0,0.5949,1,0
2583,2014-02-01,2.39,229.9,1.0,1.0,-0.86,-4,-231,1,1,0,0.0,0.404,0,0
2583,2014-02-01,-2.39,229.9,-1.0,-1.0,0.86,4,231,1,1,0,-0.0,0.596,1,0
2581,2014-02-01,37.89,245.34,-6.0,-3.0,-1.79,6,18,1,1,0,0.0,0.4997,0,0
2580,2014-02-01,35.71,228.04,-1.0,-0.0,1.07,-2,-105,1,1,0,-0.0,0.4711,1,1
2580,2014-02-01,-35.71,228.04,1.0,0.0,-1.07,2,105,1,1,0,0.0,0.5289,0,1
2579,2014-02-01,5.85,245.26,-2.0,1.0,5.0,-3,-21,1,1,0,0.0,0.4625,1,1
2581,2014-02-01,-37.89,245.34,6.0,3.0,1.79,-6,-18,1,1,0,-0.0,0.5003,1,0
2578,2014-02-01,-104.16,202.76,1.0,1.0,-0.98,-19,14,1,1,0,-0.0,0.4959,1,0
2578,2014-02-01,104.16,202.76,-1.0,-1.0,0.98,19,-14,1,1,0,0.0,0.5041,0,0
2577,2014-02-01,-98.06,231.87,1.0,1.0,4.3,-1,189,1,1,1,-0.35,0.5923,0,1
2577,2014-02-01,98.06,231.87,-1.0,-1.0,-4.3,1,-189,1,1,1,0.35,0.4077,1,1
2576,2014-02-01,-79.45,212.16,-3.0,-0.0,7.72,2,-84,1,1,1,-0.0,0.4957,0,1
2576,2014-02-01,79.45,212.16,3.0,0.0,-7.72,-2,84,1,1,1,0.0,0.5043,1,1
2579,2014-02-01,-5.85,245.26,2.0,-1.0,-5.0,3,21,1,1,0,-0.0,0.5375,0,1
2597,2014-02-15,7.88,239.36,-2.0,-0.0,4.32,-2,-87,1,1,0,-0.0,0.4395,0,1
2597,2014-02-15,-7.88,239.36,2.0,0.0,-4.32,2,87,1,1,0,0.0,0.5605,1,1
2596,2014-02-15,61.05,249.36,-6.0,-5.0,-4.42,-5,-35,1,1,0,0.0,0.5226,0,1
2596,2014-02-15,-61.05,249.36,6.0,5.0,4.42,5,35,1,1,0,-0.0,0.4774,1,1
2595,2014-02-15,-96.3,253.79,-0.0,1.0,-7.33,-4,-17,1,1,0,0.0,0.4249,0,1
2595,2014-02-15,96.3,253.79,0.0,-1.0,7.33,4,17,1,1,0,-0.0,0.5751,1,1
2592,2014-02-15,85.0,225.67,5.0,2.0,-0.67,6,112,1,1,0,-0.0,0.4983,1,1
2589,2014-02-15,71.48,241.43,6.0,2.0,-1.85,4,-17,1,1,0,0.0,0.519,0,1
2589,2014-02-15,-71.48,241.43,-6.0,-2.0,1.85,-4,17,1,1,0,-0.0,0.481,1,1
2588,2014-02-15,-136.21,223.79,2.0,1.0,-7.17,-15,203,0,1,0,0.0,0.5025,0,0
2588,2014-02-15,136.21,223.79,-2.0,-1.0,7.17,15,-203,1,0,0,-0.0,0.4975,1,0
2592,2014-02-15,-85.0,225.67,-5.0,-2.0,0.67,-6,-112,1,1,0,0.0,0.5017,0,1
2604,2014-02-22,-68.85,249.73,-2.0,0.0,-7.85,-2,24,1,1,0,0.0,0.5,0,1
2609,2014-02-22,-83.4,224.76,0.0,-2.0,6.69,3,56,1,0,0,0.0,0.452,0,0
2604,2014-02-22,68.85,249.73,2.0,-0.0,7.85,2,-24,1,1,0,-0.0,0.5,1,1
2609,2014-02-22,83.4,224.76,-0.0,2.0,-6.69,-3,-56,0,1,0,-0.0,0.548,1,0
2603,2014-02-22,-57.53,196.29,1.0,-1.0,-12.6,-5,-63,1,1,0,0.0,0.4686,0,1
2602,2014-02-22,-4.12,183.82,4.0,-1.0,-11.71,-9,-38,1,1,0,-0.0,0.5003,1,0
2602,2014-02-22,4.12,183.82,-4.0,1.0,11.71,9,38,1,1,0,0.0,0.4997,0,0
2600,2014-02-22,-51.0,272.43,-0.0,-1.0,6.35,-1,245,1,1,1,-0.0,0.4916,0,1
2600,2014-02-22,51.0,272.43,0.0,1.0,-6.35,1,-245,1,1,1,0.0,0.5084,1,1
2603,2014-02-22,57.53,196.29,-1.0,1.0,12.6,5,63,1,1,0,-0.0,0.5314,1,1
2616,2014-03-01,30.16,220.02,-4.0,-0.0,0.41,-2,181,1,1,0,-0.0,0.5771,1,1
2616,2014-03-01,-30.16,220.02,4.0,0.0,-0.41,2,-181,1,1,0,0.0,0.4229,0,1
2614,2014-03-01,22.24,215.25,-9.0,-5.0,1.13,3,-24,0,1,0,-0.0,0.5834,0,1
2614,2014-03-01,-22.24,215.25,9.0,5.0,-1.13,-3,24,1,0,0,0.0,0.4166,1,1
2613,2014-03-01,14.94,211.77,7.0,3.0,6.27,4,28,1,1,0,0.0,0.5,1,0
2611,2014-03-01,-14.22,196.4,-1.0,-1.0,-5.68,-4,375,1,1,0,0.0,0.4064,0,0
2611,2014-03-01,14.22,196.4,1.0,1.0,5.68,4,-375,1,1,0,-0.0,0.5936,1,0
2613,2014-03-01,-14.94,211.77,-7.0,-3.0,-6.27,-4,-28,1,1,0,-0.0,0.5,0,0
2627,2014-03-08,-6.16,249.57,-2.0,-1.0,-0.98,0,56,1,1,0,-0.0,0.5377,1,1
2627,2014-03-08,6.16,249.57,2.0,1.0,0.98,0,-56,1,1,0,0.0,0.4623,0,1
2623,2014-03-08,-73.8,245.57,-8.0,-8.0,-8.81,-6,-49,1,1,0,0.0,0.4988,1,0
2623,2014-03-08,73.8,245.57,8.0,8.0,8.81,6,49,1,1,0,-0.0,0.5012,0,0
2622,2014-03-08,-23.72,271.2,1.0,1.0,0.79,-1,-266,0,1,0,-0.0,0.5352,0,0
2620,2014-03-08,8.75,173.85,-2.0,-1.0,3.18,11,63,1,1,0,-0.0,0.5,0,0
2620,2014-03-08,-8.75,173.85,2.0,1.0,-3.18,-11,-63,1,1,0,0.0,0.5,1,0
2619,2014-03-08,-33.42,221.91,-0.0,-4.0,6.91,-6,-35,1,1,0,-0.0,0.4897,0,1
2619,2014-03-08,33.42,221.91,0.0,4.0,-6.91,6,35,1,1,0,0.0,0.5103,1,1
2622,2014-03-08,23.72,271.2,-1.0,-1.0,-0.79,1,266,1,0,0,0.0,0.4648,1,0
2633,2014-03-15,10.93,219.04,-0.0,-0.0,7.15,12,-80,1,1,0,0.0,0.5122,0,1
2640,2014-03-15,43.94,249.71,0.0,-2.0,-2.32,5,70,1,1,0,0.0,0.5848,0,0
2636,2014-03-15,11.6,264.58,-2.0,-1.0,-0.05,-2,-6,1,1,0,-0.0,0.5717,1,1
2636,2014-03-15,-11.6,264.58,2.0,1.0,0.05,2,6,1,1,0,0.0,0.4283,0,1
2635,2014-03-15,-64.54,228.39,5.0,3.0,-0.49,-2,11,1,1,0,-0.0,0.5,0,0
2635,2014-03-15,64.54,228.39,-5.0,-3.0,0.49,2,-11,1,1,0,0.0,0.5,1,0
2634,2014-03-15,-63.53,271.8,-5.0,-6.0,-3.05,1,35,1,1,0,-0.0,0.4929,1,1
2640,2014-03-15,-43.94,249.71,-0.0,2.0,2.32,-5,-70,1,1,0,-0.0,0.4152,1,0
2634,2014-03-15,63.53,271.8,5.0,6.0,3.05,-1,-35,1,1,0,0.0,0.5071,0,1
2633,2014-03-15,-10.93,219.04,0.0,0.0,-7.15,-12,80,1,1,0,-0.0,0.4878,1,1
2631,2014-03-15,60.87,229.0,1.0,3.0,-0.93,3,10,1,1,0,0.0,0.5,0,0
2632,2014-03-15,106.25,263.35,3.0,0.0,8.91,0,161,1,0,0,0.0,0.5093,1,0
2628,2014-03-15,110.42,188.08,-5.0,-2.0,-1.48,2,0,1,1,1,0.2833,0.5,1,1
2628,2014-03-15,-110.42,188.08,5.0,2.0,1.48,-2,0,1,1,1,-0.2833,0.5,0,1
2629,2014-03-15,84.99,222.97,1.0,5.0,-2.05,6,80,1,1,0,0.0,0.4634,0,1
2632,2014-03-15,-106.25,263.35,-3.0,-0.0,-8.91,0,-161,0,1,0,-0.0,0.4907,0,0
2630,2014-03-15,-44.45,199.47,-1.0,0.0,6.83,15,-28,1,1,0,0.0,0.4167,0,0
2630,2014-03-15,44.45,199.47,1.0,-0.0,-6.83,-15,28,1,1,0,-0.0,0.5833,1,0
2631,2014-03-15,-60.87,229.0,-1.0,-3.0,0.93,-3,-10,1,1,0,-0.0,0.5,1,0
2629,2014-03-15,-84.99,222.97,-1.0,-5.0,2.05,-6,-80,1,1,0,-0.0,0.5366,1,1
2645,2014-03-23,49.77,271.24,6.0,3.0,-7.04,-1,-105,1,1,0,-0.0,0.4041,0,1
2648,2014-03-23,-24.93,230.97,-1.0,-0.0,2.57,4,-101,1,1,0,0.0,0.5008,0,1
2648,2014-03-23,24.93,230.97,1.0,0.0,-2.57,-4,101,1,1,0,-0.0,0.4992,1,1
2647,2014-03-23,-141.08,258.64,1.0,1.0,4.29,-3,95,1,1,0,-0.0,0.4999,1,1
2647,2014-03-23,141.08,258.64,-1.0,-1.0,-4.29,3,-95,1,1,0,0.0,0.5001,0,1
2646,2014-03-23,24.67,224.8,-3.0,4.0,-2.9,3,3,1,1,0,0.0,0.5092,0,1
2646,2014-03-23,-24.67,224.8,3.0,-4.0,2.9,-3,-3,1,1,0,-0.0,0.4908,1,1
2645,2014-03-23,-49.77,271.24,-6.0,-3.0,7.04,1,105,1,1,0,0.0,0.5959,1,1
2644,2014-03-23,3.89,240.54,-1.0,-2.0,5.42,4,38,1,1,0,0.0,0.4999,1,1
2643,2014-03-23,51.24,271.74,-5.0,-1.0,-6.88,1,-140,1,0,0,0.0,0.4372,1,0
2643,2014-03-23,-51.24,271.74,5.0,1.0,6.88,-1,140,0,1,0,-0.0,0.5628,0,0
2642,2014-03-23,-92.16,217.2,-2.0,1.0,1.52,9,21,1,1,0,-0.0,0.5053,1,0
2642,2014-03-23,92.16,217.2,2.0,-1.0,-1.52,-9,-21,1,1,0,0.0,0.4947,0,0
2641,2014-03-23,-12.61,184.46,-2.0,-2.0,11.26,-1,27,1,1,0,0.0,0.5,1,1
2641,2014-03-23,12.61,184.46,2.0,2.0,-11.26,1,-27,1,1,0,-0.0,0.5,0,1
2644,2014-03-23,-3.89,240.54,1.0,2.0,-5.42,-4,-38,1,1,0,-0.0,0.5001,0,1
2656,2014-04-11,-0.52,280.1,1.0,2.0,-3.93,0,-70,1,1,0,0.0,0.5,1,0
2659,2014-04-11,0.61,235.17,4.0,4.0,1.68,-3,217,1,0,0,-0.0,0.4055,1,1
2659,2014-04-11,-0.61,235.17,-4.0,-4.0,-1.68,3,-217,0,1,0,0.0,0.5945,0,1
2657,2014-04-11,-104.35,227.12,-3.0,2.0,0.67,-8,-60,1,1,0,0.0,0.406,0,1
2657,2014-04-11,104.35,227.12,3.0,-2.0,-0.67,8,60,1,1,0,-0.0,0.594,1,1
2655,2014-04-11,20.41,244.74,-3.0,-1.0,-1.1,-6,0,1,1,0,-0.0,0.5825,0,0
2656,2014-04-11,0.52,280.1,-1.0,-2.0,3.93,0,70,1,1,0,-0.0,0.5,0,0
2654,2014-04-11,69.69,223.78,2.0,6.0,-0.59,-6,14,1,1,0,0.0,0.5002,1,0
2654,2014-04-11,-69.69,223.78,-2.0,-6.0,0.59,6,-14,1,1,0,-0.0,0.4998,0,0
2655,2014-04-11,-20.41,244.74,3.0,1.0,1.1,6,0,1,1,0,0.0,0.4175,1,0
2653,2014-04-11,-20.69,221.59,-1.0,-0.0,3.59,-17,-126,1,1,0,-0.0,0.5006,0,1
2653,2014-04-11,20.69,221.59,1.0,0.0,-3.59,17,126,1,1,0,0.0,0.4994,1,1
2652,2014-04-11,-7.26,190.69,-4.0,-3.0,-0.05,2,-133,1,1,0,0.0,0.4975,1,1
2652,2014-04-11,7.26,190.69,4.0,3.0,0.05,-2,133,1,1,0,-0.0,0.5025,0,1
2666,2014-04-16,76.82,221.67,-1.0,-6.0,-7.53,-7,-59,1,1,0,-0.0,0.4973,0,1
2666,2014-04-16,-76.82,221.67,1.0,6.0,7.53,7,59,1,1,0,0.0,0.5027,1,1
2663,2014-04-16,-7.15,214.36,-0.0,1.0,1.38,-15,56,0,0,0,0.0,0.4997,1,1
2663,2014-04-16,7.15,214.36,0.0,-1.0,-1.38,15,-56,0,0,0,-0.0,0.5003,0,1
2662,2014-04-16,-17.74,224.29,-4.0,-1.0,6.4,-6,28,1,1,0,0.0,0.4623,0,0
2662,2014-04-16,17.74,224.29,4.0,1.0,-6.4,6,-28,1,1,0,-0.0,0.5377,1,0
2661,2014-04-16,67.91,197.4,1.0,2.0,-0.05,-8,175,1,1,0,-0.0,0.5563,0,0
2661,2014-04-16,-67.91,197.4,-1.0,-2.0,0.05,8,-175,1,1,0,0.0,0.4437,1,0
2660,2014-04-16,-35.69,211.86,-1.0,-2.0,-0.51,-17,-193,1,1,0,0.0,0.5001,1,1
2660,2014-04-16,35.69,211.86,1.0,2.0,0.51,17,193,1,1,0,-0.0,0.4999,0,1
2677,2014-04-19,155.03,252.1,2.0,-1.0,-1.32,-1,38,1,1,0,0.0,0.5434,1,1
2677,2014-04-19,-155.03,252.1,-2.0,1.0,1.32,1,-38,1,1,0,-0.0,0.4566,0,1
2676,2014-04-19,-32.04,184.58,5.0,6.0,1.94,-9,-614,1,1,0,0.0,0.5125,0,1
2676,2014-04-19,32.04,184.58,-5.0,-6.0,-1.94,9,614,1,1,0,-0.0,0.4875,1,1
2675,2014-04-19,36.19,203.08,-0.0,2.0,-3.9,-8,-24,1,1,0,-0.0,0.5003,1,0
2675,2014-04-19,-36.19,203.08,0.0,-2.0,3.9,8,24,1,1,0,0.0,0.4997,0,0
2674,2014-04-19,-10.45,226.99,-1.0,-1.0,10.64,-5,0,1,1,0,-0.0,0.4999,1,0
2671,2014-04-19,66.14,205.14,2.0,2.0,-4.96,2,-203,1,1,0,-0.0,0.4894,0,1
2673,2014-04-19,10.34,193.99,2.0,-2.0,-2.82,-4,42,1,1,0,-0.0,0.4663,0,1
2673,2014-04-19,-10.34,193.99,-2.0,2.0,2.82,4,-42,1,1,0,0.0,0.5337,1,1
2672,2014-04-19,49.81,257.68,1.0,-0.0,2.49,1,52,1,1,0,0.0,0.4095,0,1
2672,2014-04-19,-49.81,257.68,-1.0,0.0,-2.49,-1,-52,1,1,0,-0.0,0.5905,1,1
2671,2014-04-19,-66.14,205.14,-2.0,-2.0,4.96,-2,203,1,1,0,0.0,0.5106,1,1
2674,2014-04-19,10.45,226.99,1.0,1.0,-10.64,5,0,1,1,0,0.0,0.5001,0,0
2688,2014-04-26,0.39,246.35,-5.0,0.0,-1.44,6,-77,1,1,0,0.0,0.5388,1,1
2692,2014-04-26,108.99,197.17,1.0,-1.0,1.46,0,32,1,1,0,0.0,0.5003,1,1
2689,2014-04-26,-112.37,221.34,1.0,3.0,-2.4,-4,28,1,1,0,0.0,0.5016,0,1
2692,2014-04-26,-108.99,197.17,-1.0,1.0,-1.46,0,-32,1,1,0,-0.0,0.4997,0,1
2688,2014-04-26,-0.39,246.35,5.0,-0.0,1.44,-6,77,1,1,0,-0.0,0.4612,0,1
2687,2014-04-26,-223.0,226.25,4.0,2.0,-4.02,-14,52,1,1,0,-0.0,0.4909,0,0
2689,2014-04-26,112.37,221.34,-1.0,-3.0,2.4,4,-28,1,1,0,-0.0,0.4984,1,1
2686,2014-04-26,67.67,221.36,-3.0,-3.0,3.72,11,88,1,1,0,0.0,0.4149,0,0
2686,2014-04-26,-67.67,221.36,3.0,3.0,-3.72,-11,-88,1,1,0,-0.0,0.5851,1,0
2685,2014-04-26,-81.33,189.87,-1.0,-0.0,0.56,1,567,0,1,0,-0.0,0.4049,1,1
2685,2014-04-26,81.33,189.87,1.0,0.0,-0.56,-1,-567,1,0,0,0.0,0.5951,0,1
2684,2014-04-26,-106.36,199.21,-8.0,-2.0,7.72,-9,17,1,1,1,-0.0857,0.4765,0,1
2684,2014-04-26,106.36,199.21,8.0,2.0,-7.72,9,-17,1,1,1,0.0857,0.5235,1,1
2687,2014-04-26,223.0,226.25,-4.0,-2.0,4.02,14,-52,1,1,0,0.0,0.5091,1,0
2704,2014-05-10,148.98,190.33,1.0,3.0,-3.27,3,14,1,1,0,0.0,0.5003,1,1
2704,2014-05-10,-148.98,190.33,-1.0,-3.0,3.27,-3,-14,1,1,0,-0.0,0.4997,0,1
2703,2014-05-10,-45.96,242.15,2.0,-0.0,5.9,-4,620,1,1,0,0.0,0.5,1,1
2703,2014-05-10,45.96,242.15,-2.0,0.0,-5.9,4,-620,1,1,0,-0.0,0.5,0,1
2702,2014-05-10,6.45,279.2,2.0,1.0,-1.22,0,42,1,1,0,-0.0,0.4324,1,0
2702,2014-05-10,-6.45,279.2,-2.0,-1.0,1.22,0,-42,1,1,0,0.0,0.5676,0,0
2700,2014-05-10,28.92,187.7,-0.0,-1.0,-2.23,-6,10,1,1,0,0.0,0.5016,0,1
2700,2014-05-10,-28.92,187.7,0.0,1.0,2.23,6,-10,1,1,0,-0.0,0.4984,1,1
2699,2014-05-10,-8.1,240.18,4.0,6.0,-10.14,-8,17,1,1,0,0.0,0.5652,0,0
2694,2014-05-10,67.73,190.24,1.0,0.0,3.44,9,182,1,1,0,0.0,0.5481,1,1
2697,2014-05-10,9.17,238.03,-5.0,-1.0,3.45,0,189,0,1,0,-0.0,0.4793,0,1
2697,2014-05-10,-9.17,238.03,5.0,1.0,-3.45,0,-189,1,0,0,0.0,0.5207,1,1
2696,2014-05-10,19.59,222.59,1.0,-2.0,3.32,1,28,1,1,0,0.0,0.4519,1,0
2696,2014-05-10,-19.59,222.59,-1.0,2.0,-3.32,-1,-28,1,1,0,-0.0,0.5481,0,0
2695,2014-05-10,-83.86,227.46,-1.0,-0.0,-6.76,-5,0,1,1,0,0.0,0.5,0,1
2695,2014-05-10,83.86,227.46,1.0,0.0,6.76,5,0,1,1,0,-0.0,0.5,1,1
2694,2014-05-10,-67.73,190.24,-1.0,-0.0,-3.44,-9,-182,1,1,0,-0.0,0.4519,0,1
2699,2014-05-10,8.1,240.18,-4.0,-6.0,10.14,8,-17,1,1,0,-0.0,0.4348,1,0
2712,2014-05-24,-23.72,228.8,-5.0,-4.0,9.29,2,-101,1,1,0,0.0,0.5511,0,1
2713,2014-05-24,56.73,253.47,10.0,3.0,-2.28,4,77,1,1,0,-0.0,0.5133,1,1
2716,2014-05-24,-20.87,240.63,-3.0,-3.0,-2.73,-4,-270,1,1,0,-0.0,0.4999,1,1
2712,2014-05-24,23.72,228.8,5.0,4.0,-9.29,-2,101,1,1,0,-0.0,0.4489,1,1
2715,2014-05-24,-108.49,244.49,3.0,-0.0,1.43,-1,231,1,1,0,-0.0,0.5703,1,1
2716,2014-05-24,20.87,240.63,3.0,3.0,2.73,4,270,1,1,0,0.0,0.5001,0,1
2715,2014-05-24,108.49,244.49,-3.0,0.0,-1.43,1,-231,1,1,0,0.0,0.4297,0,1
2711,2014-05-24,5.05,235.3,2.0,6.0,-1.64,-5,87,1,1,0,-0.0,0.4801,1,1
2713,2014-05-24,-56.73,253.47,-10.0,-3.0,2.28,-4,-77,1,1,0,0.0,0.4867,0,1
2710,2014-05-24,-49.07,220.87,1.0,1.0,2.19,-3,30,1,1,0,-0.0,0.4998,0,1
2710,2014-05-24,49.07,220.87,-1.0,-1.0,-2.19,3,-30,1,1,0,0.0,0.5002,1,1
2709,2014-05-24,55.18,188.45,-3.0,-2.0,-3.02,0,231,1,1,0,0.0,0.4996,0,0
2709,2014-05-24,-55.18,188.45,3.0,2.0,3.02,0,-231,1,1,0,-0.0,0.5004,1,0
2708,2014-05-24,-59.09,216.05,2.0,-0.0,8.57,9,-29,1,1,0,-0.0,0.4047,0,1
2708,2014-05-24,59.09,216.05,-2.0,0.0,-8.57,-9,29,1,1,0,0.0,0.5953,1,1
2707,2014-05-24,-142.02,211.22,-3.0,-0.0,0.98,0,17,1,1,1,-0.0,0.4836,1,1
2707,2014-05-24,142.02,211.22,3.0,0.0,-0.98,0,-17,1,1,1,0.0,0.5164,0,1
2711,2014-05-24,-5.05,235.3,-2.0,-6.0,1.64,5,-87,1,1,0,0.0,0.5199,0,1
2727,2014-05-31,18.82,237.03,2.0,-0.0,5.34,0,0,1,1,0,-0.0,0.5003,1,1
2729,2014-05-31,-122.24,213.27,-5.0,-3.0,2.42,1,-57,0,1,0,0.0,0.5,0,1
2734,2014-05-31,-21.36,259.09,-1.0,2.0,-4.82,-3,14,1,1,0,0.0,0.4572,1,1
2733,2014-05-31,-55.42,232.91,-2.0,1.0,-1.98,0,85,1,1,0,0.0,0.4579,1,1
2734,2014-05-31,21.36,259.09,1.0,-2.0,4.82,3,-14,1,1,0,-0.0,0.5428,0,1
2727,2014-05-31,-18.82,237.03,-2.0,0.0,-5.34,0,0,1,1,0,0.0,0.4997,0,1
2733,2014-05-31,55.42,232.91,2.0,-1.0,1.98,0,-85,1,1,0,-0.0,0.5421,0,1
2725,2014-05-31,39.33,215.4,5.0,3.0,2.2,1,14,1,1,0,0.0,0.4843,1,0
2729,2014-05-31,122.24,213.27,5.0,3.0,-2.42,-1,57,1,0,0,-0.0,0.5,1,1
2724,2014-05-31,48.11,271.22,-2.0,-4.0,-7.36,-1,-97,1,1,0,0.0,0.5001,0,0
2724,2014-05-31,-48.11,271.22,2.0,4.0,7.36,1,97,1,1,0,-0.0,0.4999,1,0
2721,2014-05-31,-80.1,264.89,-1.0,-5.0,-2.87,-2,-7,1,1,0,-0.0,0.4934,1,1
2721,2014-05-31,80.1,264.89,1.0,5.0,2.87,2,7,1,1,0,0.0,0.5066,0,1
2720,2014-05-31,-104.55,195.97,-2.0,-1.0,-1.83,6,-36,1,1,0,-0.0,0.5014,1,1
2720,2014-05-31,104.55,195.97,2.0,1.0,1.83,-6,36,1,1,0,0.0,0.4986,0,1
2719,2014-05-31,-110.73,221.96,5.0,2.0,-7.47,-10,-112,1,1,0,0.0,0.5382,1,1
2719,2014-05-31,110.73,221.96,-5.0,-2.0,7.47,10,112,1,1,0,-0.0,0.4618,0,1
2725,2014-05-31,-39.33,215.4,-5.0,-3.0,-2.2,-1,-14,1,1,0,-0.0,0.5157,0,0
2747,2014-06-07,-7.6,262.28,-2.0,-3.0,-12.53,-1,0,1,1,0,0.0,0.4218,1,1
2747,2014-06-07,7.6,262.28,2.0,3.0,12.53,1,0,1,1,0,-0.0,0.5782,0,1
2746,2014-06-07,-18.04,233.09,-0.0,-0.0,5.29,-1,203,1,1,0,-0.0,0.5001,1,1
2746,2014-06-07,18.04,233.09,0.0,0.0,-5.29,1,-203,1,1,0,0.0,0.4999,0,1
2745,2014-06-07,-21.13,213.62,-2.0,-0.0,-10.9,-17,11,1,1,0,0.0,0.5225,1,0
2745,2014-06-07,21.13,213.62,2.0,0.0,10.9,17,-11,1,1,0,-0.0,0.4775,0,0
2744,2014-06-07,-114.51,206.05,3.0,-0.0,3.04,-10,154,0,1,0,-0.0,0.4324,0,1
2742,2014-06-07,-19.8,172.37,-3.0,-2.0,-2.74,-9,140,1,1,0,-0.0,0.5001,0,0
2743,2014-06-07,-7.63,232.81,-0.0,3.0,0.52,-1,-88,1,1,0,-0.0,0.5789,0,1
2743,2014-06-07,7.63,232.81,0.0,-3.0,-0.52,1,88,1,1,0,0.0,0.4211,1,1
2742,2014-06-07,19.8,172.37,3.0,2.0,2.74,9,-140,1,1,0,0.0,0.4999,1,0
2741,2014-06-07,-124.49,225.09,3.0,-1.0,-2.97,-6,80,1,1,0,-0.0,0.4069,0,0
2741,2014-06-07,124.49,225.09,-3.0,1.0,2.97,6,-80,1,1,0,0.0,0.5931,1,0
2744,2014-06-07,114.51,206.05,-3.0,0.0,-3.04,10,-154,1,0,0,0.0,0.5676,1,1
2756,2014-06-14,-71.83,238.18,-7.0,-2.0,1.36,2,-32,1,1,0,0.0,0.4504,0,0
2757,2014-06-14,-77.26,264.72,2.0,-1.0,-1.31,2,56,0,1,0,0.0,0.4795,0,1
2756,2014-06-14,71.83,238.18,7.0,2.0,-1.36,-2,32,1,1,0,-0.0,0.5496,1,0
2759,2014-06-14,-20.15,215.24,2.0,-1.0,-4.66,-1,10,1,1,0,0.0,0.5,0,0
2759,2014-06-14,20.15,215.24,-2.0,1.0,4.66,1,-10,1,1,0,-0.0,0.5,1,0
2755,2014-06-14,-44.41,185.91,1.0,1.0,-4.11,-5,-2030,1,1,0,0.0,0.4415,0,1
2757,2014-06-14,77.26,264.72,-2.0,1.0,1.31,-2,-56,1,0,0,-0.0,0.5205,1,1
2754,2014-06-14,-127.81,218.9,-0.0,-1.0,3.15,-11,27,1,1,0,-0.0,0.4085,0,1
2754,2014-06-14,127.81,218.9,0.0,1.0,-3.15,11,-27,1,1,0,0.0,0.5915,1,1
2753,2014-06-14,-74.54,216.34,-2.0,-3.0,7.29,-5,-21,1,1,0,-0.0,0.4772,0,1
2753,2014-06-14,74.54,216.34,2.0,3.0,-7.29,5,21,1,1,0,0.0,0.5228,1,1
2755,2014-06-14,44.41,185.91,-1.0,-1.0,4.11,5,2030,1,1,0,-0.0,0.5585,1,1
2752,2014-06-14,-42.01,223.04,-1.0,1.0,1.17,-6,-49,1,1,1,-0.1111,0.4045,0,1
2752,2014-06-14,42.01,223.04,1.0,-1.0,-1.17,6,49,1,1,1,0.1111,0.5955,1,1
2780,2014-06-28,-135.44,258.56,-0.0,-0.0,-4.68,-3,48,1,1,0,0.0,0.5952,1,1
2780,2014-06-28,135.44,258.56,0.0,0.0,4.68,3,-48,1,1,0,-0.0,0.4048,0,1
2776,2014-06-28,-98.08,245.13,-2.0,-0.0,-2.07,-3,259,1,1,0,0.0,0.408,0,1
2776,2014-06-28,98.08,245.13,2.0,0.0,2.07,3,-259,1,1,0,-0.0,0.592,1,1
2775,2014-06-28,-13.72,232.18,-2.0,-0.0,-0.91,1,148,1,1,0,0.0,0.414,0,0
2774,2014-06-28,-49.92,254.84,4.0,3.0,5.55,-1,28,1,1,0,-0.0,0.5103,0,0
2774,2014-06-28,49.92,254.84,-4.0,-3.0,-5.55,1,-28,1,1,0,0.0,0.4897,1,0
2773,2014-06-28,-97.7,189.45,1.0,1.0,-2.56,12,-203,1,1,0,0.0,0.5,0,1
2775,2014-06-28,13.72,232.18,2.0,0.0,0.91,-1,-148,1,1,0,-0.0,0.586,1,0
2772,2014-06-28,-7.85,263.73,-2.0,-2.0,1.96,-2,-24,1,1,0,-0.0,0.5,0,1
2772,2014-06-28,7.85,263.73,2.0,2.0,-1.96,2,24,1,1,0,0.0,0.5,1,1
2765,2014-06-28,29.52,206.95,1.0,-1.0,-6.25,4,14,1,1,0,-0.0,0.4983,1,1
2765,2014-06-28,-29.52,206.95,-1.0,1.0,6.25,-4,-14,1,1,0,0.0,0.5017,0,1
2764,2014-06-28,11.4,250.29,-6.0,-2.0,-9.06,-2,29,1,1,0,0.0,0.4896,1,1
2764,2014-06-28,-11.4,250.29,6.0,2.0,9.06,2,-29,1,1,0,-0.0,0.5104,0,1
2763,2014-06-28,25.97,185.36,-1.0,-2.0,2.44,8,48,1,0,0,0.0,0.5031,1,1
2763,2014-06-28,-25.97,185.36,1.0,2.0,-2.44,-8,-48,0,1,0,-0.0,0.4969,0,1
2773,2014-06-28,97.7,189.45,-1.0,-1.0,2.56,-12,203,1,1,0,-0.0,0.5,1,1
2789,2014-07-05,89.19,233.53,4.0,4.0,1.24,-1,36,1,1,0,0.0,0.4426,0,1
2789,2014-07-05,-89.19,233.53,-4.0,-4.0,-1.24,1,-36,1,1,0,-0.0,0.5574,1,1
2788,2014-07-05,-53.61,201.64,6.0,4.0,-9.1,0,7,1,1,0,-0.0,0.4848,0,0
2788,2014-07-05,53.61,201.64,-6.0,-4.0,9.1,0,-7,1,1,0,0.0,0.5152,1,0
2787,2014-07-05,-27.05,259.85,-1.0,3.0,-1.35,-3,-273,1,0,0,-0.0,0.5908,1,0
2787,2014-07-05,27.05,259.85,1.0,-3.0,1.35,3,273,0,1,0,0.0,0.4092,0,0
2785,2014-07-05,25.71,250.85,-2.0,1.0,-2.33,0,0,1,1,1,-1.0,0.4758,1,1
2786,2014-07-05,-53.11,256.98,3.0,-2.0,-0.56,1,85,1,1,0,0.0,0.5,1,1
2785,2014-07-05,-25.71,250.85,2.0,-1.0,2.33,0,0,1,1,1,1.0,0.5242,0,1
2784,2014-07-05,-77.95,187.26,-4.0,-1.0,6.05,10,-49,1,1,1,0.2437,0.484,0,0
2784,2014-07-05,77.95,187.26,4.0,1.0,-6.05,-10,49,1,1,1,-0.2437,0.516,1,0
2786,2014-07-05,53.11,256.98,-3.0,2.0,0.56,-1,-85,1,1,0,-0.0,0.5,0,1
2799,2014-07-06,46.47,271.33,7.0,-1.0,-6.7,-1,14,1,1,0,-0.0,0.596,1,0
2799,2014-07-06,-46.47,271.33,-7.0,1.0,6.7,1,-14,1,1,0,0.0,0.404,0,0
2798,2014-07-06,-37.77,257.49,-1.0,-2.0,3.35,1,-35,1,1,0,0.0,0.4997,1,0
2798,2014-07-06,37.77,257.49,1.0,2.0,-3.35,-1,35,1,1,0,-0.0,0.5003,0,0
2794,2014-07-06,-41.89,161.09,2.0,3.0,2.84,7,210,0,1,0,-0.0,0.4784,0,1
2794,2014-07-06,41.89,161.09,-2.0,-3.0,-2.84,-7,-210,1,0,0,0.0,0.5216,1,1
2813,2014-07-16,-22.12,259.09,4.0,1.0,-6.84,-3,-28,1,1,0,0.0,0.5961,1,1
2813,2014-07-16,22.12,259.09,-4.0,-1.0,6.84,3,28,1,1,0,-0.0,0.4039,0,1
2811,2014-07-16,-197.95,199.33,1.0,2.0,0.22,-16,-112,1,1,0,-0.0,0.4047,0,0
2811,2014-07-16,197.95,199.33,-1.0,-2.0,-0.22,16,112,1,1,0,0.0,0.5953,1,0
2810,2014-07-16,-6.05,265.12,-1.0,-0.0,0.05,-2,-227,1,0,0,-0.0,0.4676,0,1
2810,2014-07-16,6.05,265.12,1.0,0.0,-0.05,2,227,0,1,0,0.0,0.5324,1,1
2808,2014-07-16,-6.08,237.59,-2.0,-2.0,3.41,2,-84,1,1,0,-0.0,0.4649,0,0
2806,2014-07-16,-68.25,189.51,-5.0,-1.0,4.09,3,154,1,1,0,0.0,0.5948,0,0
2806,2014-07-16,68.25,189.51,5.0,1.0,-4.09,-3,-154,1,1,0,-0.0,0.4052,1,0
2805,2014-07-16,3.68,174.13,-2.0,-5.0,-0.42,4,-7,1,1,0,0.0,0.5094,0,0
2805,2014-07-16,-3.68,174.13,2.0,5.0,0.42,-4,7,1,1,0,-0.0,0.4906,1,0
2808,2014-07-16,6.08,237.59,2.0,2.0,-3.41,-2,84,1,1,0,0.0,0.5351,1,0
2819,2014-07-19,207.7,256.65,4.0,3.0,-5.04,1,-2388,1,1,0,0.0,0.4999,1,1
2821,2014-07-19,15.0,263.83,1.0,-0.0,-4.01,3,0,1,1,0,-0.0,0.4445,0,1
2821,2014-07-19,-15.0,263.83,-1.0,0.0,4.01,-3,0,1,1,0,0.0,0.5555,1,1
2819,2014-07-19,-207.7,256.65,-4.0,-3.0,5.04,-1,2388,1,1,0,-0.0,0.5001,0,1
2818,2014-07-19,-43.76,224.17,-4.0,-1.0,-5.62,-3,217,1,1,0,0.0,0.4321,1,1
2817,2014-07-19,-22.85,255.82,3.0,1.0,3.99,-1,-63,1,1,0,0.0,0.5275,0,0
2817,2014-07-19,22.85,255.82,-3.0,-1.0,-3.99,1,63,1,1,0,-0.0,0.4725,1,0
2816,2014-07-19,-31.1,240.41,-10.0,-2.0,1.13,4,-133,1,1,0,-0.0,0.5017,0,0
2816,2014-07-19,31.1,240.41,10.0,2.0,-1.13,-4,133,1,1,0,0.0,0.4983,1,0
2818,2014-07-19,43.76,224.17,4.0,1.0,5.62,3,-217,1,1,0,-0.0,0.5679,0,1
2831,2014-07-26,17.24,234.67,-3.0,-2.0,1.34,-6,-616,1,1,0,-0.0,0.4998,1,1
2831,2014-07-26,-17.24,234.67,3.0,2.0,-1.34,6,616,1,1,0,0.0,0.5002,0,1
2830,2014-07-26,1.36,224.84,2.0,3.0,0.58,-3,21,1,1,0,0.0,0.5436,1,0
2830,2014-07-26,-1.36,224.84,-2.0,-3.0,-0.58,3,-21,1,1,0,-0.0,0.4564,0,0
2829,2014-07-26,62.32,239.13,-0.0,-0.0,-7.97,-2,42,1,1,0,-0.0,0.5394,1,1
2829,2014-07-26,-62.32,239.13,0.0,0.0,7.97,2,-42,1,1,0,0.0,0.4606,0,1
2828,2014-07-26,-72.65,185.74,4.0,1.0,5.01,12,-27,1,1,0,0.0,0.4996,0,1
2827,2014-07-26,12.57,199.53,-3.0,-0.0,7.76,-6,448,1,1,0,0.0,0.5,0,0
2827,2014-07-26,-12.57,199.53,3.0,0.0,-7.76,6,-448,1,1,0,-0.0,0.5,1,0
2826,2014-07-26,24.32,174.8,1.0,1.0,1.19,5,14,1,1,0,-0.0,0.5376,0,0
2826,2014-07-26,-24.32,174.8,-1.0,-1.0,-1.19,-5,-14,1,1,0,0.0,0.4624,1,0
2828,2014-07-26,72.65,185.74,-4.0,-1.0,-5.01,-12,27,1,1,0,-0.0,0.5004,1,1
2843,2014-08-16,48.41,201.42,1.0,1.0,-1.34,-8,-203,1,0,0,-0.0,0.405,0,1
2843,2014-08-16,-48.41,201.42,-1.0,-1.0,1.34,8,203,0,1,0,0.0,0.595,1,1
2844,2014-08-16,69.0,249.79,-3.0,-1.0,1.99,-2,29,1,1,0,0.0,0.4063,0,0
2844,2014-08-16,-69.0,249.79,3.0,1.0,-1.99,2,-29,1,1,0,-0.0,0.5937,1,0
2840,2014-08-16,57.07,186.51,-0.0,1.0,-6.89,-5,7,1,1,0,0.0,0.5003,0,1
2839,2014-08-16,76.48,177.19,1.0,1.0,5.39,2,189,1,1,0,0.0,0.5003,0,1
2839,2014-08-16,-76.48,177.19,-1.0,-1.0,-5.39,-2,-189,1,1,0,-0.0,0.4997,1,1
2840,2014-08-16,-57.07,186.51,0.0,-1.0,6.89,5,-7,1,1,0,-0.0,0.4997,1,1
2838,2014-08-16,8.73,205.99,6.0,1.0,0.16,-10,0,1,1,0,-0.0,0.4845,0,0
2838,2014-08-16,-8.73,205.99,-6.0,-1.0,-0.16,10,0,1,1,0,0.0,0.5155,1,0
2865,2014-08-23,-55.73,270.41,1.0,2.0,-0.6,-1,69,1,1,0,0.0,0.5059,0,0
2864,2014-08-23,29.49,240.9,-8.0,-6.0,0.05,-4,105,1,1,0,-0.0,0.4833,0,1
2864,2014-08-23,-29.49,240.9,8.0,6.0,-0.05,4,-105,1,1,0,0.0,0.5167,1,1
2860,2014-08-23,-8.88,196.49,-0.0,-2.0,0.1,3,50,1,1,0,-0.0,0.5015,1,1
2860,2014-08-23,8.88,196.49,0.0,2.0,-0.1,-3,-50,1,1,0,0.0,0.4985,0,1
2865,2014-08-23,55.73,270.41,-1.0,-2.0,0.6,1,-69,1,1,0,-0.0,0.4941,1,0
2859,2014-08-23,73.26,212.34,1.0,0.0,14.06,10,56,1,1,0,-0.0,0.5295,0,1
2858,2014-08-23,-133.83,182.83,-0.0,-1.0,-0.94,5,0,1,1,0,-0.0,0.5004,1,1
2858,2014-08-23,133.83,182.83,0.0,1.0,0.94,-5,0,1,1,0,0.0,0.4996,0,1
2849,2014-08-23,119.82,204.41,2.0,5.0,0.39,8,105,1,1,0,0.0,0.5219,0,0
2849,2014-08-23,-119.82,204.41,-2.0,-5.0,-0.39,-8,-105,1,1,0,-0.0,0.4781,1,0
2859,2014-08-23,-73.26,212.34,-1.0,-0.0,-14.06,-10,-56,1,1,0,0.0,0.4705,1,1
2874,2014-08-30,91.28,243.72,5.0,2.0,2.66,-1,115,1,1,0,-0.0,0.5091,1,0
2874,2014-08-30,-91.28,243.72,-5.0,-2.0,-2.66,1,-115,1,1,0,0.0,0.4909,0,0
2872,2014-08-30,-15.02,241.83,-1.0,-2.0,3.2,-7,-78,1,1,0,-0.0,0.5499,1,1
2870,2014-08-30,-8.44,204.93,-5.0,-2.0,4.47,4,28,1,1,0,0.0,0.4175,0,1
2870,2014-08-30,8.44,204.93,5.0,2.0,-4.47,-4,-28,1,1,0,-0.0,0.5825,1,1
2872,2014-08-30,15.02,241.83,1.0,2.0,-3.2,7,78,1,1,0,0.0,0.4501,0,1
2881,2014-09-05,-22.33,238.63,-0.0,1.0,-8.12,-2,-29,1,1,0,0.0,0.4214,0,0
2885,2014-09-05,-52.53,271.85,-2.0,-2.0,-4.41,-1,231,1,1,0,-0.0,0.4701,0,1
2883,2014-09-05,-39.34,191.34,-2.0,2.0,-3.9,1,-56,1,1,0,-0.0,0.4875,0,1
2883,2014-09-05,39.34,191.34,2.0,-2.0,3.9,-1,56,1,1,0,0.0,0.5125,1,1
2882,2014-09-05,10.64,228.55,1.0,-3.0,7.24,0,-7,1,1,0,0.0,0.5429,0,1
2882,2014-09-05,-10.64,228.55,-1.0,3.0,-7.24,0,7,1,1,0,-0.0,0.4571,1,1
2881,2014-09-05,22.33,238.63,0.0,-1.0,8.12,2,29,1,1,0,-0.0,0.5786,1,0
2885,2014-09-05,52.53,271.85,2.0,2.0,4.41,1,-231,1,1,0,0.0,0.5299,1,1
2880,2014-09-05,-38.67,198.21,-4.0,-3.0,3.54,11,161,1,1,0,0.0,0.4846,1,0
2879,2014-09-05,-2.93,228.43,-3.0,-0.0,-6.57,-8,-127,1,1,0,-0.0,0.5,0,0
2879,2014-09-05,2.93,228.43,3.0,0.0,6.57,8,127,1,1,0,0.0,0.5,1,0
2878,2014-09-05,-17.5,227.98,-2.0,-0.0,-1.42,2,154,1,1,0,0.0,0.5388,1,1
2878,2014-09-05,17.5,227.98,2.0,0.0,1.42,-2,-154,1,1,0,-0.0,0.4612,0,1
2877,2014-09-05,-104.52,249.35,4.0,1.0,-5.65,0,-105,1,1,0,0.0,0.5031,0,1
2877,2014-09-05,104.52,249.35,-4.0,-1.0,5.65,0,105,1,1,0,-0.0,0.4969,1,1
2880,2014-09-05,38.67,198.21,4.0,3.0,-3.54,-11,-161,1,1,0,-0.0,0.5154,0,0
2896,2014-09-13,22.93,220.47,4.0,4.0,1.68,-2,-78,1,1,0,-0.0,0.4055,0,1
2896,2014-09-13,-22.93,220.47,-4.0,-4.0,-1.68,2,78,1,1,0,0.0,0.5945,1,1
2895,2014-09-13,8.87,210.4,-0.0,-1.0,-6.41,-8,77,1,1,0,0.0,0.4076,1,1
2895,2014-09-13,-8.87,210.4,0.0,1.0,6.41,8,-77,1,1,0,-0.0,0.5924,0,1
2894,2014-09-13,-77.54,245.71,2.0,-0.0,-7.22,-6,350,0,1,0,0.0,0.5075,0,0
2894,2014-09-13,77.54,245.71,-2.0,0.0,7.22,6,-350,1,0,0,-0.0,0.4925,1,0
2890,2014-09-13,42.23,234.04,-1.0,-2.0,-6.02,-6,-35,1,1,0,-0.0,0.5186,0,0
2890,2014-09-13,-42.23,234.04,1.0,2.0,6.02,6,35,1,1,0,0.0,0.4814,1,0
2888,2014-09-13,-27.87,236.85,-4.0,-3.0,-5.94,5,701,1,1,0,0.0,0.5025,0,1
2888,2014-09-13,27.87,236.85,4.0,3.0,5.94,-5,-701,1,1,0,-0.0,0.4975,1,1
2887,2014-09-13,-44.18,200.86,-0.0,-1.0,-3.88,-19,39,1,1,0,-0.0,0.5002,0,0
2887,2014-09-13,44.18,200.86,0.0,1.0,3.88,19,-39,1,1,0,0.0,0.4998,1,0
2886,2014-09-13,52.61,201.08,-5.0,-1.0,0.61,10,-190,1,1,0,-0.0,0.5602,1,1
2886,2014-09-13,-52.61,201.08,5.0,1.0,-0.61,-10,190,1,1,0,0.0,0.4398,0,1
2908,2014-09-20,79.02,253.59,4.0,4.0,-6.33,-4,-28,1,1,0,-0.0,0.5377,0,0
2908,2014-09-20,-79.02,253.59,-4.0,-4.0,6.33,4,28,1,1,0,0.0,0.4623,1,0
2906,2014-09-20,-64.59,271.46,6.0,4.0,3.07,2,161,1,1,0,-0.0,0.5617,1,1
2906,2014-09-20,64.59,271.46,-6.0,-4.0,-3.07,-2,-161,1,1,0,0.0,0.4383,0,1
2904,2014-09-20,-5.61,240.53,1.0,-0.0,-4.25,4,0,1,0,0,-0.0,0.4439,0,1
2904,2014-09-20,5.61,240.53,-1.0,0.0,4.25,-4,0,0,1,0,0.0,0.5561,1,1
2901,2014-09-20,-35.89,271.85,2.0,2.0,-7.59,-1,59,1,1,0,0.0,0.409,0,1
2897,2014-09-20,-20.25,195.11,-1.0,-2.0,2.25,-5,126,1,1,0,-0.0,0.5,1,1
2899,2014-09-20,116.81,208.88,-0.0,-0.0,-5.08,5,-217,1,1,0,0.0,0.5499,0,1
2899,2014-09-20,-116.81,208.88,0.0,0.0,5.08,-5,217,1,1,0,-0.0,0.4501,1,1
2898,2014-09-20,-152.49,214.83,-3.0,-3.0,10.11,3,-42,1,1,0,-0.0,0.4167,0,0
2898,2014-09-20,152.49,214.83,3.0,3.0,-10.11,-3,42,1,1,0,0.0,0.5833,1,0
2897,2014-09-20,20.25,195.11,1.0,2.0,-2.25,5,-126,1,1,0,0.0,0.5,0,1
2901,2014-09-20,35.89,271.85,-2.0,-2.0,7.59,1,-59,1,1,0,-0.0,0.591,1,1
2915,2014-09-27,-73.83,237.63,-1.0,3.0,-1.56,-2,63,1,1,0,-0.0,0.4985,0,1
2919,2014-09-27,44.37,228.48,4.0,5.0,-6.34,-9,-49,1,0,0,-0.0,0.4997,0,1
2919,2014-09-27,-44.37,228.48,-4.0,-5.0,6.34,9,49,0,1,0,0.0,0.5003,1,1
2918,2014-09-27,-47.47,256.02,4.0,-2.0,-8.02,-1,-29,1,1,0,0.0,0.5097,1,1
2918,2014-09-27,47.47,256.02,-4.0,2.0,8.02,1,29,1,1,0,-0.0,0.4903,0,1
2917,2014-09-27,35.9,205.15,1.0,5.0,2.26,-4,146,1,1,0,0.0,0.5,1,0
2917,2014-09-27,-35.9,205.15,-1.0,-5.0,-2.26,4,-146,1,1,0,-0.0,0.5,0,0
2916,2014-09-27,91.96,200.12,-0.0,1.0,-2.95,-10,53,1,1,0,-0.0,0.5001,1,1
2916,2014-09-27,-91.96,200.12,0.0,-1.0,2.95,10,-53,1,1,0,0.0,0.4999,0,1
2915,2014-09-27,73.83,237.63,1.0,-3.0,1.56,2,-63,1,1,0,0.0,0.5015,1,1
2912,2014-09-27,34.62,242.01,-1.0,1.0,2.34,1,-3,1,1,0,-0.0,0.4998,1,0
2914,2014-09-27,-23.72,230.86,-1.0,1.0,-1.23,-7,966,1,1,0,0.0,0.5002,1,1
2913,2014-09-27,39.32,271.74,1.0,2.0,-5.91,1,-207,1,1,0,-0.0,0.5819,0,0
2913,2014-09-27,-39.32,271.74,-1.0,-2.0,5.91,-1,207,1,1,0,0.0,0.4181,1,0
2914,2014-09-27,23.72,230.86,1.0,-1.0,1.23,7,-966,1,1,0,-0.0,0.4998,0,1
2912,2014-09-27,-34.62,242.01,1.0,-1.0,-2.34,-1,3,1,1,0,0.0,0.5002,0,0
2911,2014-09-27,-19.42,220.87,2.0,-0.0,0.52,-7,-94,1,1,0,-0.0,0.4622,1,1
2911,2014-09-27,19.42,220.87,-2.0,0.0,-0.52,7,94,1,1,0,0.0,0.5378,0,1
2909,2014-09-27,-113.91,193.67,-2.0,-0.0,5.21,0,35,1,1,1,-0.0,0.4041,0,0
2909,2014-09-27,113.91,193.67,2.0,0.0,-5.21,0,-35,1,1,1,0.0,0.5959,1,0
2937,2014-10-04,-81.57,206.71,3.0,5.0,5.28,-1,63,1,1,0,0.0,0.5002,0,0
2937,2014-10-04,81.57,206.71,-3.0,-5.0,-5.28,1,-63,1,1,0,-0.0,0.4998,1,0
2935,2014-10-04,-0.0,280.1,-3.0,-1.0,-6.78,0,-38,1,0,0,-0.0,0.5,0,1
2935,2014-10-04,0.0,280.1,3.0,1.0,6.78,0,38,0,1,0,0.0,0.5,1,1
2932,2014-10-04,-50.06,220.16,2.0,3.0,-2.05,-2,-105,1,1,0,-0.0,0.4907,0,1
2932,2014-10-04,50.06,220.16,-2.0,-3.0,2.05,2,105,1,1,0,0.0,0.5093,1,1
2931,2014-10-04,-127.88,235.53,-6.0,-2.0,2.87,-9,161,1,1,0,0.0,0.4057,0,0
2925,2014-10-04,-92.19,263.85,-1.0,3.0,1.71,-2,28,1,1,0,0.0,0.5016,0,0
2925,2014-10-04,92.19,263.85,1.0,-3.0,-1.71,2,-28,1,1,0,-0.0,0.4984,1,0
2921,2014-10-04,-4.49,218.38,1.0,3.0,-9.27,5,-129,1,1,0,-0.0,0.5389,1,1
2921,2014-10-04,4.49,218.38,-1.0,-3.0,9.27,-5,129,1,1,0,0.0,0.4611,0,1
2920,2014-10-04,-52.79,202.89,-1.0,-2.0,3.92,12,3,1,1,0,0.0,0.5351,1,0
2920,2014-10-04,52.79,202.89,1.0,2.0,-3.92,-12,-3,1,1,0,-0.0,0.4649,0,0
2931,2014-10-04,127.88,235.53,6.0,2.0,-2.87,9,-161,1,1,0,-0.0,0.5943,1,0
2949,2014-10-25,-92.05,257.71,-7.0,-3.0,1.43,1,-70,1,0,0,-0.0,0.4044,0,0
2953,2014-10-25,-83.76,244.65,2.0,2.0,-10.97,-3,-238,1,1,0,0.0,0.4972,1,1
2953,2014-10-25,83.76,244.65,-2.0,-2.0,10.97,3,238,1,1,0,-0.0,0.5028,0,1
2951,2014-10-25,-10.2,241.05,1.0,3.0,-2.37,-4,-70,1,1,0,-0.0,0.4393,1,1
2951,2014-10-25,10.2,241.05,-1.0,-3.0,2.37,4,70,1,1,0,0.0,0.5607,0,1
2950,2014-10-25,-77.93,223.49,1.0,1.0,2.31,6,77,1,1,0,-0.0,0.4994,0,0
2949,2014-10-25,92.05,257.71,7.0,3.0,-1.43,-1,70,0,1,0,0.0,0.5956,1,0
2950,2014-10-25,77.93,223.49,-1.0,-1.0,-2.31,-6,-77,1,1,0,0.0,0.5006,1,0
2947,2014-10-25,56.79,254.49,2.0,-1.0,4.3,-1,-7,1,1,0,0.0,0.4929,0,0
2946,2014-10-25,-28.79,215.63,1.0,2.0,-4.49,-6,-172,1,1,0,-0.0,0.4726,0,0
2946,2014-10-25,28.79,215.63,-1.0,-2.0,4.49,6,172,1,1,0,0.0,0.5274,1,0
2947,2014-10-25,-56.79,254.49,-2.0,1.0,-4.3,1,7,1,1,0,-0.0,0.5071,1,0
2944,2014-10-25,-43.72,202.4,3.0,-0.0,-4.91,5,0,1,1,0,0.0,0.5233,1,1
2944,2014-10-25,43.72,202.4,-3.0,0.0,4.91,-5,0,1,1,0,-0.0,0.4767,0,1
2943,2014-10-25,-91.33,210.4,-4.0,-1.0,1.36,2,49,1,1,1,-0.2917,0.4999,0,1
2943,2014-10-25,91.33,210.4,4.0,1.0,-1.36,-2,-49,1,1,1,0.2917,0.5001,1,1
2960,2014-11-07,-103.83,264.63,1.0,1.0,-6.47,-2,-253,1,1,0,0.0,0.5388,1,0
2960,2014-11-07,103.83,264.63,-1.0,-1.0,6.47,2,253,1,1,0,-0.0,0.4612,0,0
2957,2014-11-07,-146.81,245.22,-4.0,1.0,-5.91,-3,154,1,1,0,0.0,0.4895,0,0
2957,2014-11-07,146.81,245.22,4.0,-1.0,5.91,3,-154,1,1,0,-0.0,0.5105,1,0
2956,2014-11-07,147.09,238.21,4.0,2.0,4.08,0,0,1,0,0,-0.0,0.5,0,1
2955,2014-11-07,29.2,198.43,-1.0,-2.0,2.59,7,20,1,1,0,-0.0,0.5002,0,1
2955,2014-11-07,-29.2,198.43,1.0,2.0,-2.59,-7,-20,1,1,0,0.0,0.4998,1,1
2954,2014-11-07,55.09,203.21,-2.0,-2.0,5.63,18,-119,1,1,0,0.0,0.4149,0,0
2954,2014-11-07,-55.09,203.21,2.0,2.0,-5.63,-18,119,1,1,0,-0.0,0.5851,1,0
2956,2014-11-07,-147.09,238.21,-4.0,-2.0,-4.08,0,0,0,1,0,0.0,0.5,1,1
2971,2014-11-08,-67.2,236.92,2.0,2.0,6.94,0,-91,1,1,0,0.0,0.4706,0,1
2972,2014-11-08,-56.3,227.72,2.0,-1.0,-4.75,-8,-140,1,1,0,0.0,0.5954,1,1
2972,2014-11-08,56.3,227.72,-2.0,1.0,4.75,8,140,1,1,0,-0.0,0.4046,0,1
2971,2014-11-08,67.2,236.92,-2.0,-2.0,-6.94,0,91,1,1,0,-0.0,0.5294,1,1
2965,2014-11-08,61.88,202.25,4.0,2.0,-1.37,-8,-146,1,1,0,0.0,0.5496,1,0
2966,2014-11-08,-9.58,279.22,-1.0,-1.0,-9.11,0,77,0,1,0,0.0,0.5453,1,0
2965,2014-11-08,-61.88,202.25,-4.0,-2.0,1.37,8,146,1,1,0,-0.0,0.4504,0,0
2966,2014-11-08,9.58,279.22,1.0,1.0,9.11,0,-77,1,0,0,-0.0,0.4547,0,0
2975,2014-11-15,67.8,202.63,5.0,6.0,-3.35,0,154,1,1,1,0.125,0.5631,1,1
2975,2014-11-15,-67.8,202.63,-5.0,-6.0,3.35,0,-154,1,1,1,-0.125,0.4369,0,1
2976,2014-11-15,-56.78,209.65,0.0,0.0,6.57,8,35,1,1,0,-0.0,0.4425,0,0
2976,2014-11-15,56.78,209.65,-0.0,-0.0,-6.57,-8,-35,1,1,0,0.0,0.5575,1,0
2977,2014-11-15,-37.08,211.35,5.0,2.0,4.56,-2,28,1,1,0,0.0,0.4989,1,1
2977,2014-11-15,37.08,211.35,-5.0,-2.0,-4.56,2,-28,1,1,0,-0.0,0.5011,0,1
2980,2014-11-15,-41.78,271.91,0.0,-3.0,-3.94,0,144,1,1,0,0.0,0.5001,1,1
2980,2014-11-15,41.78,271.91,-0.0,3.0,3.94,0,-144,1,1,0,-0.0,0.4999,0,1
2987,2014-11-22,-85.29,264.55,5.0,-0.0,9.12,-2,0,1,1,0,-0.0,0.4979,1,1
2992,2014-11-22,52.1,271.54,10.0,9.0,-2.83,1,-84,1,1,0,-0.0,0.566,1,0
2992,2014-11-22,-52.1,271.54,-10.0,-9.0,2.83,-1,84,1,1,0,0.0,0.434,0,0
2988,2014-11-22,52.92,218.44,0.0,-1.0,4.4,5,71,1,1,0,-0.0,0.5925,1,0
2987,2014-11-22,85.29,264.55,-5.0,0.0,-9.12,2,0,1,1,0,0.0,0.5021,0,1
2988,2014-11-22,-52.92,218.44,-0.0,1.0,-4.4,-5,-71,1,1,0,0.0,0.4075,0,0
2986,2014-11-22,16.25,221.22,2.0,0.0,6.34,3,-56,1,0,0,-0.0,0.5679,0,1
2985,2014-11-22,-0.05,216.01,4.0,1.0,0.63,6,10,1,1,0,-0.0,0.4606,1,1
2985,2014-11-22,0.05,216.01,-4.0,-1.0,-0.63,-6,-10,1,1,0,0.0,0.5394,0,1
2984,2014-11-22,27.02,187.51,2.0,2.0,-2.05,-9,8,1,1,0,-0.0,0.4039,0,1
2984,2014-11-22,-27.02,187.51,-2.0,-2.0,2.05,9,-8,1,1,0,0.0,0.5961,1,1
2986,2014-11-22,-16.25,221.22,-2.0,-0.0,-6.34,-3,56,0,1,0,0.0,0.4321,1,1
3001,2014-12-06,93.43,209.16,-3.0,-2.0,2.4,4,-42,1,1,0,0.0,0.588,1,1
3000,2014-12-06,-54.8,219.3,-6.0,-3.0,0.4,-2,210,1,1,0,-0.0,0.4737,0,1
3000,2014-12-06,54.8,219.3,6.0,3.0,-0.4,2,-210,1,1,0,0.0,0.5263,1,1
2999,2014-12-06,-58.42,256.29,-2.0,2.0,5.65,-1,-609,1,1,0,-0.0,0.5,0,1
2999,2014-12-06,58.42,256.29,2.0,-2.0,-5.65,1,609,1,1,0,0.0,0.5,1,1
2997,2014-12-06,-128.61,248.95,1.0,-1.0,4.79,-3,-49,1,1,1,0.6,0.4417,0,1
2998,2014-12-06,108.42,192.42,1.0,2.0,0.67,0,56,1,1,0,0.0,0.5419,1,1
3001,2014-12-06,-93.43,209.16,3.0,2.0,-2.4,-4,42,1,1,0,-0.0,0.412,0,1
2997,2014-12-06,128.61,248.95,-1.0,1.0,-4.79,3,49,1,1,1,-0.6,0.5583,1,1
2996,2014-12-06,-101.52,178.75,5.0,2.0,1.48,0,-133,1,1,1,-0.2308,0.5,1,1
2996,2014-12-06,101.52,178.75,-5.0,-2.0,-1.48,0,133,1,1,1,0.2308,0.5,0,1
2998,2014-12-06,-108.42,192.42,-1.0,-2.0,-0.67,0,-56,1,1,0,-0.0,0.4581,0,1
3010,2014-12-12,94.56,244.96,-3.0,0.0,2.08,0,45,1,1,0,0.0,0.5312,0,1
3010,2014-12-12,-94.56,244.96,3.0,-0.0,-2.08,0,-45,1,1,0,-0.0,0.4688,1,1
3008,2014-12-12,-26.41,175.88,-3.0,-1.0,3.4,8,0,1,1,0,0.0,0.5016,0,1
3008,2014-12-12,26.41,175.88,3.0,1.0,-3.4,-8,0,1,1,0,-0.0,0.4984,1,1
3025,2014-12-13,-73.55,232.91,-1.0,-0.0,-4.02,-6,-7,1,1,0,0.0,0.4792,1,0
3025,2014-12-13,73.55,232.91,1.0,0.0,4.02,6,7,1,1,0,-0.0,0.5208,0,0
3024,2014-12-13,35.92,204.27,7.0,2.0,-0.55,0,-2810,1,1,0,0.0,0.531,1,0
3024,2014-12-13,-35.92,204.27,-7.0,-2.0,0.55,0,2810,1,1,0,-0.0,0.469,0,0
3022,2014-12-13,0.06,280.1,-2.0,-2.0,-1.31,0,10,1,1,0,0.0,0.5937,0,1
3021,2014-12-13,39.28,175.69,6.0,1.0,0.84,-7,-223,1,1,0,0.0,0.4909,1,0
3022,2014-12-13,-0.06,280.1,2.0,2.0,1.31,0,-10,1,1,0,-0.0,0.4063,1,1
3020,2014-12-13,116.19,203.28,4.0,7.0,-7.76,8,552,1,1,0,-0.0,0.5422,0,1
3020,2014-12-13,-116.19,203.28,-4.0,-7.0,7.76,-8,-552,1,1,0,0.0,0.4578,1,1
3019,2014-12-13,-54.13,163.98,6.0,4.0,-0.47,3,266,1,1,0,-0.0,0.4997,0,1
3019,2014-12-13,54.13,163.98,-6.0,-4.0,0.47,-3,-266,1,1,0,0.0,0.5003,1,1
3018,2014-12-13,-31.42,195.74,3.0,-0.0,1.45,-5,-224,1,1,0,0.0,0.5,0,1
3018,2014-12-13,31.42,195.74,-3.0,0.0,-1.45,5,224,1,1,0,-0.0,0.5,1,1
3021,2014-12-13,-39.28,175.69,-6.0,-1.0,-0.84,7,223,1,1,0,-0.0,0.5091,0,0
3036,2014-12-20,92.31,236.21,1.0,1.0,-6.48,-10,-203,0,1,0,-0.0,0.493,1,1
3039,2014-12-20,-61.18,271.09,-2.0,-3.0,6.05,1,48,1,1,0,0.0,0.5641,1,0
3038,2014-12-20,-141.44,218.53,-2.0,-2.0,-0.08,-8,119,1,1,0,0.0,0.4043,1,1
3038,2014-12-20,141.44,218.53,2.0,2.0,0.08,8,-119,1,1,0,-0.0,0.5957,0,1
3039,2014-12-20,61.18,271.09,2.0,3.0,-6.05,-1,-48,1,1,0,-0.0,0.4359,0,0
3036,2014-12-20,-92.31,236.21,-1.0,-1.0,6.48,10,203,1,0,0,0.0,0.507,0,1
3033,2014-12-20,-29.56,256.21,-3.0,-2.0,1.81,-1,0,1,1,0,0.0,0.4049,1,1
3031,2014-12-20,-100.31,217.28,-5.0,-1.0,2.31,-3,-133,1,1,0,-0.0,0.4338,0,0
3032,2014-12-20,3.63,264.92,-3.0,-0.0,9.33,2,-56,1,0,0,-0.0,0.4059,1,1
3032,2014-12-20,-3.63,264.92,3.0,0.0,-9.33,-2,56,0,1,0,0.0,0.5941,0,1
3031,2014-12-20,100.31,217.28,5.0,1.0,-2.31,3,133,1,1,0,0.0,0.5662,1,0
3030,2014-12-20,-90.92,169.27,2.0,1.0,-5.2,-4,35,1,1,0,-0.0,0.5206,0,0
3030,2014-12-20,90.92,169.27,-2.0,-1.0,5.2,4,-35,1,1,0,0.0,0.4794,1,0
3033,2014-12-20,29.56,256.21,3.0,2.0,-1.81,1,0,1,1,0,-0.0,0.5951,0,1
3050,2015-01-03,56.23,197.36,-1.0,3.0,-1.87,7,51,1,1,0,-0.0,0.5191,1,0
3047,2015-01-03,-38.62,233.04,-1.0,2.0,-4.67,-10,-35,1,1,0,0.0,0.5671,1,1
3047,2015-01-03,38.62,233.04,1.0,-2.0,4.67,10,35,1,1,0,-0.0,0.4329,0,1
3045,2015-01-03,-143.97,250.69,-0.0,-1.0,6.12,1,196,1,1,0,-0.0,0.4949,0,1
3045,2015-01-03,143.97,250.69,0.0,1.0,-6.12,-1,-196,1,1,0,0.0,0.5051,1,1
3050,2015-01-03,-56.23,197.36,1.0,-3.0,1.87,-7,-51,1,1,0,0.0,0.4809,0,0
3044,2015-01-03,-3.75,178.54,0.0,1.0,-8.67,-7,-49,1,1,0,0.0,0.497,1,1
3043,2015-01-03,-1.58,195.31,-0.0,-3.0,-5.59,-9,7,1,1,0,0.0,0.5173,0,1
3043,2015-01-03,1.58,195.31,0.0,3.0,5.59,9,-7,1,1,0,-0.0,0.4827,1,1
3042,2015-01-03,-145.42,203.82,-12.0,-5.0,8.33,-11,-28,1,1,1,0.1667,0.4999,0,1
3042,2015-01-03,145.42,203.82,12.0,5.0,-8.33,11,28,1,1,1,-0.1667,0.5001,1,1
3044,2015-01-03,3.75,178.54,-0.0,-1.0,8.67,7,49,1,1,0,-0.0,0.503,0,1
3062,2015-01-18,-49.81,271.2,1.0,-0.0,-3.12,1,29,1,1,0,-0.0,0.4067,0,0
3062,2015-01-18,49.81,271.2,-1.0,0.0,3.12,-1,-29,1,1,0,0.0,0.5933,1,0
3058,2015-01-18,-82.43,208.3,-0.0,4.0,-3.51,-6,28,0,1,0,0.0,0.5,1,1
3058,2015-01-18,82.43,208.3,0.0,-4.0,3.51,6,-28,1,0,0,-0.0,0.5,0,1
3057,2015-01-18,-54.03,244.91,-1.0,-3.0,0.19,3,21,1,1,0,0.0,0.4052,0,1
3057,2015-01-18,54.03,244.91,1.0,3.0,-0.19,-3,-21,1,1,0,-0.0,0.5948,1,1
3056,2015-01-18,-44.59,196.42,1.0,-1.0,3.21,19,-56,1,1,0,-0.0,0.5954,1,1
3054,2015-01-18,7.26,179.15,-3.0,-4.0,-0.64,-5,133,1,1,0,0.0,0.5256,0,0
3054,2015-01-18,-7.26,179.15,3.0,4.0,0.64,5,-133,1,1,0,-0.0,0.4744,1,0
3053,2015-01-18,-81.03,201.0,-4.0,-3.0,9.5,14,-7,1,1,0,0.0,0.5819,0,0
3053,2015-01-18,81.03,201.0,4.0,3.0,-9.5,-14,7,1,1,0,-0.0,0.4181,1,0
3056,2015-01-18,44.59,196.42,-1.0,1.0,-3.21,-19,56,1,1,0,0.0,0.4046,0,1
3068,2015-01-24,-86.66,218.47,-1.0,-0.0,-3.43,2,14,1,1,0,-0.0,0.5,1,1
3076,2015-01-24,-92.33,262.84,-5.0,-3.0,5.94,0,48,1,0,0,0.0,0.5557,1,1
3069,2015-01-24,-45.71,243.17,-2.0,-1.0,-5.72,-1,0,1,1,0,-0.0,0.4101,1,1
3069,2015-01-24,45.71,243.17,2.0,1.0,5.72,1,0,1,1,0,0.0,0.5899,0,1
3068,2015-01-24,86.66,218.47,1.0,0.0,3.43,-2,-14,1,1,0,0.0,0.5,0,1
3076,2015-01-24,92.33,262.84,5.0,3.0,-5.94,0,-48,0,1,0,-0.0,0.4443,0,1
3067,2015-01-24,-11.17,176.94,5.0,0.0,-1.3,-3,-70,1,1,0,0.0,0.5025,0,1
3065,2015-01-24,61.31,184.27,1.0,3.0,-2.86,-3,140,1,1,0,0.0,0.5103,0,1
3065,2015-01-24,-61.31,184.27,-1.0,-3.0,2.86,3,-140,1,1,0,-0.0,0.4897,1,1
3067,2015-01-24,11.17,176.94,-5.0,-0.0,1.3,3,70,1,1,0,-0.0,0.4975,1,1
3066,2015-01-24,-25.19,208.44,2.0,3.0,-14.94,-9,-104,1,1,0,-0.0,0.5382,1,1
3066,2015-01-24,25.19,208.44,-2.0,-3.0,14.94,9,104,1,1,0,0.0,0.4618,0,1
3085,2015-01-31,102.6,207.63,4.0,-1.0,-0.45,6,-20,1,1,0,-0.0,0.5938,1,1
3084,2015-01-31,39.93,218.99,3.0,-2.0,-6.1,2,3,1,1,0,-0.0,0.5376,1,1
3084,2015-01-31,-39.93,218.99,-3.0,2.0,6.1,-2,-3,1,1,0,0.0,0.4624,0,1
3083,2015-01-31,9.79,204.51,-0.0,-0.0,-3.26,-12,-112,1,1,0,0.0,0.4441,1,0
3083,2015-01-31,-9.79,204.51,0.0,0.0,3.26,12,112,1,1,0,-0.0,0.5559,0,0
3082,2015-01-31,45.55,244.55,1.0,-0.0,5.9,-1,35,1,1,0,-0.0,0.5011,0,1
3082,2015-01-31,-45.55,244.55,-1.0,0.0,-5.9,1,-35,1,1,0,0.0,0.4989,1,1
3085,2015-01-31,-102.6,207.63,-4.0,1.0,0.45,-6,20,1,1,0,0.0,0.4062,0,1
3081,2015-01-31,-25.55,198.54,3.0,3.0,-6.02,-14,-126,1,1,0,-0.0,0.463,0,1
3080,2015-01-31,-47.4,176.9,-4.0,-1.0,0.61,3,7,1,1,0,-0.0,0.406,0,1
3080,2015-01-31,47.4,176.9,4.0,1.0,-0.61,-3,-7,1,1,0,0.0,0.594,1,1
3079,2015-01-31,-8.79,188.55,-1.0,-0.0,-2.94,-10,-63,1,1,0,0.0,0.495,1,1
3079,2015-01-31,8.79,188.55,1.0,0.0,2.94,10,63,1,1,0,-0.0,0.505,0,1
3078,2015-01-31,90.35,222.01,-3.0,-0.0,-9.55,-1,-84,1,1,0,0.0,0.5108,0,0
3078,2015-01-31,-90.35,222.01,3.0,0.0,9.55,1,84,1,1,0,-0.0,0.4892,1,0
3081,2015-01-31,25.55,198.54,-3.0,-3.0,6.02,14,126,1,1,0,0.0,0.537,1,1
3096,2015-02-14,-68.21,237.99,2.0,3.0,-3.68,2,112,1,1,0,-0.0,0.5959,0,1
3096,2015-02-14,68.21,237.99,-2.0,-3.0,3.68,-2,-112,1,1,0,0.0,0.4041,1,1
3092,2015-02-14,-5.47,248.84,10.0,3.0,-11.11,0,-188,1,1,0,-0.0,0.5001,1,1
3092,2015-02-14,5.47,248.84,-10.0,-3.0,11.11,0,188,1,1,0,0.0,0.4999,0,1
3090,2015-02-14,6.61,227.31,-9.0,-5.0,6.26,-5,35,1,1,0,-0.0,0.4976,0,1
3090,2015-02-14,-6.61,227.31,9.0,5.0,-6.26,5,-35,1,1,0,0.0,0.5024,1,1
3089,2015-02-14,57.49,181.56,-4.0,-2.0,-7.61,-6,-262,1,1,0,0.0,0.543,1,1
3088,2015-02-14,-119.17,222.86,4.0,5.0,-1.65,-10,435,1,0,0,-0.0,0.4051,0,0
3088,2015-02-14,119.17,222.86,-4.0,-5.0,1.65,10,-435,0,1,0,0.0,0.5949,1,0
3089,2015-02-14,-57.49,181.56,4.0,2.0,7.61,6,262,1,1,0,-0.0,0.457,0,1
3107,2015-02-22,15.25,264.86,3.0,3.0,-2.22,2,-224,1,0,0,-0.0,0.5222,0,1
3107,2015-02-22,-15.25,264.86,-3.0,-3.0,2.22,-2,224,0,1,0,0.0,0.4778,1,1
3104,2015-02-22,-24.12,259.31,6.0,5.0,14.26,-3,-112,1,1,0,0.0,0.4981,1,1
3104,2015-02-22,24.12,259.31,-6.0,-5.0,-14.26,3,112,1,1,0,-0.0,0.5019,0,1
3103,2015-02-22,102.07,263.52,3.0,1.0,-4.42,0,105,0,1,0,-0.0,0.5379,0,1
3103,2015-02-22,-102.07,263.52,-3.0,-1.0,4.42,0,-105,1,0,0,0.0,0.4621,1,1
3102,2015-02-22,35.7,239.58,5.0,3.0,0.02,8,-28,1,1,0,-0.0,0.5388,0,0
3102,2015-02-22,-35.7,239.58,-5.0,-3.0,-0.02,-8,28,1,1,0,0.0,0.4612,1,0
3101,2015-02-22,42.61,243.82,1.0,-2.0,-3.89,1,29,1,1,0,0.0,0.475,0,0
3098,2015-02-22,-14.89,186.92,3.0,1.0,-0.31,-17,-224,1,1,0,-0.0,0.4958,0,0
3098,2015-02-22,14.89,186.92,-3.0,-1.0,0.31,17,224,1,1,0,0.0,0.5042,1,0
3099,2015-02-22,82.53,187.39,2.0,1.0,0.37,0,-259,1,1,0,-0.0,0.4999,0,0
3101,2015-02-22,-42.61,243.82,-1.0,2.0,3.89,-1,-29,1,1,0,-0.0,0.525,1,0
3100,2015-02-22,115.26,245.6,3.0,-1.0,1.22,3,132,1,1,0,0.0,0.5143,0,1
3100,2015-02-22,-115.26,245.6,-3.0,1.0,-1.22,-3,-132,1,1,0,-0.0,0.4857,1,1
3099,2015-02-22,-82.53,187.39,-2.0,-1.0,-0.37,0,259,1,1,0,0.0,0.5001,1,0
3116,2015-02-28,-29.5,237.8,0.0,0.0,-4.95,-5,42,1,1,0,-0.0,0.4602,0,1
3114,2015-02-28,-121.57,201.98,5.0,-1.0,-0.31,-8,2093,0,1,0,0.0,0.5926,1,1
3114,2015-02-28,121.57,201.98,-5.0,1.0,0.31,8,-2093,1,0,0,-0.0,0.4074,0,1
3113,2015-02-28,-52.94,176.77,-5.0,-1.0,0.35,16,-43,1,1,0,0.0,0.5044,0,0
3113,2015-02-28,52.94,176.77,5.0,1.0,-0.35,-16,43,1,1,0,-0.0,0.4956,1,0
3116,2015-02-28,29.5,237.8,-0.0,-0.0,4.95,5,-42,1,1,0,0.0,0.5398,1,1
3112,2015-02-28,5.24,262.68,0.0,0.0,7.02,0,-49,1,1,0,-0.0,0.5,1,0
3111,2015-02-28,3.88,165.72,2.0,1.0,7.32,10,364,1,1,0,0.0,0.5402,0,1
3111,2015-02-28,-3.88,165.72,-2.0,-1.0,-7.32,-10,-364,1,1,0,-0.0,0.4598,1,1
3109,2015-02-28,-87.19,251.03,2.0,-1.0,4.59,-2,-84,1,1,1,-0.0,0.4276,0,0
3109,2015-02-28,87.19,251.03,-2.0,1.0,-4.59,2,84,1,1,1,0.0,0.5724,1,0
3112,2015-02-28,-5.24,262.68,-0.0,-0.0,-7.02,0,49,1,1,0,0.0,0.5,0,0
3129,2015-03-14,-117.27,258.45,-1.0,-1.0,3.98,-3,371,1,0,0,-0.0,0.4999,1,1
3129,2015-03-14,117.27,258.45,1.0,1.0,-3.98,3,-371,0,1,0,0.0,0.5001,0,1
3127,2015-03-14,-3.7,216.7,-0.0,2.0,-3.9,-5,-21,1,1,0,-0.0,0.5829,1,0
3127,2015-03-14,3.7,216.7,0.0,-2.0,3.9,5,21,1,1,0,0.0,0.4171,0,0
3125,2015-03-14,-47.55,167.71,1.0,1.0,0.43,4,205,1,1,0,0.0,0.5002,0,1
3125,2015-03-14,47.55,167.71,-1.0,-1.0,-0.43,-4,-205,1,1,0,-0.0,0.4998,1,1
3124,2015-03-14,-16.87,234.2,-0.0,1.0,-5.71,-10,-77,0,1,0,0.0,0.4999,1,0
3124,2015-03-14,16.87,234.2,0.0,-1.0,5.71,10,77,1,0,0,-0.0,0.5001,0,0
3123,2015-03-14,16.37,197.74,-7.0,-4.0,3.91,7,84,1,1,0,0.0,0.5,0,1
3122,2015-03-14,-94.01,168.16,6.0,3.0,2.67,4,133,1,1,0,-0.0,0.5375,0,0
3122,2015-03-14,94.01,168.16,-6.0,-3.0,-2.67,-4,-133,1,1,0,0.0,0.4625,1,0
3121,2015-03-14,35.57,271.79,2.0,5.0,0.15,1,-1,1,1,1,1.0,0.4041,1,1
3121,2015-03-14,-35.57,271.79,-2.0,-5.0,-0.15,-1,1,1,1,1,-1.0,0.5959,0,1
3120,2015-03-14,13.79,192.24,2.0,2.0,-2.25,-11,7,1,1,1,-0.2549,0.4863,0,0
3123,2015-03-14,-16.37,197.74,7.0,4.0,-3.91,-7,-84,1,1,0,-0.0,0.5,1,1
3120,2015-03-14,-13.79,192.24,-2.0,-2.0,2.25,11,-7,1,1,1,0.2549,0.5137,1,0
3137,2015-03-21,40.39,233.88,1.0,4.0,-2.98,-3,-42,1,1,0,-0.0,0.4673,0,1
3134,2015-03-21,-87.55,249.1,-2.0,-0.0,-9.85,0,-42,1,1,0,-0.0,0.5125,0,1
3137,2015-03-21,-40.39,233.88,-1.0,-4.0,2.98,3,42,1,1,0,0.0,0.5327,1,1
3134,2015-03-21,87.55,249.1,2.0,0.0,9.85,0,42,1,1,0,0.0,0.4875,1,1
3133,2015-03-21,-36.43,175.14,1.0,2.0,-6.56,-15,70,1,1,0,-0.0,0.4598,1,1
3132,2015-03-21,24.58,198.77,2.0,-0.0,-5.9,-15,50,1,1,0,0.0,0.4057,0,1
3132,2015-03-21,-24.58,198.77,-2.0,0.0,5.9,15,-50,1,1,0,-0.0,0.5943,1,1
3133,2015-03-21,36.43,175.14,-1.0,-2.0,6.56,15,-70,1,1,0,0.0,0.5402,0,1
3151,2015-04-04,184.22,216.67,-4.0,-6.0,5.19,13,49,1,0,0,-0.0,0.4063,0,0
3150,2015-04-04,33.68,259.01,1.0,-1.0,0.57,-3,-119,1,1,0,0.0,0.5563,0,1
3150,2015-04-04,-33.68,259.01,-1.0,1.0,-0.57,3,119,1,1,0,-0.0,0.4437,1,1
3149,2015-04-04,-96.83,217.79,2.0,-0.0,4.0,-8,-28,1,0,0,-0.0,0.5046,0,0
3149,2015-04-04,96.83,217.79,-2.0,0.0,-4.0,8,28,0,1,0,0.0,0.4954,1,0
3148,2015-04-04,-8.74,188.46,1.0,1.0,-4.26,-13,-21,1,1,0,-0.0,0.4049,0,1
3151,2015-04-04,-184.22,216.67,4.0,6.0,-5.19,-13,-49,0,1,0,0.0,0.5937,1,0
3146,2015-04-04,-71.49,228.29,-2.0,-3.0,2.03,-2,104,1,1,0,0.0,0.5495,0,0
3146,2015-04-04,71.49,228.29,2.0,3.0,-2.03,2,-104,1,1,0,-0.0,0.4505,1,0
3145,2015-04-04,-35.17,211.46,-4.0,-1.0,-2.46,2,-126,1,1,0,-0.0,0.4565,1,1
3145,2015-04-04,35.17,211.46,4.0,1.0,2.46,-2,126,1,1,0,0.0,0.5435,0,1
3144,2015-04-04,13.91,203.95,5.0,2.0,2.95,-2,-21,1,1,0,-0.0,0.5923,0,1
3144,2015-04-04,-13.91,203.95,-5.0,-2.0,-2.95,2,21,1,1,0,0.0,0.4077,1,1
3148,2015-04-04,8.74,188.46,-1.0,-1.0,4.26,13,21,1,1,0,0.0,0.5951,1,1
3162,2015-04-11,-44.32,256.49,2.0,5.0,2.38,1,-239,1,1,0,-0.0,0.5,1,0
3162,2015-04-11,44.32,256.49,-2.0,-5.0,-2.38,-1,239,1,1,0,0.0,0.5,0,0
3158,2015-04-11,-66.81,236.24,-1.0,-1.0,-9.83,-9,-84,1,1,0,0.0,0.5081,1,0
3158,2015-04-11,66.81,236.24,1.0,1.0,9.83,9,84,1,1,0,-0.0,0.4919,0,0
3155,2015-04-11,42.29,257.09,1.0,-1.0,3.02,3,210,1,1,0,0.0,0.4447,1,1
3154,2015-04-11,-82.93,176.28,-3.0,-0.0,4.68,-9,1141,1,1,0,-0.0,0.5485,1,0
3154,2015-04-11,82.93,176.28,3.0,0.0,-4.68,9,-1141,1,1,0,0.0,0.4515,0,0
3155,2015-04-11,-42.29,257.09,-1.0,1.0,-3.02,-3,-210,1,1,0,-0.0,0.5553,0,1
3171,2015-04-18,-55.9,227.87,-4.0,-1.0,2.39,-2,-42,1,1,0,0.0,0.4504,0,0
3175,2015-04-18,14.57,218.79,-7.0,-2.0,0.04,2,-126,1,1,0,0.0,0.4368,1,0
3174,2015-04-18,-47.56,234.03,2.0,2.0,-2.94,6,-168,1,1,0,0.0,0.5399,1,1
3174,2015-04-18,47.56,234.03,-2.0,-2.0,2.94,-6,168,1,1,0,-0.0,0.4601,0,1
3173,2015-04-18,-16.17,227.93,2.0,-0.0,-5.62,-8,73,1,1,0,-0.0,0.596,1,1
3175,2015-04-18,-14.57,218.79,7.0,2.0,-0.04,-2,126,1,1,0,-0.0,0.5632,0,0
3172,2015-04-18,-104.09,250.67,-3.0,-0.0,4.1,2,161,1,1,0,0.0,0.4961,1,1
3172,2015-04-18,104.09,250.67,3.0,0.0,-4.1,-2,-161,1,1,0,-0.0,0.5039,0,1
3171,2015-04-18,55.9,227.87,4.0,1.0,-2.39,2,42,1,1,0,-0.0,0.5496,1,0
3173,2015-04-18,16.17,227.93,-2.0,0.0,5.62,8,-73,1,1,0,0.0,0.404,0,1
3170,2015-04-18,50.27,196.33,-1.0,-2.0,5.68,13,241,1,1,0,0.0,0.4936,0,1
3169,2015-04-18,-0.38,280.1,-0.0,-0.0,-9.52,0,20,1,1,0,-0.0,0.5027,1,1
3169,2015-04-18,0.38,280.1,0.0,0.0,9.52,0,-20,1,1,0,0.0,0.4973,0,1
3168,2015-04-18,-19.13,194.76,-1.0,3.0,-8.09,3,-84,1,1,0,0.0,0.5388,1,1
3168,2015-04-18,19.13,194.76,1.0,-3.0,8.09,-3,84,1,1,0,-0.0,0.4612,0,1
3167,2015-04-18,-210.22,210.88,3.0,1.0,-6.95,8,0,1,1,0,0.0,0.5095,0,1
3167,2015-04-18,210.22,210.88,-3.0,-1.0,6.95,-8,0,1,1,0,-0.0,0.4905,1,1
3166,2015-04-18,-67.5,198.47,3.0,2.0,-6.38,-15,43,1,1,0,-0.0,0.5099,1,1
3166,2015-04-18,67.5,198.47,-3.0,-2.0,6.38,15,-43,1,1,0,0.0,0.4901,0,1
3170,2015-04-18,-50.27,196.33,1.0,2.0,-5.68,-13,-241,1,1,0,-0.0,0.5064,1,1
3186,2015-04-25,-60.75,256.17,-4.0,-3.0,5.33,2,-34,1,1,0,-0.0,0.5,0,1
3184,2015-04-25,6.38,279.64,1.0,2.0,-2.78,0,-70,1,1,0,-0.0,0.5411,0,0
3184,2015-04-25,-6.38,279.64,-1.0,-2.0,2.78,0,70,1,1,0,0.0,0.4589,1,0
3182,2015-04-25,6.16,183.57,-5.0,1.0,-2.57,-7,-77,1,1,0,-0.0,0.5393,0,0
3182,2015-04-25,-6.16,183.57,5.0,-1.0,2.57,7,77,1,1,0,0.0,0.4607,1,0
3181,2015-04-25,-13.65,242.24,2.0,-0.0,-12.17,-7,-147,1,1,0,0.0,0.4998,1,0
3186,2015-04-25,60.75,256.17,4.0,3.0,-5.33,-2,34,1,1,0,0.0,0.5,1,1
3179,2015-04-25,-43.71,163.51,1.0,1.0,-4.45,-7,-43,1,1,0,-0.0,0.5938,0,1
3179,2015-04-25,43.71,163.51,-1.0,-1.0,4.45,7,43,1,1,0,0.0,0.4062,1,1
3178,2015-04-25,-47.29,189.59,2.0,-0.0,-1.74,-3,-637,0,0,0,-0.0,0.5,0,1
3178,2015-04-25,47.29,189.59,-2.0,0.0,1.74,3,637,0,0,0,0.0,0.5,1,1
3177,2015-04-25,-99.05,214.28,-3.0,1.0,-4.16,-7,-98,1,1,1,-0.2273,0.4848,0,1
3177,2015-04-25,99.05,214.28,3.0,-1.0,4.16,7,98,1,1,1,0.2273,0.5152,1,1
3181,2015-04-25,13.65,242.24,-2.0,0.0,12.17,7,147,1,1,0,-0.0,0.5002,0,0
3198,2015-05-09,0.38,280.1,2.0,1.0,-12.46,0,20,1,1,0,-0.0,0.5012,0,0
3198,2015-05-09,-0.38,280.1,-2.0,-1.0,12.46,0,-20,1,1,0,0.0,0.4988,1,0
3197,2015-05-09,0.78,251.17,2.0,-0.0,-9.61,-2,244,1,1,0,0.0,0.5375,1,0
3197,2015-05-09,-0.78,251.17,-2.0,0.0,9.61,2,-244,1,1,0,-0.0,0.4625,0,0
3195,2015-05-09,-44.66,256.45,5.0,2.0,-8.51,1,-8,1,1,0,-0.0,0.4792,1,1
3195,2015-05-09,44.66,256.45,-5.0,-2.0,8.51,-1,8,1,1,0,0.0,0.5208,0,1
3193,2015-05-09,-3.02,235.95,2.0,1.0,-6.58,-5,-84,1,1,0,-0.0,0.5378,1,0
3193,2015-05-09,3.02,235.95,-2.0,-1.0,6.58,5,84,1,1,0,0.0,0.4622,0,0
3192,2015-05-09,44.23,256.64,3.0,4.0,7.49,1,-15,1,1,0,0.0,0.4848,1,1
3191,2015-05-09,-70.09,220.7,-1.0,-2.0,-10.91,-7,-72,1,1,0,0.0,0.5024,1,1
3191,2015-05-09,70.09,220.7,1.0,2.0,10.91,7,72,1,1,0,-0.0,0.4976,0,1
3190,2015-05-09,-64.64,207.59,-1.0,-1.0,-3.0,-6,57,1,1,0,-0.0,0.5,1,1
3190,2015-05-09,64.64,207.59,1.0,1.0,3.0,6,-57,1,1,0,0.0,0.5,0,1
3189,2015-05-09,-78.76,199.04,-8.0,-6.0,8.41,1,28,1,1,0,-0.0,0.5,0,1
3189,2015-05-09,78.76,199.04,8.0,6.0,-8.41,-1,-28,1,1,0,0.0,0.5,1,1
3192,2015-05-09,-44.23,256.64,-3.0,-4.0,-7.49,-1,15,1,1,0,-0.0,0.5152,0,1
3209,2015-05-16,-44.06,256.37,4.0,2.0,-0.87,1,-147,1,1,0,-0.0,0.5002,0,1
3209,2015-05-16,44.06,256.37,-4.0,-2.0,0.87,-1,147,1,1,0,0.0,0.4998,1,1
3207,2015-05-16,-1.92,250.88,2.0,2.0,-1.37,2,-105,1,1,0,0.0,0.5711,1,0
3207,2015-05-16,1.92,250.88,-2.0,-2.0,1.37,-2,105,1,1,0,-0.0,0.4289,0,0
3204,2015-05-16,65.21,218.81,3.0,-0.0,-2.54,5,-147,1,1,0,0.0,0.596,1,1
3204,2015-05-16,-65.21,218.81,-3.0,0.0,2.54,-5,147,1,1,0,-0.0,0.404,0,1
3203,2015-05-16,36.93,201.81,-6.0,-6.0,10.17,9,-98,1,1,0,-0.0,0.4436,1,1
3202,2015-05-16,16.75,212.68,-3.0,-3.0,5.67,4,259,1,1,0,0.0,0.4619,0,1
3202,2015-05-16,-16.75,212.68,3.0,3.0,-5.67,-4,-259,1,1,0,-0.0,0.5381,1,1
3201,2015-05-16,-24.88,175.39,-1.0,-0.0,2.43,-6,-14,0,1,0,-0.0,0.4944,0,1
3201,2015-05-16,24.88,175.39,1.0,0.0,-2.43,6,14,1,0,0,0.0,0.5056,1,1
3203,2015-05-16,-36.93,201.81,6.0,6.0,-10.17,-9,98,1,1,0,0.0,0.5564,0,1
3221,2015-05-23,10.29,219.34,2.0,1.0,12.43,12,77,1,1,0,0.0,0.461,0,1
3220,2015-05-23,53.99,205.77,-2.0,-0.0,1.6,7,-13,1,1,0,0.0,0.5939,1,1
3220,2015-05-23,-53.99,205.77,2.0,0.0,-1.6,-7,13,1,1,0,-0.0,0.4061,0,1
3219,2015-05-23,-152.53,185.17,-4.0,-4.0,1.6,-4,2128,1,1,0,0.0,0.5009,0,0
3219,2015-05-23,152.53,185.17,4.0,4.0,-1.6,4,-2128,1,1,0,-0.0,0.4991,1,0
3218,2015-05-23,-50.2,228.07,-2.0,1.0,1.44,-2,-252,1,1,0,0.0,0.5002,0,0
3218,2015-05-23,50.2,228.07,2.0,-1.0,-1.44,2,252,1,1,0,-0.0,0.4998,1,0
3217,2015-05-23,-49.58,201.99,1.0,2.0,0.36,-3,-21,1,1,0,-0.0,0.4953,0,0
3221,2015-05-23,-10.29,219.34,-2.0,-1.0,-12.43,-12,-77,1,1,0,-0.0,0.539,1,1
3216,2015-05-23,-24.95,178.75,-2.0,-3.0,3.45,5,84,1,1,0,-0.0,0.5097,1,1
3216,2015-05-23,24.95,178.75,2.0,3.0,-3.45,-5,-84,1,1,0,0.0,0.4903,0,1
3215,2015-05-23,-172.59,181.64,-5.0,-5.0,-2.1,-8,-97,1,1,0,0.0,0.4663,0,1
3215,2015-05-23,172.59,181.64,5.0,5.0,2.1,8,97,1,1,0,-0.0,0.5337,1,1
3214,2015-05-23,-150.81,181.39,-4.0,-2.0,7.21,11,238,1,1,1,-0.2697,0.5027,0,0
3214,2015-05-23,150.81,181.39,4.0,2.0,-7.21,-11,-238,1,1,1,0.2697,0.4973,1,0
3213,2015-05-23,1.08,200.67,-6.0,-3.0,4.96,-9,21,1,1,1,0.4571,0.5953,1,1
3213,2015-05-23,-1.08,200.67,6.0,3.0,-4.96,9,-21,1,1,1,-0.4571,0.4047,0,1
3217,2015-05-23,49.58,201.99,-1.0,-2.0,-0.36,3,21,1,1,0,0.0,0.5047,1,0
3233,2015-05-30,39.88,245.67,-2.0,-4.0,-2.26,-3,-91,1,1,0,0.0,0.5263,1,0
3233,2015-05-30,-39.88,245.67,2.0,4.0,2.26,3,91,1,1,0,-0.0,0.4737,0,0
3231,2015-05-30,7.51,232.0,-2.0,-1.0,0.27,-1,-70,1,1,0,0.0,0.5015,0,0
3231,2015-05-30,-7.51,232.0,2.0,1.0,-0.27,1,70,1,1,0,-0.0,0.4985,1,0
3228,2015-05-30,37.54,214.0,-0.0,2.0,-8.33,-4,62,1,1,0,0.0,0.4248,0,1
3228,2015-05-30,-37.54,214.0,0.0,-2.0,8.33,4,-62,1,1,0,-0.0,0.5752,1,1
3227,2015-05-30,33.46,240.66,-2.0,-0.0,-1.75,4,-83,1,1,0,-0.0,0.5,0,1
3227,2015-05-30,-33.46,240.66,2.0,0.0,1.75,-4,83,1,1,0,0.0,0.5,1,1
3226,2015-05-30,111.6,264.49,-6.0,-1.0,5.21,2,339,1,0,0,0.0,0.4095,0,1
3225,2015-05-30,-47.11,182.96,6.0,2.0,-5.18,-2,-216,1,1,0,-0.0,0.4329,1,1
3225,2015-05-30,47.11,182.96,-6.0,-2.0,5.18,2,216,1,1,0,0.0,0.5671,0,1
3224,2015-05-30,33.72,175.66,-5.0,-5.0,0.56,9,-322,1,1,0,-0.0,0.5369,0,1
3224,2015-05-30,-33.72,175.66,5.0,5.0,-0.56,-9,322,1,1,0,0.0,0.4631,1,1
3226,2015-05-30,-111.6,264.49,6.0,1.0,-5.21,-2,-339,0,1,0,-0.0,0.5905,1,1
3242,2015-06-06,-2.42,220.56,-4.0,-3.0,0.3,4,56,1,1,0,0.0,0.5,1,0
3245,2015-06-06,-90.83,222.8,-2.0,-0.0,2.54,1,331,1,1,0,0.0,0.5232,0,1
3245,2015-06-06,90.83,222.8,2.0,0.0,-2.54,-1,-331,1,1,0,-0.0,0.4768,1,1
3244,2015-06-06,-102.57,263.38,1.0,-0.0,-2.32,0,-62,1,1,0,-0.0,0.5032,0,1
3244,2015-06-06,102.57,263.38,-1.0,0.0,2.32,0,62,1,1,0,0.0,0.4968,1,1
3243,2015-06-06,-60.65,229.39,-0.0,-0.0,-6.87,-4,-98,1,1,0,-0.0,0.5953,1,0
3243,2015-06-06,60.65,229.39,0.0,0.0,6.87,4,98,1,1,0,0.0,0.4047,0,0
3242,2015-06-06,2.42,220.56,4.0,3.0,-0.3,-4,-56,1,1,0,-0.0,0.5,0,0
3241,2015-06-06,-7.33,205.49,3.0,2.0,-6.7,4,77,1,1,0,0.0,0.538,0,0
3240,2015-06-06,-13.59,280.46,4.0,2.0,0.85,0,-105,1,1,0,-0.0,0.413,1,1
3240,2015-06-06,13.59,280.46,-4.0,-2.0,-0.85,0,105,1,1,0,0.0,0.587,0,1
3238,2015-06-06,-132.07,212.43,3.0,1.0,1.37,-7,113,1,1,0,-0.0,0.4711,0,0
3238,2015-06-06,132.07,212.43,-3.0,-1.0,-1.37,7,-113,1,1,0,0.0,0.5289,1,0
3237,2015-06-06,80.6,196.27,4.0,-1.0,3.26,5,-99,1,1,0,-0.0,0.4612,0,0
3237,2015-06-06,-80.6,196.27,-4.0,1.0,-3.26,-5,99,1,1,0,0.0,0.5388,1,0
3236,2015-06-06,-28.36,171.03,-0.0,-1.0,10.43,-2,7,1,1,0,0.0,0.5001,1,1
3236,2015-06-06,28.36,171.03,0.0,1.0,-10.43,2,-7,1,1,0,-0.0,0.4999,0,1
3241,2015-06-06,7.33,205.49,-3.0,-2.0,6.7,-4,-77,1,1,0,-0.0,0.462,1,0
3253,2015-06-13,-62.58,244.06,2.0,2.0,2.04,4,112,1,1,0,-0.0,0.5001,0,1
3254,2015-06-13,-22.11,223.26,-1.0,-1.0,-2.76,-6,63,1,1,0,-0.0,0.4918,0,0
3254,2015-06-13,22.11,223.26,1.0,1.0,2.76,6,-63,1,1,0,0.0,0.5082,1,0
3253,2015-06-13,62.58,244.06,-2.0,-2.0,-2.04,-4,-112,1,1,0,0.0,0.4999,1,1
3252,2015-06-13,-0.0,280.1,4.0,2.0,4.59,0,0,1,1,0,-0.0,0.5035,0,1
3252,2015-06-13,0.0,280.1,-4.0,-2.0,-4.59,0,0,1,1,0,0.0,0.4965,1,1
3249,2015-06-13,-29.88,269.66,-4.0,-0.0,-1.75,-2,70,1,1,0,0.0,0.5,1,1
3250,2015-06-13,77.11,189.52,-3.0,-3.0,-12.51,-12,-28,1,1,0,0.0,0.5541,1,0
3249,2015-06-13,29.88,269.66,4.0,0.0,1.75,2,-70,1,1,0,-0.0,0.5,0,1
3248,2015-06-13,-65.37,190.28,-0.0,3.0,4.99,-3,-392,1,1,1,0.1667,0.5615,1,1
3248,2015-06-13,65.37,190.28,0.0,-3.0,-4.99,3,392,1,1,1,-0.1667,0.4385,0,1
3250,2015-06-13,-77.11,189.52,3.0,3.0,12.51,12,28,1,1,0,-0.0,0.4459,0,0
3264,2015-06-20,29.86,250.5,1.0,2.0,5.06,-2,357,1,1,0,-0.0,0.5003,0,0
3269,2015-06-20,-46.23,271.27,-2.0,4.0,2.5,1,112,1,0,0,-0.0,0.4973,0,1
3269,2015-06-20,46.23,271.27,2.0,-4.0,-2.5,-1,-112,0,1,0,0.0,0.5027,1,1
3264,2015-06-20,-29.86,250.5,-1.0,-2.0,-5.06,2,-357,1,1,0,0.0,0.4997,1,0
3259,2015-06-20,82.53,264.93,-2.0,1.0,-4.55,2,-92,1,1,1,-0.3333,0.4619,1,1
3260,2015-06-20,92.34,212.43,1.0,-1.0,-0.68,17,-282,1,1,0,-0.0,0.4925,0,1
3259,2015-06-20,-82.53,264.93,2.0,-1.0,4.55,-2,92,1,1,1,0.3333,0.5381,0,1
3260,2015-06-20,-92.34,212.43,-1.0,1.0,0.68,-17,282,1,1,0,0.0,0.5075,1,1
3270,2015-06-27,-43.87,192.09,1.0,1.0,-1.08,15,-203,1,1,0,0.0,0.5373,0,1
3270,2015-06-27,43.87,192.09,-1.0,-1.0,1.08,-15,203,1,1,0,-0.0,0.4627,1,1
3271,2015-06-27,76.91,235.2,1.0,1.0,-0.06,-3,-35,1,1,0,0.0,0.5,0,1
3271,2015-06-27,-76.91,235.2,-1.0,-1.0,0.06,3,35,1,1,0,-0.0,0.5,1,1
3286,2015-07-11,157.52,210.62,3.0,6.0,-4.51,-8,-146,1,1,0,0.0,0.5947,0,1
3285,2015-07-11,63.34,211.66,5.0,4.0,8.07,11,623,1,1,0,-0.0,0.4702,0,1
3285,2015-07-11,-63.34,211.66,-5.0,-4.0,-8.07,-11,-623,1,1,0,0.0,0.5298,1,1
3286,2015-07-11,-157.52,210.62,-3.0,-6.0,4.51,8,146,1,1,0,-0.0,0.4053,1,1
3284,2015-07-11,-24.16,179.12,-0.0,2.0,-3.11,-10,-35,1,1,0,0.0,0.503,0,1
3287,2015-07-11,-10.28,279.52,4.0,-0.0,10.7,0,49,1,1,0,-0.0,0.5375,0,1
3288,2015-07-11,-3.09,248.4,-4.0,-5.0,11.88,0,-78,1,1,0,0.0,0.4961,0,1
3288,2015-07-11,3.09,248.4,4.0,5.0,-11.88,0,78,1,1,0,-0.0,0.5039,1,1
3287,2015-07-11,10.28,279.52,-4.0,0.0,-10.7,0,-49,1,1,0,0.0,0.4625,1,1
3284,2015-07-11,24.16,179.12,0.0,-2.0,3.11,10,35,1,1,0,-0.0,0.497,1,1
3279,2015-07-11,-29.38,208.44,-8.0,-3.0,3.2,5,-76,1,1,1,0.2,0.5,0,0
3283,2015-07-11,-102.6,229.98,-2.0,-1.0,12.85,7,154,1,1,0,0.0,0.568,0,0
3282,2015-07-11,-44.29,236.88,2.0,3.0,3.05,-2,-133,1,1,0,-0.0,0.4705,0,1
3282,2015-07-11,44.29,236.88,-2.0,-3.0,-3.05,2,133,1,1,0,0.0,0.5295,1,1
3281,2015-07-11,-118.45,177.43,5.0,3.0,0.55,11,-27,1,1,0,0.0,0.4044,1,1
3281,2015-07-11,118.45,177.43,-5.0,-3.0,-0.55,-11,27,1,1,0,-0.0,0.5956,0,1
3280,2015-07-11,40.83,181.15,2.0,1.0,-7.34,-3,63,1,1,1,0.1169,0.5944,0,0
3280,2015-07-11,-40.83,181.15,-2.0,-1.0,7.34,3,-63,1,1,1,-0.1169,0.4056,1,0
3279,2015-07-11,29.38,208.44,8.0,3.0,-3.2,-5,76,1,1,1,-0.2,0.5,1,0
3283,2015-07-11,102.6,229.98,2.0,1.0,-12.85,-7,-154,1,1,0,-0.0,0.432,1,0
3298,2015-07-12,-22.89,205.05,1.0,2.0,0.48,-7,-602,1,1,0,0.0,0.4862,1,1
3298,2015-07-12,22.89,205.05,-1.0,-2.0,-0.48,7,602,1,1,0,-0.0,0.5138,0,1
3296,2015-07-12,9.65,245.28,-6.0,-2.0,0.25,3,28,1,1,0,0.0,0.4937,0,1
3296,2015-07-12,-9.65,245.28,6.0,2.0,-0.25,-3,-28,1,1,0,-0.0,0.5063,1,1
3295,2015-07-12,1.59,240.85,-0.0,3.0,-2.93,-3,-155,1,1,0,-0.0,0.4998,0,1
3293,2015-07-12,-51.25,215.42,4.0,2.0,-0.26,-1,41,0,0,0,-0.0,0.5119,0,0
3293,2015-07-12,51.25,215.42,-4.0,-2.0,0.26,1,-41,0,0,0,0.0,0.4881,1,0
3290,2015-07-12,13.14,196.27,4.0,3.0,2.12,-8,154,1,1,0,0.0,0.5005,1,1
3290,2015-07-12,-13.14,196.27,-4.0,-3.0,-2.12,8,-154,1,1,0,-0.0,0.4995,0,1
3295,2015-07-12,-1.59,240.85,0.0,-3.0,2.93,3,155,1,1,0,0.0,0.5002,1,1
3305,2015-07-15,-78.47,250.42,-6.0,1.0,4.4,-2,0,1,1,0,-0.0,0.4784,0,0
3311,2015-07-15,-107.73,250.35,-1.0,-3.0,1.43,-4,210,1,1,0,-0.0,0.4917,1,0
3308,2015-07-15,19.09,254.31,5.0,6.0,3.4,-4,231,0,1,0,0.0,0.5113,0,1
3308,2015-07-15,-19.09,254.31,-5.0,-6.0,-3.4,4,-231,1,0,0,-0.0,0.4887,1,1
3307,2015-07-15,-6.69,220.55,4.0,1.0,4.99,-3,-77,1,1,0,0.0,0.5783,0,1
3307,2015-07-15,6.69,220.55,-4.0,-1.0,-4.99,3,77,1,1,0,-0.0,0.4217,1,1
3305,2015-07-15,78.47,250.42,6.0,-1.0,-4.4,2,0,1,1,0,0.0,0.5216,1,0
3311,2015-07-15,107.73,250.35,1.0,3.0,-1.43,4,-210,1,1,0,0.0,0.5083,0,0
3304,2015-07-15,-47.62,190.29,-1.0,0.0,-1.36,-2,-28,1,1,0,-0.0,0.4999,0,1
3303,2015-07-15,36.16,270.94,-1.0,-2.0,4.33,1,6,1,1,0,-0.0,0.5378,0,0
3303,2015-07-15,-36.16,270.94,1.0,2.0,-4.33,-1,-6,1,1,0,0.0,0.4622,1,0
3302,2015-07-15,160.83,207.5,5.0,1.0,-5.39,3,-217,1,1,0,-0.0,0.5829,1,1
3302,2015-07-15,-160.83,207.5,-5.0,-1.0,5.39,-3,217,1,1,0,0.0,0.4171,0,1
3301,2015-07-15,-6.81,194.44,-1.0,-0.0,-6.54,-20,78,1,1,0,-0.0,0.4959,0,0
3301,2015-07-15,6.81,194.44,1.0,0.0,6.54,20,-78,1,1,0,0.0,0.5041,1,0
3304,2015-07-15,47.62,190.29,1.0,-0.0,1.36,2,28,1,1,0,0.0,0.5001,1,1
3319,2015-07-18,-69.86,230.02,-3.0,-4.0,5.55,4,232,0,1,0,-0.0,0.4953,0,1
3319,2015-07-18,69.86,230.02,3.0,4.0,-5.55,-4,-232,1,0,0,0.0,0.5047,1,1
3314,2015-07-18,-7.55,171.11,1.0,2.0,2.77,-1,70,1,1,0,0.0,0.5946,1,0
3313,2015-07-18,31.65,165.51,3.0,-0.0,-2.52,-10,84,1,1,0,0.0,0.5939,0,1
3313,2015-07-18,-31.65,165.51,-3.0,0.0,2.52,10,-84,1,1,0,-0.0,0.4061,1,1
3314,2015-07-18,7.55,171.11,-1.0,-2.0,-2.77,1,-70,1,1,0,-0.0,0.4054,0,0
3330,2015-07-25,74.0,173.1,0.0,-1.0,-4.01,7,-105,1,1,0,-0.0,0.573,1,0
3333,2015-07-25,74.88,208.81,-1.0,-6.0,0.98,5,-14,1,1,0,0.0,0.461,0,0
3332,2015-07-25,90.89,215.71,-1.0,1.0,-0.11,-1,-147,1,1,0,-0.0,0.5819,1,1
3332,2015-07-25,-90.89,215.71,1.0,-1.0,0.11,1,147,1,1,0,0.0,0.4181,0,1
3331,2015-07-25,39.6,204.93,3.0,4.0,0.84,2,42,1,1,0,-0.0,0.4928,1,1
3331,2015-07-25,-39.6,204.93,-3.0,-4.0,-0.84,-2,-42,1,1,0,0.0,0.5072,0,1
3330,2015-07-25,-74.0,173.1,-0.0,1.0,4.01,-7,105,1,1,0,0.0,0.427,0,0
3333,2015-07-25,-74.88,208.81,1.0,6.0,-0.98,-5,14,1,1,0,-0.0,0.539,1,0
3329,2015-07-25,-2.31,212.45,-2.0,-3.0,2.26,4,742,1,1,0,-0.0,0.5812,1,0
3328,2015-07-25,56.98,180.3,1.0,3.0,-5.66,9,-133,1,1,0,-0.0,0.505,1,0
3328,2015-07-25,-56.98,180.3,-1.0,-3.0,5.66,-9,133,1,1,0,0.0,0.495,0,0
3327,2015-07-25,-49.95,222.62,-5.0,-0.0,1.74,-10,50,1,1,0,0.0,0.5675,0,1
3327,2015-07-25,49.95,222.62,5.0,0.0,-1.74,10,-50,1,1,0,-0.0,0.4325,1,1
3326,2015-07-25,-24.88,246.11,1.0,-0.0,0.06,-2,77,1,1,0,-0.0,0.4096,0,1
3326,2015-07-25,24.88,246.11,-1.0,0.0,-0.06,2,-77,1,1,0,0.0,0.5904,1,1
3325,2015-07-25,61.52,199.39,3.0,-0.0,-0.98,0,-112,1,1,1,-0.0,0.5165,0,1
3325,2015-07-25,-61.52,199.39,-3.0,0.0,0.98,0,112,1,1,1,0.0,0.4835,1,1
3329,2015-07-25,2.31,212.45,2.0,3.0,-2.26,-4,-742,1,1,0,0.0,0.4188,0,0
3346,2015-08-01,-33.5,256.49,-2.0,-2.0,-9.57,-1,168,1,1,0,-0.0,0.5453,1,1
3346,2015-08-01,33.5,256.49,2.0,2.0,9.57,1,-168,1,1,0,0.0,0.4547,0,1
3347,2015-08-01,16.81,221.79,2.0,2.0,3.12,7,-64,1,1,0,0.0,0.4818,1,0
3347,2015-08-01,-16.81,221.79,-2.0,-2.0,-3.12,-7,64,1,1,0,-0.0,0.5182,0,0
3349,2015-08-01,-87.33,254.06,1.0,-0.0,2.77,-4,-122,1,1,0,-0.0,0.5956,1,0
3348,2015-08-01,110.9,247.12,-0.0,1.0,-7.7,3,43,1,1,0,-0.0,0.5,0,1
3349,2015-08-01,87.33,254.06,-1.0,0.0,-2.77,4,122,1,1,0,0.0,0.4044,0,0
3345,2015-08-01,82.98,237.69,2.0,1.0,-0.59,2,-308,1,1,0,0.0,0.5001,1,1
3348,2015-08-01,-110.9,247.12,0.0,-1.0,7.7,-3,-43,1,1,0,0.0,0.5,1,1
3345,2015-08-01,-82.98,237.69,-2.0,-1.0,0.59,-2,308,1,1,0,-0.0,0.4999,0,1
3337,2015-08-01,100.94,239.75,2.0,2.0,-3.61,2,-182,1,1,1,-0.6667,0.5723,1,1
3344,2015-08-01,-2.94,175.58,-8.0,-2.0,9.74,10,56,1,1,0,0.0,0.4989,1,0
3342,2015-08-01,38.7,215.55,-1.0,-0.0,2.17,-1,107,1,1,0,0.0,0.5105,0,1
3342,2015-08-01,-38.7,215.55,1.0,0.0,-2.17,1,-107,1,1,0,-0.0,0.4895,1,1
3341,2015-08-01,-48.05,182.82,-7.0,-8.0,11.71,-4,246,1,1,0,0.0,0.4894,0,1
3341,2015-08-01,48.05,182.82,7.0,8.0,-11.71,4,-246,1,1,0,-0.0,0.5106,1,1
3338,2015-08-01,47.34,191.46,-1.0,1.0,5.48,-7,105,1,1,0,0.0,0.5,0,0
3338,2015-08-01,-47.34,191.46,1.0,-1.0,-5.48,7,-105,1,1,0,-0.0,0.5,1,0
3337,2015-08-01,-100.94,239.75,-2.0,-2.0,3.61,-2,182,1,1,1,0.6667,0.4277,0,1
3344,2015-08-01,2.94,175.58,8.0,2.0,-9.74,-10,-56,1,1,0,-0.0,0.5011,0,0
3357,2015-08-08,-33.76,199.7,-2.0,-1.0,4.36,-7,77,1,1,0,0.0,0.4422,0,1
3357,2015-08-08,33.76,199.7,2.0,1.0,-4.36,7,-77,1,1,0,-0.0,0.5578,1,1
3354,2015-08-08,74.15,238.21,3.0,2.0,-7.68,0,-49,1,1,0,-0.0,0.4916,1,1
3354,2015-08-08,-74.15,238.21,-3.0,-2.0,7.68,0,49,1,1,0,0.0,0.5084,0,1
3353,2015-08-08,-63.56,254.59,2.0,1.0,1.39,-4,-21,1,1,0,-0.0,0.5,0,0
3353,2015-08-08,63.56,254.59,-2.0,-1.0,-1.39,4,21,1,1,0,0.0,0.5,1,0
3352,2015-08-08,-29.37,232.18,-2.0,1.0,-2.34,-1,-98,1,1,0,-0.0,0.5457,0,1
3352,2015-08-08,29.37,232.18,2.0,-1.0,2.34,1,98,1,1,0,0.0,0.4543,1,1
3351,2015-08-08,20.85,199.22,-1.0,-0.0,-2.92,-6,-55,1,1,0,-0.0,0.5829,1,1
3351,2015-08-08,-20.85,199.22,1.0,0.0,2.92,6,55,1,1,0,0.0,0.4171,0,1
3350,2015-08-08,30.69,209.17,4.0,1.0,-3.44,0,-175,1,1,0,-0.0,0.507,0,0
3350,2015-08-08,-30.69,209.17,-4.0,-1.0,3.44,0,175,1,1,0,0.0,0.493,1,0
3373,2015-08-23,132.28,258.18,2.0,-1.0,0.33,3,126,1,0,0,0.0,0.595,0,1
3373,2015-08-23,-132.28,258.18,-2.0,1.0,-0.33,-3,-126,0,1,0,-0.0,0.405,1,1
3371,2015-08-23,-55.42,245.39,2.0,2.0,-6.7,3,-35,1,1,0,-0.0,0.4987,1,1
3371,2015-08-23,55.42,245.39,-2.0,-2.0,6.7,-3,35,1,1,0,0.0,0.5013,0,1
3370,2015-08-23,-60.37,205.08,5.0,1.0,-8.7,-2,182,0,1,0,0.0,0.5607,1,1
3370,2015-08-23,60.37,205.08,-5.0,-1.0,8.7,2,-182,1,0,0,-0.0,0.4393,0,1
3368,2015-08-23,31.93,272.05,1.0,-0.0,8.36,1,-14,1,1,0,0.0,0.4494,1,1
3368,2015-08-23,-31.93,272.05,-1.0,0.0,-8.36,-1,14,1,1,0,-0.0,0.5506,0,1
3363,2015-08-23,-33.93,182.33,5.0,-1.0,2.13,1,-42,1,1,0,-0.0,0.4466,0,1
3366,2015-08-23,-8.09,227.91,1.0,1.0,-7.91,-8,35,1,1,0,0.0,0.4247,0,0
3365,2015-08-23,-26.66,177.0,-3.0,-1.0,-0.11,-6,-28,1,1,0,-0.0,0.5955,0,1
3365,2015-08-23,26.66,177.0,3.0,1.0,0.11,6,28,1,1,0,0.0,0.4045,1,1
3364,2015-08-23,-60.06,190.2,-6.0,-3.0,3.12,-1,133,1,1,0,-0.0,0.4337,0,1
3364,2015-08-23,60.06,190.2,6.0,3.0,-3.12,1,-133,1,1,0,0.0,0.5663,1,1
3363,2015-08-23,33.93,182.33,-5.0,1.0,-2.13,-1,42,1,1,0,0.0,0.5534,1,1
3366,2015-08-23,8.09,227.91,-1.0,-1.0,7.91,8,-35,1,1,0,-0.0,0.5753,1,0
3379,2015-09-05,-101.2,263.48,-2.0,-1.0,15.42,0,-21,1,1,0,-0.0,0.4921,0,0
3382,2015-09-05,-67.56,229.2,5.0,6.0,3.05,-2,137,1,1,0,0.0,0.5071,1,1
3382,2015-09-05,67.56,229.2,-5.0,-6.0,-3.05,2,-137,1,1,0,-0.0,0.4929,0,1
3381,2015-09-05,64.19,206.78,-3.0,-5.0,-8.68,0,126,0,1,0,0.0,0.5377,1,1
3381,2015-09-05,-64.19,206.78,3.0,5.0,8.68,0,-126,1,0,0,-0.0,0.4623,0,1
3380,2015-09-05,11.42,206.88,1.0,3.0,0.42,-13,-7,1,1,0,0.0,0.5673,0,1
3380,2015-09-05,-11.42,206.88,-1.0,-3.0,-0.42,13,7,1,1,0,-0.0,0.4327,1,1
3379,2015-09-05,101.2,263.48,2.0,1.0,-15.42,0,21,1,1,0,0.0,0.5079,1,0
3375,2015-09-05,-94.25,197.58,-0.0,-0.0,1.88,-5,-28,1,1,1,-0.2381,0.404,0,1
3378,2015-09-05,-27.46,256.44,-1.0,-1.0,6.58,-1,7,1,1,0,0.0,0.5523,0,1
3377,2015-09-05,-4.63,197.73,1.0,-1.0,4.05,-10,42,1,1,0,0.0,0.5,0,1
3377,2015-09-05,4.63,197.73,-1.0,1.0,-4.05,10,-42,1,1,0,-0.0,0.5,1,1
3376,2015-09-05,-73.55,157.45,2.0,-0.0,-0.3,8,-53,1,1,0,-0.0,0.4451,0,0
3376,2015-09-05,73.55,157.45,-2.0,0.0,0.3,-8,53,1,1,0,0.0,0.5549,1,0
3375,2015-09-05,94.25,197.58,0.0,0.0,-1.88,5,28,1,1,1,0.2381,0.596,1,1
3378,2015-09-05,27.46,256.44,1.0,1.0,-6.58,1,-7,1,1,0,-0.0,0.4477,1,1
3394,2015-09-26,120.61,252.55,9.0,3.0,-2.37,-2,-203,1,1,0,0.0,0.5002,1,0
3394,2015-09-26,-120.61,252.55,-9.0,-3.0,2.37,2,203,1,1,0,-0.0,0.4998,0,0
3392,2015-09-26,128.01,249.6,-2.0,1.0,-3.83,0,-2660,1,1,0,-0.0,0.4675,0,0
3392,2015-09-26,-128.01,249.6,2.0,-1.0,3.83,0,2660,1,1,0,0.0,0.5325,1,0
3390,2015-09-26,67.08,219.66,-2.0,-1.0,-5.57,4,-28,1,1,0,0.0,0.5488,1,1
3389,2015-09-26,-118.67,186.14,3.0,6.0,2.1,1,287,1,1,0,-0.0,0.4999,0,1
3390,2015-09-26,-67.08,219.66,2.0,1.0,5.57,-4,28,1,1,0,-0.0,0.4512,0,1
3388,2015-09-26,-81.99,224.34,3.0,2.0,5.71,2,-49,1,1,0,0.0,0.4319,0,1
3388,2015-09-26,81.99,224.34,-3.0,-2.0,-5.71,-2,49,1,1,0,-0.0,0.5681,1,1
3387,2015-09-26,-77.8,214.4,3.0,-2.0,1.0,1,-84,1,1,0,0.0,0.4619,1,1
3387,2015-09-26,77.8,214.4,-3.0,2.0,-1.0,-1,84,1,1,0,-0.0,0.5381,0,1
3386,2015-09-26,-72.95,191.52,-5.0,-3.0,1.39,7,-441,1,1,0,0.0,0.436,0,1
3386,2015-09-26,72.95,191.52,5.0,3.0,-1.39,-7,441,1,1,0,-0.0,0.564,1,1
3389,2015-09-26,118.67,186.14,-3.0,-6.0,-2.1,-1,-287,1,1,0,0.0,0.5001,1,1
3403,2015-10-03,56.33,258.57,2.0,0.0,8.86,3,90,1,1,0,0.0,0.5222,1,1
3403,2015-10-03,-56.33,258.57,-2.0,-0.0,-8.86,-3,-90,1,1,0,-0.0,0.4778,0,1
3404,2015-10-03,-66.84,271.79,1.0,2.0,-7.46,-1,183,1,1,0,-0.0,0.5114,1,1
3404,2015-10-03,66.84,271.79,-1.0,-2.0,7.46,1,-183,1,1,0,0.0,0.4886,0,1
3407,2015-10-03,36.85,245.83,2.0,0.0,5.43,3,-133,1,1,0,-0.0,0.4998,1,1
3406,2015-10-03,-21.96,206.43,5.0,3.0,-12.23,-7,0,1,1,0,-0.0,0.5,1,0
3407,2015-10-03,-36.85,245.83,-2.0,-0.0,-5.43,-3,133,1,1,0,0.0,0.5002,0,1
3402,2015-10-03,-3.23,237.03,-0.0,-1.0,-10.08,0,172,1,1,0,-0.0,0.5,1,0
3406,2015-10-03,21.96,206.43,-5.0,-3.0,12.23,7,0,1,1,0,0.0,0.5,0,0
3402,2015-10-03,3.23,237.03,0.0,1.0,10.08,0,-172,1,1,0,0.0,0.5,0,0
3400,2015-10-03,83.85,264.45,3.0,-0.0,-3.06,-3,112,1,1,0,-0.0,0.5664,1,1
3401,2015-10-03,14.42,263.84,-4.0,-1.0,-2.64,-2,-35,1,1,0,0.0,0.5026,1,0
3401,2015-10-03,-14.42,263.84,4.0,1.0,2.64,2,35,1,1,0,-0.0,0.4974,0,0
3400,2015-10-03,-83.85,264.45,-3.0,0.0,3.06,3,-112,1,1,0,0.0,0.4336,0,1
3399,2015-10-03,-82.04,211.91,-0.0,-0.0,-0.86,-7,343,1,1,0,0.0,0.4078,0,0
3399,2015-10-03,82.04,211.91,0.0,0.0,0.86,7,-343,1,1,0,-0.0,0.5922,1,0
3397,2015-10-03,19.05,164.16,1.0,-2.0,3.7,2,434,1,1,0,0.0,0.4088,0,1
3397,2015-10-03,-19.05,164.16,-1.0,2.0,-3.7,-2,-434,1,1,0,-0.0,0.5912,1,1
3396,2015-10-03,-23.93,202.01,7.0,6.0,-7.82,5,119,1,1,1,-0.2273,0.4446,0,1
3396,2015-10-03,23.93,202.01,-7.0,-6.0,7.82,-5,-119,1,1,1,0.2273,0.5554,1,1
3416,2015-10-24,-62.92,216.28,-2.0,-1.0,1.1,-9,-210,1,1,0,-0.0,0.4041,0,0
3416,2015-10-24,62.92,216.28,2.0,1.0,-1.1,9,210,1,1,0,0.0,0.5959,1,0
3415,2015-10-24,-61.23,254.36,-2.0,2.0,-4.07,-4,42,1,1,0,-0.0,0.4051,1,0
3415,2015-10-24,61.23,254.36,2.0,-2.0,4.07,4,-42,1,1,0,0.0,0.5949,0,0
3414,2015-10-24,38.56,256.02,2.0,-2.0,-1.25,1,259,1,1,0,0.0,0.5003,1,1
3414,2015-10-24,-38.56,256.02,-2.0,2.0,1.25,-1,-259,1,1,0,-0.0,0.4997,0,1
3409,2015-10-24,-36.97,234.71,3.0,-0.0,8.51,-3,784,1,1,0,-0.0,0.5904,0,0
3409,2015-10-24,36.97,234.71,-3.0,0.0,-8.51,3,-784,1,1,0,0.0,0.4096,1,0
3408,2015-10-24,21.94,237.02,-1.0,-1.0,-3.2,0,7,1,1,0,-0.0,0.4911,1,1
3408,2015-10-24,-21.94,237.02,1.0,1.0,3.2,0,-7,1,1,0,0.0,0.5089,0,1
3429,2015-11-07,-38.66,271.71,-3.0,2.0,2.81,2,287,1,1,0,0.0,0.5376,0,1
3426,2015-11-07,-34.85,162.27,-0.0,-0.0,-2.92,-5,-63,1,1,0,-0.0,0.4999,1,1
3429,2015-11-07,38.66,271.71,3.0,-2.0,-2.81,-2,-287,1,1,0,-0.0,0.4624,1,1
3425,2015-11-07,89.61,249.49,-1.0,-1.0,-6.13,0,-231,1,1,0,-0.0,0.499,1,1
3425,2015-11-07,-89.61,249.49,1.0,1.0,6.13,0,231,1,1,0,0.0,0.501,0,1
3424,2015-11-07,-40.27,183.83,-1.0,-2.0,0.05,-19,84,1,1,0,-0.0,0.4704,1,0
3424,2015-11-07,40.27,183.83,1.0,2.0,-0.05,19,-84,1,1,0,0.0,0.5296,0,0
3423,2015-11-07,58.72,215.23,4.0,2.0,-9.52,-6,-133,1,1,0,-0.0,0.504,1,1
3423,2015-11-07,-58.72,215.23,-4.0,-2.0,9.52,6,133,1,1,0,0.0,0.496,0,1
3426,2015-11-07,34.85,162.27,0.0,0.0,2.92,5,63,1,1,0,0.0,0.5001,0,1
3422,2015-11-07,-22.27,249.95,1.0,1.0,-1.64,0,-91,1,1,0,-0.0,0.5948,0,1
3422,2015-11-07,22.27,249.95,-1.0,-1.0,1.64,0,91,1,1,0,0.0,0.4052,1,1
3418,2015-11-07,-66.72,164.68,-0.0,-1.0,6.6,-5,-14,1,1,0,0.0,0.428,0,0
3419,2015-11-07,84.88,210.12,0.0,0.0,1.05,2,-7,1,1,0,0.0,0.561,1,1
3419,2015-11-07,-84.88,210.12,-0.0,-0.0,-1.05,-2,7,1,1,0,-0.0,0.439,0,1
3418,2015-11-07,66.72,164.68,0.0,1.0,-6.6,5,14,1,1,0,-0.0,0.572,1,0
3420,2015-11-07,-134.0,255.87,-1.0,1.0,5.21,-1,35,1,1,0,-0.0,0.5,0,0
3421,2015-11-07,71.86,238.34,5.0,2.0,-0.49,-2,-7,1,1,0,-0.0,0.4963,1,1
3421,2015-11-07,-71.86,238.34,-5.0,-2.0,0.49,2,7,1,1,0,0.0,0.5037,0,1
3420,2015-11-07,134.0,255.87,1.0,-1.0,-5.21,1,-35,1,1,0,0.0,0.5,1,0
3435,2015-11-14,27.34,196.16,-9.0,-9.0,1.54,-9,-7,1,1,0,0.0,0.4579,1,1
3443,2015-11-14,-36.25,271.67,3.0,-0.0,-1.06,1,56,1,1,0,-0.0,0.5024,0,0
3443,2015-11-14,36.25,271.67,-3.0,0.0,1.06,-1,-56,1,1,0,0.0,0.4976,1,0
3438,2015-11-14,14.4,203.14,1.0,-0.0,-12.87,-5,-77,1,1,0,0.0,0.5025,1,1
3438,2015-11-14,-14.4,203.14,-1.0,0.0,12.87,5,77,1,1,0,-0.0,0.4975,0,1
3437,2015-11-14,62.73,216.2,1.0,1.0,6.82,3,42,1,1,0,-0.0,0.4976,1,1
3435,2015-11-14,-27.34,196.16,9.0,9.0,-1.54,9,7,1,1,0,-0.0,0.5421,0,1
3437,2015-11-14,-62.73,216.2,-1.0,-1.0,-6.82,-3,-42,1,1,0,0.0,0.5024,0,1
3434,2015-11-14,-23.44,211.36,6.0,0.0,6.39,2,-140,1,1,0,0.0,0.4999,0,1
3433,2015-11-14,11.13,197.46,10.0,6.0,-5.48,-2,-84,1,1,0,-0.0,0.5,0,1
3433,2015-11-14,-11.13,197.46,-10.0,-6.0,5.48,2,84,1,1,0,0.0,0.5,1,1
3432,2015-11-14,-42.87,244.43,3.0,1.0,4.3,-1,-64,1,1,1,0.5,0.5,0,1
3432,2015-11-14,42.87,244.43,-3.0,-1.0,-4.3,1,64,1,1,1,-0.5,0.5,1,1
3431,2015-11-14,-146.15,241.46,3.0,1.0,5.29,-4,17,1,1,1,1.0,0.4279,1,0
3431,2015-11-14,146.15,241.46,-3.0,-1.0,-5.29,4,-17,1,1,1,-1.0,0.5721,0,0
3434,2015-11-14,23.44,211.36,-6.0,-0.0,-6.39,-2,140,1,1,0,-0.0,0.5001,1,1
3451,2015-11-21,-96.6,249.63,3.0,3.0,-2.03,2,84,1,1,0,-0.0,0.4604,1,0
3451,2015-11-21,96.6,249.63,-3.0,-3.0,2.03,-2,-84,1,1,0,0.0,0.5396,0,0
3450,2015-11-21,-16.32,233.9,-1.0,-1.0,6.96,10,-32,1,1,0,0.0,0.5175,0,1
3450,2015-11-21,16.32,233.9,1.0,1.0,-6.96,-10,32,1,1,0,-0.0,0.4825,1,1
3448,2015-11-21,23.57,241.2,5.0,-2.0,-2.38,-4,-378,1,1,0,0.0,0.4183,0,0
3448,2015-11-21,-23.57,241.2,-5.0,2.0,2.38,4,378,1,1,0,-0.0,0.5817,1,0
3447,2015-11-21,0.86,214.53,1.0,-0.0,0.18,-6,-14,1,1,0,0.0,0.5129,1,1
3446,2015-11-21,-34.15,232.76,3.0,1.0,1.82,3,14,1,1,0,-0.0,0.5939,0,1
3446,2015-11-21,34.15,232.76,-3.0,-1.0,-1.82,-3,-14,1,1,0,0.0,0.4061,1,1
3445,2015-11-21,-30.95,179.8,1.0,2.0,0.39,13,301,0,1,0,0.0,0.4078,0,0
3445,2015-11-21,30.95,179.8,-1.0,-2.0,-0.39,-13,-301,1,0,0,-0.0,0.5922,1,0
3444,2015-11-21,29.2,195.94,-9.0,-6.0,-4.22,-5,71,1,1,0,0.0,0.4872,0,0
3444,2015-11-21,-29.2,195.94,9.0,6.0,4.22,5,-71,1,1,0,-0.0,0.5128,1,0
3447,2015-11-21,-0.86,214.53,-1.0,0.0,-0.18,6,14,1,1,0,-0.0,0.4871,0,1
3459,2015-11-28,-55.01,250.87,-5.0,-5.0,3.88,2,1117,1,1,0,0.0,0.4601,1,0
3459,2015-11-28,55.01,250.87,5.0,5.0,-3.88,-2,-1117,1,1,0,-0.0,0.5399,0,0
3458,2015-11-28,-14.03,238.74,-3.0,-2.0,5.19,8,-235,1,1,0,0.0,0.5,0,1
3458,2015-11-28,14.03,238.74,3.0,2.0,-5.19,-8,235,1,1,0,-0.0,0.5,1,1
3455,2015-11-28,-85.19,192.53,4.0,2.0,-0.99,-5,-148,1,1,0,0.0,0.4812,0,0
3455,2015-11-28,85.19,192.53,-4.0,-2.0,0.99,5,148,1,1,0,-0.0,0.5188,1,0
3476,2015-12-10,-147.24,251.55,4.0,1.0,6.95,2,-224,1,1,0,0.0,0.5,0,1
3476,2015-12-10,147.24,251.55,-4.0,-1.0,-6.95,-2,224,1,1,0,-0.0,0.5,1,1
3473,2015-12-10,-109.0,248.24,-0.0,-0.0,10.99,0,343,1,1,0,0.0,0.4039,0,1
3473,2015-12-10,109.0,248.24,0.0,0.0,-10.99,0,-343,1,1,0,-0.0,0.5961,1,1
3471,2015-12-10,-21.22,238.23,-1.0,-0.0,5.22,0,56,1,1,0,0.0,0.4966,1,1
3471,2015-12-10,21.22,238.23,1.0,0.0,-5.22,0,-56,1,1,0,-0.0,0.5034,0,1
3470,2015-12-10,-33.3,186.07,-3.0,-7.0,0.97,3,0,1,1,0,0.0,0.4602,0,1
3469,2015-12-10,-55.2,245.81,1.0,1.0,4.4,3,-105,1,1,0,-0.0,0.5,1,1
3469,2015-12-10,55.2,245.81,-1.0,-1.0,-4.4,-3,105,1,1,0,0.0,0.5,0,1
3467,2015-12-10,-55.7,185.87,4.0,5.0,-4.27,-13,112,1,1,0,-0.0,0.4587,1,1
3467,2015-12-10,55.7,185.87,-4.0,-5.0,4.27,13,-112,1,1,0,0.0,0.5413,0,1
3466,2015-12-10,132.67,257.0,-0.0,-1.0,-1.74,1,28,1,1,0,0.0,0.5028,0,1
3466,2015-12-10,-132.67,257.0,0.0,1.0,1.74,-1,-28,1,1,0,-0.0,0.4972,1,1
3470,2015-12-10,33.3,186.07,3.0,7.0,-0.97,-3,0,1,1,0,-0.0,0.5398,1,1
3481,2015-12-11,-1.49,164.66,-1.0,-0.0,2.43,-4,7,1,1,0,0.0,0.5602,1,0
3485,2015-12-11,-3.89,202.74,-3.0,-5.0,3.08,8,528,1,1,0,-0.0,0.5946,0,0
3485,2015-12-11,3.89,202.74,3.0,5.0,-3.08,-8,-528,1,1,0,0.0,0.4054,1,0
3481,2015-12-11,1.49,164.66,1.0,0.0,-2.43,4,-7,1,1,0,-0.0,0.4398,0,0
3478,2015-12-11,23.08,173.43,2.0,0.0,3.54,7,56,1,1,0,0.0,0.5961,1,1
3480,2015-12-11,-40.65,185.64,-1.0,0.0,-1.94,3,-10,1,1,0,0.0,0.417,0,1
3478,2015-12-11,-23.08,173.43,-2.0,-0.0,-3.54,-7,-56,1,1,0,-0.0,0.4039,0,1
3480,2015-12-11,40.65,185.64,1.0,-0.0,1.94,-3,10,1,1,0,-0.0,0.583,1,1
3493,2015-12-12,5.08,215.64,-1.0,-0.0,-1.25,-9,-84,1,1,0,0.0,0.4121,0,1
3498,2015-12-12,-58.81,212.26,7.0,2.0,-2.35,-4,-14,1,1,0,-0.0,0.5696,1,1
3498,2015-12-12,58.81,212.26,-7.0,-2.0,2.35,4,14,1,1,0,0.0,0.4304,0,1
3497,2015-12-12,-3.81,248.53,-1.0,-2.0,-2.98,-5,-14,1,1,0,-0.0,0.465,1,1
3496,2015-12-12,26.27,232.21,2.0,-3.0,-12.58,1,-116,1,1,0,0.0,0.5158,0,1
3496,2015-12-12,-26.27,232.21,-2.0,3.0,12.58,-1,116,1,1,0,-0.0,0.4842,1,1
3495,2015-12-12,-7.05,249.18,-0.0,-0.0,2.87,0,70,1,1,0,-0.0,0.5199,0,1
3495,2015-12-12,7.05,249.18,0.0,0.0,-2.87,0,-70,1,1,0,0.0,0.4801,1,1
3493,2015-12-12,-5.08,215.64,1.0,0.0,1.25,9,84,1,1,0,-0.0,0.5879,1,1
3497,2015-12-12,3.81,248.53,1.0,2.0,2.98,5,14,1,1,0,0.0,0.535,0,1
3492,2015-12-12,121.72,167.3,-2.0,2.0,-5.53,-8,-43,1,1,0,-0.0,0.5388,1,1
3492,2015-12-12,-121.72,167.3,2.0,-2.0,5.53,8,43,1,1,0,0.0,0.4612,0,1
3488,2015-12-12,61.87,213.3,-4.0,-2.0,1.85,1,259,1,1,1,0.5476,0.5001,0,0
3489,2015-12-12,157.12,211.43,1.0,-1.0,0.33,4,-35,1,1,1,0.3333,0.4998,0,0
3489,2015-12-12,-157.12,211.43,-1.0,1.0,-0.33,-4,35,1,1,1,-0.3333,0.5002,1,0
3488,2015-12-12,-61.87,213.3,4.0,2.0,-1.85,-1,-259,1,1,1,-0.5476,0.4999,1,0
3490,2015-12-12,20.83,223.26,1.0,-1.0,2.6,1,-70,1,1,0,-0.0,0.4376,1,0
3491,2015-12-12,36.95,186.66,0.0,2.0,10.72,15,-21,1,1,0,0.0,0.5351,1,0
3491,2015-12-12,-36.95,186.66,-0.0,-2.0,-10.72,-15,21,1,1,0,-0.0,0.4649,0,0
3490,2015-12-12,-20.83,223.26,-1.0,1.0,-2.6,-1,70,1,1,0,0.0,0.5624,0,0
3510,2015-12-19,-10.14,264.38,-2.0,2.0,-4.29,2,-6,1,1,0,0.0,0.5008,0,0
3505,2015-12-19,16.64,164.03,-2.0,-2.0,4.31,3,-49,1,1,0,-0.0,0.439,1,1
3510,2015-12-19,10.14,264.38,2.0,-2.0,4.29,-2,6,1,1,0,-0.0,0.4992,1,0
3508,2015-12-19,66.38,176.67,-3.0,-1.0,-4.97,2,56,1,1,0,-0.0,0.5955,1,1
3507,2015-12-19,-131.27,233.29,-3.0,1.0,1.36,3,2164,0,1,0,0.0,0.5211,1,0
3507,2015-12-19,131.27,233.29,3.0,-1.0,-1.36,-3,-2164,1,0,0,-0.0,0.4789,0,0
3505,2015-12-19,-16.64,164.03,2.0,2.0,-4.31,-3,49,1,1,0,0.0,0.561,0,1
3508,2015-12-19,-66.38,176.67,3.0,1.0,4.97,-2,-56,1,1,0,0.0,0.4045,0,1
3504,2015-12-19,-77.37,193.76,1.0,0.0,-0.96,7,-232,1,0,0,-0.0,0.4409,1,1
3502,2015-12-19,-15.2,167.84,3.0,2.0,1.13,7,238,1,1,0,-0.0,0.5946,1,1
3502,2015-12-19,15.2,167.84,-3.0,-2.0,-1.13,-7,-238,1,1,0,0.0,0.4054,0,1
3501,2015-12-19,-145.62,194.02,3.0,-0.0,3.7,-6,-91,1,1,0,-0.0,0.5,1,1
3501,2015-12-19,145.62,194.02,-3.0,0.0,-3.7,6,91,1,1,0,0.0,0.5,0,1
3500,2015-12-19,60.79,162.46,3.0,5.0,1.58,0,-70,1,1,1,-0.1667,0.4741,0,0
3500,2015-12-19,-60.79,162.46,-3.0,-5.0,-1.58,0,70,1,1,1,0.1667,0.5259,1,0
3504,2015-12-19,77.37,193.76,-1.0,-0.0,0.96,-7,232,0,1,0,0.0,0.5591,0,1
3523,2016-01-02,100.3,263.65,2.0,-1.0,-3.54,0,259,1,1,0,0.0,0.4133,1,1
3523,2016-01-02,-100.3,263.65,-2.0,1.0,3.54,0,-259,1,1,0,-0.0,0.5867,0,1
3522,2016-01-02,-93.94,221.55,1.0,1.0,0.92,-11,-42,1,1,0,-0.0,0.4479,0,0
3522,2016-01-02,93.94,221.55,-1.0,-1.0,-0.92,11,42,1,1,0,0.0,0.5521,1,0
3521,2016-01-02,-118.66,258.17,1.0,-1.0,-5.05,3,56,1,1,0,0.0,0.4845,1,0
3521,2016-01-02,118.66,258.17,-1.0,1.0,5.05,-3,-56,1,1,0,-0.0,0.5155,0,0
3516,2016-01-02,-38.5,237.57,5.0,1.0,-3.74,-7,112,1,1,0,-0.0,0.5508,1,0
3516,2016-01-02,38.5,237.57,-5.0,-1.0,3.74,7,-112,1,1,0,0.0,0.4492,0,0
3515,2016-01-02,-97.62,219.37,-1.0,0.0,5.31,2,98,1,1,0,0.0,0.5,0,1
3514,2016-01-02,23.76,179.22,-3.0,-1.0,3.54,9,-119,1,1,0,-0.0,0.5602,0,1
3514,2016-01-02,-23.76,179.22,3.0,1.0,-3.54,-9,119,1,1,0,0.0,0.4398,1,1
3513,2016-01-02,-61.37,179.22,1.0,3.0,-2.1,-4,42,1,1,1,0.0545,0.5001,0,0
3513,2016-01-02,61.37,179.22,-1.0,-3.0,2.1,4,-42,1,1,1,-0.0545,0.4999,1,0
3515,2016-01-02,97.62,219.37,1.0,-0.0,-5.31,-2,-98,1,1,0,-0.0,0.5,1,1
3529,2016-01-17,76.17,177.98,2.0,3.0,-3.12,-8,29,1,1,0,-0.0,0.5706,0,1
3534,2016-01-17,-43.17,232.07,1.0,3.0,-1.1,-1,70,1,1,0,0.0,0.4399,0,1
3534,2016-01-17,43.17,232.07,-1.0,-3.0,1.1,1,-70,1,1,0,-0.0,0.5601,1,1
3533,2016-01-17,-2.34,210.65,2.0,-3.0,-1.13,7,42,1,1,0,-0.0,0.4324,0,0
3533,2016-01-17,2.34,210.65,-2.0,3.0,1.13,-7,-42,1,1,0,0.0,0.5676,1,0
3530,2016-01-17,0.29,166.49,3.0,1.0,0.32,0,126,0,1,0,-0.0,0.5912,1,1
3530,2016-01-17,-0.29,166.49,-3.0,-1.0,-0.32,0,-126,1,0,0,0.0,0.4088,0,1
3529,2016-01-17,-76.17,177.98,-2.0,-3.0,3.12,8,-29,1,1,0,0.0,0.4294,1,1
3525,2016-01-17,35.61,220.68,-1.0,-2.0,-0.92,7,-301,1,1,1,-0.3667,0.5503,0,1
3528,2016-01-17,-46.18,175.83,-1.0,-1.0,-6.09,6,-13,1,1,0,-0.0,0.4249,0,0
3525,2016-01-17,-35.61,220.68,1.0,2.0,0.92,-7,301,1,1,1,0.3667,0.4497,1,1
3526,2016-01-17,142.38,238.34,3.0,1.0,-3.04,5,91,1,1,0,-0.0,0.5584,0,1
3528,2016-01-17,46.18,175.83,1.0,1.0,6.09,-6,13,1,1,0,0.0,0.5751,1,0
3527,2016-01-17,49.65,181.28,-3.0,3.0,-4.01,-1,14,1,1,0,0.0,0.5399,1,0
3527,2016-01-17,-49.65,181.28,3.0,-3.0,4.01,1,-14,1,1,0,-0.0,0.4601,0,0
3526,2016-01-17,-142.38,238.34,-3.0,-1.0,3.04,-5,-91,1,1,0,0.0,0.4416,1,1
3546,2016-01-30,-91.94,244.68,1.0,3.0,-3.35,-1,99,1,1,0,0.0,0.5942,1,0
3546,2016-01-30,91.94,244.68,-1.0,-3.0,3.35,1,-99,1,1,0,-0.0,0.4058,0,0
3545,2016-01-30,-38.0,222.1,-0.0,-1.0,3.97,-1,70,1,1,0,0.0,0.596,1,0
3545,2016-01-30,38.0,222.1,0.0,1.0,-3.97,1,-70,1,1,0,-0.0,0.404,0,0
3544,2016-01-30,-106.68,221.68,-0.0,-1.0,1.53,-10,-53,1,1,0,-0.0,0.4062,0,0
3544,2016-01-30,106.68,221.68,0.0,1.0,-1.53,10,53,1,1,0,0.0,0.5938,1,0
3543,2016-01-30,97.83,242.85,-4.0,0.0,-4.1,-1,-141,1,1,0,0.0,0.5107,0,0
3542,2016-01-30,-69.65,217.57,-1.0,1.0,-1.44,-13,281,1,1,0,0.0,0.5004,1,0
3543,2016-01-30,-97.83,242.85,4.0,-0.0,4.1,1,141,1,1,0,-0.0,0.4893,1,0
3542,2016-01-30,69.65,217.57,1.0,-1.0,1.44,13,-281,1,1,0,-0.0,0.4996,0,0
3541,2016-01-30,76.58,263.15,-1.0,0.0,-6.83,0,-229,0,0,0,-0.0,0.5165,0,0
3540,2016-01-30,13.62,225.19,-3.0,-5.0,-8.9,-9,-98,1,1,0,-0.0,0.4613,1,0
3540,2016-01-30,-13.62,225.19,3.0,5.0,8.9,9,98,1,1,0,0.0,0.5387,0,0
3539,2016-01-30,-49.15,202.85,-0.0,1.0,-3.93,0,112,1,1,0,0.0,0.5213,1,1
3539,2016-01-30,49.15,202.85,0.0,-1.0,3.93,0,-112,1,1,0,-0.0,0.4787,0,1
3538,2016-01-30,53.15,165.35,-4.0,-0.0,0.75,1,-28,1,1,0,0.0,0.5914,0,1
3538,2016-01-30,-53.15,165.35,4.0,0.0,-0.75,-1,28,1,1,0,-0.0,0.4086,1,1
3541,2016-01-30,-76.58,263.15,1.0,-0.0,6.83,0,229,0,0,0,0.0,0.4835,1,0
3556,2016-02-06,-71.8,194.29,-0.0,-2.0,-11.77,-9,125,1,1,0,0.0,0.4705,0,1
3557,2016-02-06,-50.74,210.21,2.0,0.0,2.66,8,-85,0,1,0,0.0,0.5956,1,1
3557,2016-02-06,50.74,210.21,-2.0,-0.0,-2.66,-8,85,1,0,0,-0.0,0.4044,0,1
3556,2016-02-06,71.8,194.29,0.0,2.0,11.77,9,-125,1,1,0,-0.0,0.5295,1,1
3559,2016-02-06,-51.52,233.35,3.0,3.0,1.26,1,77,1,1,0,0.0,0.4044,1,0
3562,2016-02-06,0.41,264.76,-6.0,-3.0,2.2,-2,-370,0,1,0,0.0,0.4999,0,1
3559,2016-02-06,51.52,233.35,-3.0,-3.0,-1.26,-1,-77,1,1,0,-0.0,0.5956,0,0
3562,2016-02-06,-0.41,264.76,6.0,3.0,-2.2,2,370,1,0,0,-0.0,0.5001,1,1
3554,2016-02-06,-145.64,204.97,-1.0,-0.0,1.28,-7,133,1,1,0,0.0,0.4075,0,1
3553,2016-02-06,-192.03,219.58,-6.0,-2.0,2.98,-4,7,1,1,0,-0.0,0.4503,0,0
3553,2016-02-06,192.03,219.58,6.0,2.0,-2.98,4,-7,1,1,0,0.0,0.5497,1,0
3552,2016-02-06,138.39,190.67,2.0,2.0,-10.12,-8,-49,1,1,0,0.0,0.5001,0,1
3552,2016-02-06,-138.39,190.67,-2.0,-2.0,10.12,8,49,1,1,0,-0.0,0.4999,1,1
3551,2016-02-06,-67.23,190.17,6.0,3.0,0.58,-8,-120,1,1,0,-0.0,0.5,1,0
3551,2016-02-06,67.23,190.17,-6.0,-3.0,-0.58,8,120,1,1,0,0.0,0.5,0,0
3554,2016-02-06,145.64,204.97,1.0,0.0,-1.28,7,-133,1,1,0,-0.0,0.5925,1,1
3575,2016-02-21,-52.14,258.92,-0.0,-2.0,-1.39,-3,7,1,1,0,-0.0,0.5,1,1
3575,2016-02-21,52.14,258.92,0.0,2.0,1.39,3,-7,1,1,0,0.0,0.5,0,1
3573,2016-02-21,-101.43,264.19,-1.0,2.0,-10.05,-2,221,1,1,0,-0.0,0.4621,1,1
3573,2016-02-21,101.43,264.19,1.0,-2.0,10.05,2,-221,1,1,0,0.0,0.5379,0,1
3570,2016-02-21,-30.7,253.44,5.0,2.0,-4.95,-4,-231,1,1,0,-0.0,0.4622,1,0
3570,2016-02-21,30.7,253.44,-5.0,-2.0,4.95,4,231,1,1,0,0.0,0.5378,0,0
3569,2016-02-21,0.13,236.87,4.0,4.0,-3.62,0,-4,1,1,0,-0.0,0.4971,1,1
3569,2016-02-21,-0.13,236.87,-4.0,-4.0,3.62,0,4,1,1,0,0.0,0.5029,0,1
3568,2016-02-21,-7.09,240.23,-2.0,-2.0,-0.63,-4,-29,1,1,0,0.0,0.461,0,1
3568,2016-02-21,7.09,240.23,2.0,2.0,0.63,4,29,1,1,0,-0.0,0.539,1,1
3567,2016-02-21,-0.2,181.7,5.0,2.0,-4.16,3,28,1,1,0,0.0,0.5281,1,0
3566,2016-02-21,-32.94,214.13,3.0,1.0,8.6,-6,-153,1,1,0,0.0,0.5002,0,1
3566,2016-02-21,32.94,214.13,-3.0,-1.0,-8.6,6,153,1,1,0,-0.0,0.4998,1,1
3564,2016-02-21,-125.33,217.98,-1.0,-2.0,5.59,0,161,1,1,0,-0.0,0.556,0,0
3564,2016-02-21,125.33,217.98,1.0,2.0,-5.59,0,-161,1,1,0,0.0,0.444,1,0
3563,2016-02-21,-149.58,199.49,3.0,-2.0,-4.9,-15,42,1,0,0,-0.0,0.522,0,1
3563,2016-02-21,149.58,199.49,-3.0,2.0,4.9,15,-42,0,1,0,0.0,0.478,1,1
3567,2016-02-21,0.2,181.7,-5.0,-2.0,4.16,-3,-28,1,1,0,-0.0,0.4719,0,0
3581,2016-02-27,55.21,271.79,1.0,-0.0,-6.96,1,-616,1,1,0,0.0,0.4971,0,0
3585,2016-02-27,37.83,219.92,-3.0,3.0,-0.13,2,-244,1,1,0,0.0,0.4982,0,0
3585,2016-02-27,-37.83,219.92,3.0,-3.0,0.13,-2,244,1,1,0,-0.0,0.5018,1,0
3584,2016-02-27,-32.06,243.15,-1.0,0.0,0.15,-1,168,1,1,0,-0.0,0.5373,0,0
3583,2016-02-27,-78.37,253.2,1.0,1.0,12.96,5,-25,1,1,0,0.0,0.512,0,0
3583,2016-02-27,78.37,253.2,-1.0,-1.0,-12.96,-5,25,1,1,0,-0.0,0.488,1,0
3581,2016-02-27,-55.21,271.79,-1.0,0.0,6.96,-1,616,1,1,0,-0.0,0.5029,1,0
3584,2016-02-27,32.06,243.15,1.0,-0.0,-0.15,1,-168,1,1,0,0.0,0.4627,1,0
3579,2016-02-27,49.77,197.56,2.0,2.0,-3.04,-1,-56,1,1,0,-0.0,0.432,0,1
3578,2016-02-27,-134.63,250.95,-0.0,-4.0,7.35,2,28,1,1,0,0.0,0.5325,0,1
3578,2016-02-27,134.63,250.95,0.0,4.0,-7.35,-2,-28,1,1,0,-0.0,0.4675,1,1
3577,2016-02-27,56.75,192.2,2.0,-1.0,3.9,7,70,1,1,0,0.0,0.5199,0,1
3577,2016-02-27,-56.75,192.2,-2.0,1.0,-3.9,-7,-70,1,1,0,-0.0,0.4801,1,1
3576,2016-02-27,-135.96,159.99,-2.0,-1.0,-3.88,6,-567,1,1,0,0.0,0.4489,1,0
3576,2016-02-27,135.96,159.99,2.0,1.0,3.88,-6,567,1,1,0,-0.0,0.5511,0,0
3579,2016-02-27,-49.77,197.56,-2.0,-2.0,3.04,1,56,1,1,0,0.0,0.568,1,1
3595,2016-03-05,-30.89,212.74,0.0,-1.0,-3.03,7,-22,1,1,0,-0.0,0.4993,0,1
3595,2016-03-05,30.89,212.74,-0.0,1.0,3.03,-7,22,1,1,0,0.0,0.5007,1,1
3597,2016-03-05,4.73,203.95,-1.0,-1.0,0.99,8,14,1,1,0,0.0,0.5457,1,1
3597,2016-03-05,-4.73,203.95,1.0,1.0,-0.99,-8,-14,1,1,0,-0.0,0.4543,0,1
3599,2016-03-05,2.5,240.76,-1.0,-3.0,3.7,4,80,1,1,0,-0.0,0.5,0,0
3598,2016-03-05,37.72,156.55,-1.0,-2.0,-1.66,-1,-19,1,1,0,-0.0,0.5735,0,1
3599,2016-03-05,-2.5,240.76,1.0,3.0,-3.7,-4,-80,1,1,0,0.0,0.5,1,0
3594,2016-03-05,-51.9,241.38,-1.0,-3.0,1.23,-1,560,1,1,0,0.0,0.5238,1,0
3598,2016-03-05,-37.72,156.55,1.0,2.0,1.66,1,19,1,1,0,0.0,0.4265,1,1
3594,2016-03-05,51.9,241.38,1.0,3.0,-1.23,1,-560,1,1,0,-0.0,0.4762,0,0
3592,2016-03-05,-48.97,209.65,-5.0,-3.0,6.36,5,105,1,1,0,-0.0,0.5775,0,0
3593,2016-03-05,49.02,253.81,3.0,3.0,-0.23,4,133,1,1,0,-0.0,0.4914,1,0
3592,2016-03-05,48.97,209.65,5.0,3.0,-6.36,-5,-105,1,1,0,0.0,0.4225,1,0
3591,2016-03-05,30.92,214.32,-3.0,-5.0,3.06,-1,-64,1,1,0,-0.0,0.56,1,1
3591,2016-03-05,-30.92,214.32,3.0,5.0,-3.06,1,64,1,1,0,0.0,0.44,0,1
3590,2016-03-05,-98.65,234.86,-4.0,-2.0,-4.84,3,112,1,1,1,-0.0,0.5904,1,0
3590,2016-03-05,98.65,234.86,4.0,2.0,4.84,-3,-112,1,1,1,0.0,0.4096,0,0
3589,2016-03-05,-166.49,181.99,2.0,3.0,3.24,14,-7,1,0,0,0.0,0.5946,1,1
3589,2016-03-05,166.49,181.99,-2.0,-3.0,-3.24,-14,7,0,1,0,-0.0,0.4054,0,1
3593,2016-03-05,-49.02,253.81,-3.0,-3.0,0.23,-4,-133,1,1,0,0.0,0.5086,0,0
3604,2016-03-19,37.66,243.48,-9.0,-2.0,12.37,1,-140,1,1,0,-0.0,0.5003,1,0
3611,2016-03-19,9.37,204.4,-2.0,-2.0,1.82,15,-147,1,1,0,-0.0,0.5002,1,1
3604,2016-03-19,-37.66,243.48,9.0,2.0,-12.37,-1,140,1,1,0,0.0,0.4997,0,0
3603,2016-03-19,70.01,238.09,-1.0,-1.0,5.14,0,7,1,1,0,0.0,0.5023,0,1
3611,2016-03-19,-9.37,204.4,2.0,2.0,-1.82,-15,147,1,1,0,0.0,0.4998,0,1
3602,2016-03-19,89.02,203.04,9.0,6.0,-9.5,8,-616,1,1,0,-0.0,0.596,1,0
3602,2016-03-19,-89.02,203.04,-9.0,-6.0,9.5,-8,616,1,1,0,0.0,0.404,0,0
3601,2016-03-19,18.74,166.67,7.0,5.0,-5.17,15,70,1,1,0,0.0,0.5042,0,0
3601,2016-03-19,-18.74,166.67,-7.0,-5.0,5.17,-15,-70,1,1,0,-0.0,0.4958,1,0
3603,2016-03-19,-70.01,238.09,1.0,1.0,-5.14,0,-7,1,1,0,-0.0,0.4977,1,1
3623,2016-04-10,13.82,227.34,3.0,3.0,-5.59,2,147,1,1,0,-0.0,0.5325,1,1
3623,2016-04-10,-13.82,227.34,-3.0,-3.0,5.59,-2,-147,1,1,0,0.0,0.4675,0,1
3619,2016-04-10,37.59,258.85,1.0,1.0,0.29,3,-56,1,1,0,-0.0,0.4976,1,0
3617,2016-04-10,39.79,218.0,4.0,2.0,-4.15,-9,-259,1,1,0,0.0,0.5072,1,1
3619,2016-04-10,-37.59,258.85,-1.0,-1.0,-0.29,-3,56,1,1,0,0.0,0.5024,0,0
3614,2016-04-10,-36.65,184.1,-3.0,-1.0,5.73,14,57,1,1,0,0.0,0.5092,0,1
3614,2016-04-10,36.65,184.1,3.0,1.0,-5.73,-14,-57,1,1,0,-0.0,0.4908,1,1
3613,2016-04-10,78.2,185.53,-1.0,-0.0,-2.29,5,42,1,1,0,0.0,0.4612,1,1
3613,2016-04-10,-78.2,185.53,1.0,0.0,2.29,-5,-42,1,1,0,-0.0,0.5388,0,1
3617,2016-04-10,-39.79,218.0,-4.0,-2.0,4.15,9,259,1,1,0,-0.0,0.4928,0,1
3632,2016-04-16,35.54,213.65,2.0,-1.0,1.79,4,-2,1,1,0,0.0,0.5954,0,1
3636,2016-04-16,-107.35,253.5,0.0,-1.0,0.84,-4,194,1,1,0,0.0,0.484,1,1
3635,2016-04-16,46.72,236.36,-0.0,2.0,2.46,5,224,1,1,0,0.0,0.5861,1,0
3635,2016-04-16,-46.72,236.36,0.0,-2.0,-2.46,-5,-224,1,1,0,-0.0,0.4139,0,0
3634,2016-04-16,-112.68,193.57,1.0,2.0,3.39,5,52,1,1,0,0.0,0.5955,0,1
3634,2016-04-16,112.68,193.57,-1.0,-2.0,-3.39,-5,-52,1,1,0,-0.0,0.4045,1,1
3636,2016-04-16,107.35,253.5,-0.0,1.0,-0.84,4,-194,1,1,0,-0.0,0.516,0,1
3632,2016-04-16,-35.54,213.65,-2.0,1.0,-1.79,-4,2,1,1,0,-0.0,0.4046,1,1
3631,2016-04-16,-49.14,233.57,3.0,2.0,-5.21,1,-35,1,1,0,0.0,0.5623,1,1
3629,2016-04-16,-46.94,211.5,-1.0,-0.0,-0.62,-4,-70,1,1,0,0.0,0.5003,0,1
3630,2016-04-16,-43.87,205.39,3.0,3.0,1.41,1,-124,1,1,0,-0.0,0.4523,1,1
3630,2016-04-16,43.87,205.39,-3.0,-3.0,-1.41,-1,124,1,1,0,0.0,0.5477,0,1
3629,2016-04-16,46.94,211.5,1.0,0.0,0.62,4,70,1,1,0,-0.0,0.4997,1,1
3627,2016-04-16,77.18,250.86,-5.0,-4.0,2.87,0,-2,1,1,0,0.0,0.4851,0,1
3627,2016-04-16,-77.18,250.86,5.0,4.0,-2.87,0,2,1,1,0,-0.0,0.5149,1,1
3626,2016-04-16,-2.94,177.15,-1.0,-2.0,0.09,10,35,1,1,0,0.0,0.4392,0,1
3626,2016-04-16,2.94,177.15,1.0,2.0,-0.09,-10,-35,1,1,0,-0.0,0.5608,1,1
3631,2016-04-16,49.14,233.57,-3.0,-2.0,5.21,-1,35,1,1,0,-0.0,0.4377,0,1
3643,2016-04-23,-43.47,271.79,-0.0,-3.0,-0.54,1,12,1,1,0,-0.0,0.4611,0,0
3644,2016-04-23,-20.46,256.92,-2.0,-4.0,-5.57,-1,77,1,1,0,-0.0,0.5959,1,1
3644,2016-04-23,20.46,256.92,2.0,4.0,5.57,1,-77,1,1,0,0.0,0.4041,0,1
3648,2016-04-23,88.62,202.44,6.0,-0.0,-6.64,-5,-21,1,1,0,0.0,0.5132,1,1
3647,2016-04-23,30.6,235.25,2.0,1.0,-1.41,3,22,0,1,0,0.0,0.4604,0,1
3648,2016-04-23,-88.62,202.44,-6.0,0.0,6.64,5,21,1,1,0,-0.0,0.4868,0,1
3643,2016-04-23,43.47,271.79,0.0,3.0,0.54,-1,-12,1,1,0,0.0,0.5389,1,0
3647,2016-04-23,-30.6,235.25,-2.0,-1.0,1.41,-3,-22,1,0,0,-0.0,0.5396,1,1
3641,2016-04-23,-58.55,244.4,3.0,-0.0,2.28,3,-49,1,1,0,-0.0,0.4552,0,1
3640,2016-04-23,2.19,193.32,4.0,-0.0,7.99,7,-77,1,1,0,0.0,0.5938,0,1
3640,2016-04-23,-2.19,193.32,-4.0,0.0,-7.99,-7,77,1,1,0,-0.0,0.4062,1,1
3639,2016-04-23,32.07,190.16,3.0,1.0,1.02,6,37,1,1,0,-0.0,0.4416,1,1
3639,2016-04-23,-32.07,190.16,-3.0,-1.0,-1.02,-6,-37,1,1,0,0.0,0.5584,0,1
3638,2016-04-23,-100.37,207.25,-2.0,1.0,-0.49,-9,-77,1,1,1,0.3077,0.404,0,1
3638,2016-04-23,100.37,207.25,2.0,-1.0,0.49,9,77,1,1,1,-0.3077,0.596,1,1
3637,2016-04-23,-188.68,183.01,-4.0,-1.0,4.28,-7,-399,1,1,1,-0.0417,0.4814,0,0
3637,2016-04-23,188.68,183.01,4.0,1.0,-4.28,7,399,1,1,1,0.0417,0.5186,1,0
3641,2016-04-23,58.55,244.4,-3.0,0.0,-2.28,-3,49,1,1,0,0.0,0.5448,1,1
3655,2016-05-08,-52.01,229.39,3.0,-2.0,0.9,2,-41,1,1,0,0.0,0.4107,1,1
3659,2016-05-08,-77.21,223.72,1.0,-0.0,11.12,-1,-28,1,1,0,0.0,0.5009,0,1
3659,2016-05-08,77.21,223.72,-1.0,0.0,-11.12,1,28,1,1,0,-0.0,0.4991,1,1
3658,2016-05-08,5.2,237.68,-0.0,-0.0,4.9,0,14,1,1,0,-0.0,0.4965,1,1
3658,2016-05-08,-5.2,237.68,0.0,0.0,-4.9,0,-14,1,1,0,0.0,0.5035,0,1
3656,2016-05-08,-79.62,250.94,-7.0,-4.0,-0.39,-2,-385,1,1,0,0.0,0.5,0,0
3656,2016-05-08,79.62,250.94,7.0,4.0,0.39,2,385,1,1,0,-0.0,0.5,1,0
3655,2016-05-08,52.01,229.39,-3.0,2.0,-0.9,-2,41,1,1,0,-0.0,0.5893,0,1
3651,2016-05-08,-25.47,213.59,-1.0,-0.0,3.41,1,21,1,1,0,-0.0,0.5295,1,0
3653,2016-05-08,-5.62,228.47,2.0,2.0,-12.02,2,147,1,1,0,-0.0,0.5601,1,1
3651,2016-05-08,25.47,213.59,1.0,0.0,-3.41,-1,-21,1,1,0,0.0,0.4705,0,0
3650,2016-05-08,58.81,183.15,2.0,7.0,-8.43,7,0,1,1,0,0.0,0.5422,1,1
3650,2016-05-08,-58.81,183.15,-2.0,-7.0,8.43,-7,0,1,1,0,-0.0,0.4578,0,1
3649,2016-05-08,55.31,181.86,-3.0,-1.0,1.28,11,-14,1,1,0,-0.0,0.5602,0,1
3649,2016-05-08,-55.31,181.86,3.0,1.0,-1.28,-11,14,1,1,0,0.0,0.4398,1,1
3653,2016-05-08,5.62,228.47,-2.0,-2.0,12.02,-2,-147,1,1,0,0.0,0.4399,0,1
3670,2016-05-14,40.44,230.11,-4.0,-5.0,-2.97,7,134,1,1,0,0.0,0.4966,1,1
3669,2016-05-14,101.96,202.14,-5.0,-1.0,9.04,5,-36,1,1,0,0.0,0.5059,1,0
3669,2016-05-14,-101.96,202.14,5.0,1.0,-9.04,-5,36,1,1,0,-0.0,0.4941,0,0
3670,2016-05-14,-40.44,230.11,4.0,5.0,2.97,-7,-134,1,1,0,-0.0,0.5034,0,1
3668,2016-05-14,16.05,188.39,-2.0,-2.0,4.72,14,-9,1,1,0,0.0,0.5031,0,1
3671,2016-05-14,5.13,206.45,1.0,-0.0,-4.46,-1,-98,1,1,0,-0.0,0.5001,0,0
3673,2016-05-14,-70.36,265.06,4.0,3.0,1.65,-2,355,1,1,0,-0.0,0.5925,1,1
3673,2016-05-14,70.36,265.06,-4.0,-3.0,-1.65,2,-355,1,1,0,0.0,0.4075,0,1
3671,2016-05-14,-5.13,206.45,-1.0,0.0,4.46,1,98,1,1,0,0.0,0.4999,1,0
3668,2016-05-14,-16.05,188.39,2.0,2.0,-4.72,-14,9,1,1,0,-0.0,0.4969,1,1
3667,2016-05-14,68.08,155.58,-3.0,1.0,3.18,2,-154,1,1,0,0.0,0.5209,1,0
3662,2016-05-14,24.67,190.71,-3.0,0.0,5.05,0,203,1,1,1,-0.1,0.5631,0,1
3666,2016-05-14,-115.98,243.52,-0.0,1.0,1.67,-1,-49,1,1,0,0.0,0.4998,1,0
3666,2016-05-14,115.98,243.52,0.0,-1.0,-1.67,1,49,1,1,0,-0.0,0.5002,0,0
3665,2016-05-14,73.54,194.32,3.0,2.0,-7.82,-9,-217,1,1,0,0.0,0.504,0,1
3665,2016-05-14,-73.54,194.32,-3.0,-2.0,7.82,9,217,1,1,0,-0.0,0.496,1,1
3663,2016-05-14,-41.12,188.21,2.0,-1.0,2.68,15,35,1,1,0,-0.0,0.4842,0,0
3663,2016-05-14,41.12,188.21,-2.0,1.0,-2.68,-15,-35,1,1,0,0.0,0.5158,1,0
3662,2016-05-14,-24.67,190.71,3.0,-0.0,-5.05,0,-203,1,1,1,0.1,0.4369,1,1
3667,2016-05-14,-68.08,155.58,3.0,-1.0,-3.18,-2,154,1,1,0,-0.0,0.4791,0,0
3679,2016-05-29,71.83,201.16,-2.0,1.0,-4.04,-8,20,1,1,0,0.0,0.4898,1,1
3680,2016-05-29,28.03,232.82,0.0,0.0,5.84,0,56,1,1,0,-0.0,0.5944,1,1
3680,2016-05-29,-28.03,232.82,-0.0,-0.0,-5.84,0,-56,1,1,0,0.0,0.4056,0,1
3677,2016-05-29,-61.72,205.74,-2.0,1.0,-7.7,11,13,1,1,0,0.0,0.5578,1,1
3683,2016-05-29,-37.47,233.11,-0.0,2.0,1.7,-3,-652,1,1,0,0.0,0.4519,0,0
3684,2016-05-29,57.33,223.7,3.0,-1.0,-4.99,-3,-138,1,1,0,-0.0,0.5098,0,1
3679,2016-05-29,-71.83,201.16,2.0,-1.0,4.04,8,-20,1,1,0,-0.0,0.5102,0,1
3683,2016-05-29,37.47,233.11,0.0,-2.0,-1.7,3,652,1,1,0,-0.0,0.5481,1,0
3678,2016-05-29,-128.7,201.41,-2.0,-0.0,-1.81,-1,-35,1,1,0,-0.0,0.4565,1,1
3676,2016-05-29,-38.92,207.58,-1.0,1.0,-2.02,-14,-483,1,1,0,-0.0,0.4048,0,0
3677,2016-05-29,61.72,205.74,2.0,-1.0,7.7,-11,-13,1,1,0,-0.0,0.4422,0,1
3676,2016-05-29,38.92,207.58,1.0,-1.0,2.02,14,483,1,1,0,0.0,0.5952,1,0
3684,2016-05-29,-57.33,223.7,-3.0,1.0,4.99,3,138,1,1,0,0.0,0.4902,1,1
3675,2016-05-29,-146.8,173.88,1.0,3.0,0.69,12,-140,1,0,0,0.0,0.406,1,1
3675,2016-05-29,146.8,173.88,-1.0,-3.0,-0.69,-12,140,0,1,0,-0.0,0.594,0,1
3674,2016-05-29,-14.04,244.02,-5.0,1.0,0.07,-1,-106,1,1,0,0.0,0.5,1,0
3674,2016-05-29,14.04,244.02,5.0,-1.0,-0.07,1,106,1,1,0,-0.0,0.5,0,0
3678,2016-05-29,128.7,201.41,2.0,0.0,1.81,1,35,1,1,0,0.0,0.5435,0,1
3693,2016-06-04,-23.29,237.77,5.0,4.0,8.65,-5,77,1,0,0,0.0,0.4979,0,1
3693,2016-06-04,23.29,237.77,-5.0,-4.0,-8.65,5,-77,0,1,0,-0.0,0.5021,1,1
3692,2016-06-04,37.13,214.81,4.0,5.0,2.2,-3,-7,1,1,0,0.0,0.4903,0,0
3694,2016-06-04,32.24,174.95,0.0,3.0,4.15,4,350,1,1,0,-0.0,0.4572,0,0
3692,2016-06-04,-37.13,214.81,-4.0,-5.0,-2.2,3,7,1,1,0,-0.0,0.5097,1,0
3695,2016-06-04,3.75,238.74,3.0,-2.0,0.58,2,6,1,1,0,0.0,0.538,1,0
3695,2016-06-04,-3.75,238.74,-3.0,2.0,-0.58,-2,-6,1,1,0,-0.0,0.462,0,0
3698,2016-06-04,105.91,279.99,1.0,0.0,3.84,0,7,1,0,0,0.0,0.5,1,1
3698,2016-06-04,-105.91,279.99,-1.0,-0.0,-3.84,0,-7,0,1,0,-0.0,0.5,0,1
3691,2016-06-04,-43.95,207.36,1.0,-1.0,9.2,19,56,1,1,0,0.0,0.5219,0,0
3694,2016-06-04,-32.24,174.95,-0.0,-3.0,-4.15,-4,-350,1,1,0,0.0,0.5428,1,0
3690,2016-06-04,-62.5,202.06,-1.0,1.0,2.36,-9,406,1,1,0,0.0,0.5006,0,0
3691,2016-06-04,43.95,207.36,-1.0,1.0,-9.2,-19,-56,1,1,0,-0.0,0.4781,1,0
3686,2016-06-04,44.38,183.78,2.0,2.0,-5.63,-19,77,1,1,1,-0.52,0.5851,0,0
3687,2016-06-04,53.86,206.96,1.0,2.0,-5.82,-9,-36,1,1,1,0.2885,0.4125,1,1
3687,2016-06-04,-53.86,206.96,-1.0,-2.0,5.82,9,36,1,1,1,-0.2885,0.5875,0,1
3686,2016-06-04,-44.38,183.78,-2.0,-2.0,5.63,19,-77,1,1,1,0.52,0.4149,1,0
3688,2016-06-04,-18.63,185.96,2.0,-3.0,9.54,-5,21,1,1,0,0.0,0.5196,0,1
3689,2016-06-04,-10.17,193.03,3.0,2.0,7.44,10,133,1,1,0,0.0,0.5,1,0
3689,2016-06-04,10.17,193.03,-3.0,-2.0,-7.44,-10,-133,1,1,0,-0.0,0.5,0,0
3690,2016-06-04,62.5,202.06,1.0,-1.0,-2.36,9,-406,1,1,0,-0.0,0.4994,1,0
3688,2016-06-04,18.63,185.96,-2.0,3.0,-9.54,5,-21,1,1,0,-0.0,0.4804,1,1
3706,2016-06-18,-53.51,219.02,-1.0,3.0,2.79,2,70,1,1,0,-0.0,0.5945,0,0
3708,2016-06-18,16.75,238.09,-0.0,1.0,2.07,2,124,1,1,0,-0.0,0.5388,0,0
3708,2016-06-18,-16.75,238.09,0.0,-1.0,-2.07,-2,-124,1,1,0,0.0,0.4612,1,0
3707,2016-06-18,-120.01,244.81,-4.0,-1.0,-1.62,-1,-132,1,1,0,-0.0,0.5869,1,1
3707,2016-06-18,120.01,244.81,4.0,1.0,1.62,1,132,1,1,0,0.0,0.4131,0,1
3706,2016-06-18,53.51,219.02,1.0,-3.0,-2.79,-2,-70,1,1,0,0.0,0.4055,1,0
3704,2016-06-18,-0.78,237.72,1.0,-2.0,0.03,2,105,1,1,0,0.0,0.5956,0,1
3704,2016-06-18,0.78,237.72,-1.0,2.0,-0.03,-2,-105,1,1,0,-0.0,0.4044,1,1
3703,2016-06-18,46.08,244.29,3.0,1.0,2.65,1,-119,0,0,0,0.0,0.4623,0,1
3702,2016-06-18,-130.13,259.13,2.0,1.0,1.99,-3,-28,1,1,0,-0.0,0.4123,0,0
3702,2016-06-18,130.13,259.13,-2.0,-1.0,-1.99,3,28,1,1,0,0.0,0.5877,1,0
3700,2016-06-18,-188.51,159.71,2.0,-2.0,3.08,-1,35,1,1,0,0.0,0.4663,0,1
3700,2016-06-18,188.51,159.71,-2.0,2.0,-3.08,1,-35,1,1,0,-0.0,0.5337,1,1
3699,2016-06-18,17.11,192.05,-1.0,-0.0,6.44,-4,-210,1,1,0,-0.0,0.4057,1,1
3699,2016-06-18,-17.11,192.05,1.0,0.0,-6.44,4,210,1,1,0,0.0,0.5943,0,1
3703,2016-06-18,-46.08,244.29,-3.0,-1.0,-2.65,-1,119,0,0,0,-0.0,0.5377,1,1
3713,2016-07-07,-59.04,185.43,-6.0,-3.0,8.64,8,64,1,1,0,0.0,0.4999,0,1
3719,2016-07-07,26.24,244.36,5.0,1.0,0.07,0,118,1,1,0,0.0,0.5175,0,1
3715,2016-07-07,-69.52,238.62,-0.0,-0.0,2.23,2,273,1,1,0,0.0,0.5585,0,1
3715,2016-07-07,69.52,238.62,0.0,0.0,-2.23,-2,-273,1,1,0,-0.0,0.4415,1,1
3712,2016-07-07,143.92,205.88,1.0,-1.0,-0.79,16,29,1,1,1,-0.4211,0.5955,0,0
3712,2016-07-07,-143.92,205.88,-1.0,1.0,0.79,-16,-29,1,1,1,0.4211,0.4045,1,0
3719,2016-07-07,-26.24,244.36,-5.0,-1.0,-0.07,0,-118,1,1,0,-0.0,0.4825,1,1
3713,2016-07-07,59.04,185.43,6.0,3.0,-8.64,-8,-64,1,1,0,-0.0,0.5001,1,1
3733,2016-07-08,-70.67,234.36,-2.0,3.0,-3.44,-6,55,1,1,0,-0.0,0.4857,0,0
3733,2016-07-08,70.67,234.36,2.0,-3.0,3.44,6,-55,1,1,0,0.0,0.5143,1,0
3734,2016-07-08,-27.21,218.98,4.0,-2.0,1.95,2,-35,1,1,0,0.0,0.5036,1,1
3734,2016-07-08,27.21,218.98,-4.0,2.0,-1.95,-2,35,1,1,0,-0.0,0.4964,0,1
3731,2016-07-08,-31.99,241.64,-0.0,-0.0,-8.8,-7,-168,0,1,0,-0.0,0.4743,1,1
3731,2016-07-08,31.99,241.64,0.0,0.0,8.8,7,168,1,0,0,0.0,0.5257,0,1
3729,2016-07-08,-7.08,279.14,-1.0,-3.0,-3.0,0,-42,1,1,0,0.0,0.4999,1,1
3728,2016-07-08,-14.06,213.56,-0.0,-3.0,6.42,15,21,1,1,0,0.0,0.595,0,1
3728,2016-07-08,14.06,213.56,0.0,3.0,-6.42,-15,-21,1,1,0,-0.0,0.405,1,1
3724,2016-07-08,-161.85,239.09,-2.0,-2.0,-1.31,-2,105,1,1,1,0.4,0.5938,0,1
3724,2016-07-08,161.85,239.09,2.0,2.0,1.31,2,-105,1,1,1,-0.4,0.4062,1,1
3729,2016-07-08,7.08,279.14,1.0,3.0,3.0,0,42,1,1,0,-0.0,0.5001,0,1
3745,2016-07-09,-42.05,154.88,-1.0,-0.0,-2.39,-3,85,1,1,0,-0.0,0.5051,1,0
3747,2016-07-09,-119.04,174.1,-1.0,-1.0,4.94,-12,224,1,1,0,-0.0,0.4265,0,1
3747,2016-07-09,119.04,174.1,1.0,1.0,-4.94,12,-224,1,1,0,0.0,0.5735,1,1
3746,2016-07-09,-10.94,207.0,-0.0,-0.0,1.57,-1,-77,1,1,0,-0.0,0.4619,0,1
3746,2016-07-09,10.94,207.0,0.0,0.0,-1.57,1,77,1,1,0,0.0,0.5381,1,1
3745,2016-07-09,42.05,154.88,1.0,0.0,2.39,3,-85,1,1,0,0.0,0.4949,0,0
3743,2016-07-09,19.6,196.9,-1.0,-1.0,3.56,-3,470,1,1,0,0.0,0.5175,0,1
3742,2016-07-09,-49.74,184.77,2.0,-0.0,-8.11,-8,77,1,1,0,-0.0,0.5633,1,1
3742,2016-07-09,49.74,184.77,-2.0,0.0,8.11,8,-77,1,1,0,0.0,0.4367,0,1
3743,2016-07-09,-19.6,196.9,1.0,1.0,-3.56,3,-470,1,1,0,-0.0,0.4825,1,1
3741,2016-07-09,-30.53,256.59,-1.0,0.0,7.13,1,217,1,1,0,-0.0,0.4335,0,0
3740,2016-07-09,-52.71,179.35,2.0,5.0,0.03,0,-218,1,1,0,0.0,0.5395,0,1
3740,2016-07-09,52.71,179.35,-2.0,-5.0,-0.03,0,218,1,1,0,-0.0,0.4605,1,1
3739,2016-07-09,-69.96,180.71,-2.0,-1.0,4.9,11,1,1,1,1,0.0592,0.596,0,1
3739,2016-07-09,69.96,180.71,2.0,1.0,-4.9,-11,-1,1,1,1,-0.0592,0.404,1,1
3738,2016-07-09,38.23,188.11,5.0,3.0,3.93,12,-147,1,1,0,-0.0,0.4904,0,0
3738,2016-07-09,-38.23,188.11,-5.0,-3.0,-3.93,-12,147,1,1,0,0.0,0.5096,1,0
3736,2016-07-09,26.29,215.94,4.0,2.0,-1.78,-1,0,1,1,1,-0.4048,0.4925,1,1
3736,2016-07-09,-26.29,215.94,-4.0,-2.0,1.78,1,0,1,1,1,0.4048,0.5075,0,1
3741,2016-07-09,30.53,256.59,1.0,-0.0,-7.13,-1,-217,1,1,0,0.0,0.5665,1,0
3753,2016-07-13,-32.0,244.26,-3.0,-4.0,2.95,-3,-21,1,1,0,-0.0,0.4396,0,0
3753,2016-07-13,32.0,244.26,3.0,4.0,-2.95,3,21,1,1,0,0.0,0.5604,1,0
3752,2016-07-13,-102.6,211.14,-3.0,-2.0,-4.18,-5,-56,1,1,0,0.0,0.4714,1,1
3752,2016-07-13,102.6,211.14,3.0,2.0,4.18,5,56,1,1,0,-0.0,0.5286,0,1
3751,2016-07-13,-75.49,246.0,-6.0,-2.0,-5.2,3,-462,1,1,0,0.0,0.5021,1,0
3748,2016-07-13,-30.32,198.42,3.0,6.0,-0.59,-2,133,1,1,0,-0.0,0.4557,0,1
3750,2016-07-13,44.09,199.71,5.0,3.0,-7.12,-14,29,1,1,0,-0.0,0.5377,0,1
3750,2016-07-13,-44.09,199.71,-5.0,-3.0,7.12,14,-29,1,1,0,0.0,0.4623,1,1
3748,2016-07-13,30.32,198.42,-3.0,-6.0,0.59,2,-133,1,1,0,0.0,0.5443,1,1
3751,2016-07-13,75.49,246.0,6.0,2.0,5.2,-3,462,1,1,0,-0.0,0.4979,0,0
3768,2016-07-23,-60.08,233.9,-5.0,-1.0,-0.13,-1,99,1,1,0,0.0,0.4826,0,0
3765,2016-07-23,-113.29,193.84,2.0,-3.0,-3.13,-7,350,1,1,0,-0.0,0.4563,0,1
3765,2016-07-23,113.29,193.84,-2.0,3.0,3.13,7,-350,1,1,0,0.0,0.5437,1,1
3766,2016-07-23,-62.86,251.37,-2.0,3.0,2.81,2,-42,1,1,0,0.0,0.5008,0,0
3768,2016-07-23,60.08,233.9,5.0,1.0,0.13,1,-99,1,1,0,-0.0,0.5174,1,0
3766,2016-07-23,62.86,251.37,2.0,-3.0,-2.81,-2,42,1,1,0,-0.0,0.4992,1,0
3764,2016-07-23,-118.36,221.19,3.0,1.0,-3.87,4,140,1,1,0,-0.0,0.4999,1,1
3763,2016-07-23,55.77,256.66,0.0,0.0,6.56,-1,236,1,1,0,0.0,0.5046,1,1
3763,2016-07-23,-55.77,256.66,-0.0,-0.0,-6.56,1,-236,1,1,0,-0.0,0.4954,0,1
3760,2016-07-23,102.59,250.25,3.0,3.0,6.39,2,0,1,1,0,-0.0,0.4054,0,1
3760,2016-07-23,-102.59,250.25,-3.0,-3.0,-6.39,-2,0,1,1,0,0.0,0.5946,1,1
3764,2016-07-23,118.36,221.19,-3.0,-1.0,3.87,-4,-140,1,1,0,0.0,0.5001,0,1
3761,2016-07-23,-215.93,207.57,-2.0,-2.0,3.78,-11,315,1,1,0,0.0,0.5001,0,1
3761,2016-07-23,215.93,207.57,2.0,2.0,-3.78,11,-315,1,1,0,-0.0,0.4999,1,1
3777,2016-07-30,29.72,174.67,5.0,3.0,-0.13,-10,40,1,0,0,0.0,0.5434,1,1
3777,2016-07-30,-29.72,174.67,-5.0,-3.0,0.13,10,-40,0,1,0,-0.0,0.4566,0,1
3776,2016-07-30,-17.04,188.1,-0.0,-2.0,11.43,11,112,1,1,0,0.0,0.5206,0,1
3774,2016-07-30,103.7,203.57,-2.0,-0.0,-8.11,-3,98,1,1,0,0.0,0.5819,1,1
3774,2016-07-30,-103.7,203.57,2.0,0.0,8.11,3,-98,1,1,0,-0.0,0.4181,0,1
3776,2016-07-30,17.04,188.1,0.0,2.0,-11.43,-11,-112,1,1,0,-0.0,0.4794,1,1
3773,2016-07-30,29.35,161.48,4.0,3.0,4.21,5,-105,1,1,0,-0.0,0.5482,0,1
3772,2016-07-30,2.98,251.0,-1.0,-2.0,6.7,-2,-22,1,1,0,0.0,0.4853,1,1
3772,2016-07-30,-2.98,251.0,1.0,2.0,-6.7,2,22,1,1,0,-0.0,0.5147,0,1
3771,2016-07-30,-62.4,189.64,-0.0,-2.0,-0.05,-9,336,1,1,1,-0.0089,0.5367,1,0
3771,2016-07-30,62.4,189.64,0.0,2.0,0.05,9,-336,1,1,1,0.0089,0.4633,0,0
3773,2016-07-30,-29.35,161.48,-4.0,-3.0,-4.21,-5,105,1,1,0,0.0,0.4518,1,1
3788,2016-08-06,79.63,221.28,1.0,1.0,3.12,7,7,1,1,0,0.0,0.5954,1,1
3792,2016-08-06,90.85,207.7,1.0,1.0,-5.49,5,-55,1,1,0,-0.0,0.4042,1,1
3789,2016-08-06,-11.7,264.41,1.0,-0.0,4.68,-2,-190,1,1,0,0.0,0.5801,1,1
3792,2016-08-06,-90.85,207.7,-1.0,-1.0,5.49,-5,55,1,1,0,0.0,0.5958,0,1
3789,2016-08-06,11.7,264.41,-1.0,0.0,-4.68,2,190,1,1,0,-0.0,0.4199,0,1
3788,2016-08-06,-79.63,221.28,-1.0,-1.0,-3.12,-7,-7,1,1,0,-0.0,0.4046,0,1
3785,2016-08-06,40.13,223.35,2.0,-0.0,2.15,-1,6,1,1,0,0.0,0.4977,0,0
3783,2016-08-06,61.47,202.46,-7.0,-1.0,-2.73,5,-631,1,1,0,0.0,0.5197,1,1
3784,2016-08-06,-69.82,170.3,-3.0,1.0,-5.2,1,-92,1,1,0,0.0,0.4874,0,1
3784,2016-08-06,69.82,170.3,3.0,-1.0,5.2,-1,92,1,1,0,-0.0,0.5126,1,1
3783,2016-08-06,-61.47,202.46,7.0,1.0,2.73,-5,631,1,1,0,-0.0,0.4803,0,1
3782,2016-08-06,-95.77,213.59,2.0,-1.0,4.3,11,-42,1,1,0,-0.0,0.4975,0,0
3785,2016-08-06,-40.13,223.35,-2.0,0.0,-2.15,1,-6,1,1,0,-0.0,0.5023,1,0
3782,2016-08-06,95.77,213.59,-2.0,1.0,-4.3,-11,42,1,1,0,0.0,0.5025,1,0
3799,2016-08-20,-63.85,210.7,4.0,-1.0,7.56,8,246,1,1,0,0.0,0.5002,0,1
3803,2016-08-20,-163.09,186.96,-8.0,-4.0,0.91,-5,-71,1,1,0,0.0,0.404,1,1
3803,2016-08-20,163.09,186.96,8.0,4.0,-0.91,5,71,1,1,0,-0.0,0.596,0,1
3802,2016-08-20,-51.87,244.14,4.0,3.0,-1.73,-1,-25,1,1,0,-0.0,0.4904,1,1
3802,2016-08-20,51.87,244.14,-4.0,-3.0,1.73,1,25,1,1,0,0.0,0.5096,0,1
3799,2016-08-20,63.85,210.7,-4.0,1.0,-7.56,-8,-246,1,1,0,-0.0,0.4998,1,1
3796,2016-08-20,-118.71,159.99,-2.0,-4.0,-1.42,-3,20,1,1,0,0.0,0.5255,0,0
3795,2016-08-20,40.92,176.77,-2.0,-0.0,4.36,-7,-77,1,1,0,0.0,0.5612,0,1
3795,2016-08-20,-40.92,176.77,2.0,0.0,-4.36,7,77,1,1,0,-0.0,0.4388,1,1
3794,2016-08-20,103.3,178.3,-2.0,-3.0,-3.24,-14,0,1,1,0,-0.0,0.4054,1,1
3794,2016-08-20,-103.3,178.3,2.0,3.0,3.24,14,0,1,1,0,0.0,0.5946,0,1
3796,2016-08-20,118.71,159.99,2.0,4.0,1.42,3,-20,1,1,0,-0.0,0.4745,1,0
3814,2016-08-27,108.62,249.78,-1.0,0.0,0.6,2,91,1,1,0,0.0,0.4999,1,1
3812,2016-08-27,-17.48,265.13,2.0,-1.0,-7.28,-2,28,1,1,0,0.0,0.5002,1,0
3812,2016-08-27,17.48,265.13,-2.0,1.0,7.28,2,-28,1,1,0,-0.0,0.4998,0,0
3810,2016-08-27,-77.85,230.43,2.0,-3.0,4.89,-3,165,1,1,0,-0.0,0.4612,0,1
3810,2016-08-27,77.85,230.43,-2.0,3.0,-4.89,3,-165,1,1,0,0.0,0.5388,1,1
3809,2016-08-27,36.2,155.15,-0.0,-2.0,0.73,2,0,1,1,0,0.0,0.548,1,0
3814,2016-08-27,-108.62,249.78,1.0,-0.0,-0.6,-2,-91,1,1,0,-0.0,0.5001,0,1
3808,2016-08-27,-40.52,244.53,-1.0,2.0,5.12,-1,-100,1,1,0,0.0,0.4831,0,1
3808,2016-08-27,40.52,244.53,1.0,-2.0,-5.12,1,100,1,1,0,-0.0,0.5169,1,1
3807,2016-08-27,26.65,185.86,2.0,-0.0,-2.72,6,126,1,0,0,-0.0,0.442,0,1
3807,2016-08-27,-26.65,185.86,-2.0,0.0,2.72,-6,-126,0,1,0,0.0,0.558,1,1
3806,2016-08-27,-95.28,166.71,3.0,1.0,-6.47,-11,133,1,1,0,-0.0,0.4055,0,0
3806,2016-08-27,95.28,166.71,-3.0,-1.0,6.47,11,-133,1,1,0,0.0,0.5945,1,0
3809,2016-08-27,-36.2,155.15,0.0,2.0,-0.73,-2,0,1,1,0,-0.0,0.452,0,0
3826,2016-09-03,-127.65,214.14,-1.0,1.0,0.98,-1,-41,1,1,0,0.0,0.5939,0,1
3826,2016-09-03,127.65,214.14,1.0,-1.0,-0.98,1,41,1,1,0,-0.0,0.4061,1,1
3823,2016-09-03,-38.76,242.93,-4.0,1.0,8.55,1,112,1,1,0,-0.0,0.5901,0,0
3823,2016-09-03,38.76,242.93,4.0,-1.0,-8.55,-1,-112,1,1,0,0.0,0.4099,1,0
3821,2016-09-03,52.3,234.3,-1.0,-1.0,2.15,-4,-148,1,1,0,0.0,0.4248,0,0
3821,2016-09-03,-52.3,234.3,1.0,1.0,-2.15,4,148,1,1,0,-0.0,0.5752,1,0
3819,2016-09-03,-81.01,238.2,5.0,3.0,1.03,0,-63,1,1,0,-0.0,0.4998,0,0
3819,2016-09-03,81.01,238.2,-5.0,-3.0,-1.03,0,63,1,1,0,0.0,0.5002,1,0
3818,2016-09-03,92.76,185.8,1.0,4.0,-0.86,11,35,1,1,0,0.0,0.5215,1,1
3817,2016-09-03,-124.16,208.56,-1.0,-3.0,3.89,-8,-190,1,1,0,0.0,0.5441,0,1
3817,2016-09-03,124.16,208.56,1.0,3.0,-3.89,8,190,1,1,0,-0.0,0.4559,1,1
3816,2016-09-03,-46.33,177.0,1.0,-0.0,1.23,-11,99,1,1,0,-0.0,0.4874,1,1
3816,2016-09-03,46.33,177.0,-1.0,0.0,-1.23,11,-99,1,1,0,0.0,0.5126,0,1
3818,2016-09-03,-92.76,185.8,-1.0,-4.0,0.86,-11,-35,1,1,0,-0.0,0.4785,0,1
3832,2016-09-10,-134.68,227.82,2.0,1.0,-3.1,1,-43,1,1,0,0.0,0.5001,0,1
3836,2016-09-10,37.37,211.44,1.0,0.0,-0.2,1,-98,0,1,0,-0.0,0.5696,1,1
3833,2016-09-10,-25.32,200.39,-1.0,-0.0,0.02,-6,-64,1,1,0,-0.0,0.5293,0,1
3833,2016-09-10,25.32,200.39,1.0,0.0,-0.02,6,64,1,1,0,0.0,0.4707,1,1
3832,2016-09-10,134.68,227.82,-2.0,-1.0,3.1,-1,43,1,1,0,-0.0,0.4999,1,1
3831,2016-09-10,26.92,221.58,3.0,5.0,5.75,-4,-14,1,1,0,0.0,0.4981,0,1
3836,2016-09-10,-37.37,211.44,-1.0,-0.0,0.2,-1,98,1,0,0,0.0,0.4304,0,1
3830,2016-09-10,5.28,210.78,1.0,-2.0,-10.13,-11,126,1,1,0,0.0,0.4122,1,1
3830,2016-09-10,-5.28,210.78,-1.0,2.0,10.13,11,-126,1,1,0,-0.0,0.5878,0,1
3828,2016-09-10,-34.86,180.67,2.0,2.0,-4.96,3,-56,1,1,0,-0.0,0.4894,0,1
3828,2016-09-10,34.86,180.67,-2.0,-2.0,4.96,-3,56,1,1,0,0.0,0.5106,1,1
3827,2016-09-10,-70.12,191.15,-0.0,-0.0,2.26,-2,6,1,1,1,-0.1414,0.5,0,1
3827,2016-09-10,70.12,191.15,0.0,0.0,-2.26,2,-6,1,1,1,0.1414,0.5,1,1
3831,2016-09-10,-26.92,221.58,-3.0,-5.0,-5.75,4,14,1,1,0,-0.0,0.5019,1,1
3843,2016-09-17,-30.97,220.99,-4.0,-0.0,2.37,7,-7,1,1,0,-0.0,0.4603,0,0
3843,2016-09-17,30.97,220.99,4.0,0.0,-2.37,-7,7,1,1,0,0.0,0.5397,1,0
3842,2016-09-17,-74.98,211.38,-1.0,-3.0,1.57,2,48,1,1,0,0.0,0.4704,0,1
3842,2016-09-17,74.98,211.38,1.0,3.0,-1.57,-2,-48,1,1,0,-0.0,0.5296,1,1
3841,2016-09-17,-104.53,246.11,-0.0,-0.0,-4.07,-3,218,1,1,0,-0.0,0.4459,1,0
3841,2016-09-17,104.53,246.11,0.0,0.0,4.07,3,-218,1,1,0,0.0,0.5541,0,0
3840,2016-09-17,-21.76,207.87,2.0,1.0,5.7,-1,-211,1,1,0,-0.0,0.5001,1,1
3838,2016-09-17,119.79,203.81,-2.0,1.0,0.57,-2,-99,1,1,0,-0.0,0.5091,1,0
3838,2016-09-17,-119.79,203.81,2.0,-1.0,-0.57,2,99,1,1,0,0.0,0.4909,0,0
3837,2016-09-17,-116.54,173.36,1.0,1.0,2.63,-1,168,1,1,0,0.0,0.4623,1,1
3837,2016-09-17,116.54,173.36,-1.0,-1.0,-2.63,1,-168,1,1,0,-0.0,0.5377,0,1
3840,2016-09-17,21.76,207.87,-2.0,-1.0,-5.7,1,211,1,1,0,0.0,0.4999,0,1
3855,2016-09-24,39.24,224.21,4.0,4.0,-4.99,-1,16,1,1,0,-0.0,0.4993,0,1
3859,2016-09-24,24.19,243.63,-4.0,-1.0,-6.68,-1,147,1,1,0,-0.0,0.4999,0,1
3857,2016-09-24,-27.52,210.46,-2.0,-0.0,-3.7,0,-70,1,1,0,0.0,0.4062,0,1
3857,2016-09-24,27.52,210.46,2.0,0.0,3.7,0,70,1,1,0,-0.0,0.5938,1,1
3856,2016-09-24,-52.76,222.01,-0.0,-1.0,-6.06,-7,193,1,1,0,0.0,0.4058,0,1
3856,2016-09-24,52.76,222.01,0.0,1.0,6.06,7,-193,1,1,0,-0.0,0.5942,1,1
3855,2016-09-24,-39.24,224.21,-4.0,-4.0,4.99,1,-16,1,1,0,0.0,0.5007,1,1
3854,2016-09-24,0.41,220.72,-2.0,4.0,0.77,-3,238,1,1,0,0.0,0.4672,0,1
3859,2016-09-24,-24.19,243.63,4.0,1.0,6.68,1,-147,1,1,0,0.0,0.5001,1,1
3853,2016-09-24,-126.26,241.12,-3.0,-1.0,-2.73,-7,-4,1,1,0,-0.0,0.5349,1,1
3853,2016-09-24,126.26,241.12,3.0,1.0,2.73,7,4,1,1,0,0.0,0.4651,0,1
3852,2016-09-24,-67.87,197.1,-0.0,2.0,-5.67,-7,-15,1,1,0,0.0,0.4972,0,0
3852,2016-09-24,67.87,197.1,0.0,-2.0,5.67,7,15,1,1,0,-0.0,0.5028,1,0
3851,2016-09-24,-24.8,177.97,9.0,4.0,-3.23,-7,60,1,1,0,-0.0,0.5,0,1
3851,2016-09-24,24.8,177.97,-9.0,-4.0,3.23,7,-60,1,1,0,0.0,0.5,1,1
3850,2016-09-24,-235.48,209.88,2.0,3.0,2.99,-6,171,1,1,0,0.0,0.4062,0,1
3854,2016-09-24,-0.41,220.72,2.0,-4.0,-0.77,3,-238,1,1,0,-0.0,0.5328,1,1
3850,2016-09-24,235.48,209.88,-2.0,-3.0,-2.99,6,-171,1,1,0,-0.0,0.5938,1,1
3870,2016-10-01,-50.86,179.24,2.0,4.0,-7.55,-13,-35,1,1,0,-0.0,0.5613,0,0
3870,2016-10-01,50.86,179.24,-2.0,-4.0,7.55,13,35,1,1,0,0.0,0.4387,1,0
3869,2016-10-01,26.51,242.29,-0.0,-0.0,-2.55,-4,88,1,1,0,-0.0,0.5303,1,0
3869,2016-10-01,-26.51,242.29,0.0,0.0,2.55,4,-88,1,1,0,0.0,0.4697,0,0
3868,2016-10-01,-75.67,251.7,1.0,2.0,-1.77,2,-62,1,1,0,-0.0,0.5,0,0
3867,2016-10-01,-42.25,218.29,5.0,3.0,-6.02,0,-7,1,1,0,-0.0,0.4999,1,1
3867,2016-10-01,42.25,218.29,-5.0,-3.0,6.02,0,7,1,1,0,0.0,0.5001,0,1
3862,2016-10-01,-28.95,192.85,-1.0,-0.0,5.71,-2,88,1,1,0,0.0,0.4622,0,1
3862,2016-10-01,28.95,192.85,1.0,0.0,-5.71,2,-88,1,1,0,-0.0,0.5378,1,1
3868,2016-10-01,75.67,251.7,-1.0,-2.0,1.77,-2,62,1,1,0,0.0,0.5,1,0
3879,2016-10-08,61.05,185.72,3.0,3.0,-1.86,1,28,1,1,0,0.0,0.4984,1,0
3884,2016-10-08,-19.73,227.06,3.0,2.0,2.86,0,-70,1,1,0,0.0,0.523,1,0
3883,2016-10-08,-30.93,271.14,-3.0,-3.0,-4.17,-1,-119,1,1,0,-0.0,0.4612,1,0
3884,2016-10-08,19.73,227.06,-3.0,-2.0,-2.86,0,70,1,1,0,-0.0,0.477,0,0
3883,2016-10-08,30.93,271.14,3.0,3.0,4.17,1,119,1,1,0,0.0,0.5388,0,0
3881,2016-10-08,67.24,218.72,-1.0,-3.0,-0.34,2,0,1,1,0,-0.0,0.407,0,0
3881,2016-10-08,-67.24,218.72,1.0,3.0,0.34,-2,0,1,1,0,0.0,0.593,1,0
3880,2016-10-08,1.76,263.47,1.0,-3.0,-4.18,0,-43,1,1,0,-0.0,0.5162,1,1
3880,2016-10-08,-1.76,263.47,-1.0,3.0,4.18,0,43,1,1,0,0.0,0.4838,0,1
3879,2016-10-08,-61.05,185.72,-3.0,-3.0,1.86,-1,-28,1,1,0,-0.0,0.5016,0,0
3875,2016-10-08,-1.68,175.35,-2.0,-2.0,8.33,13,56,1,1,0,-0.0,0.4718,0,0
3878,2016-10-08,157.07,238.43,0.0,1.0,-4.51,-2,404,1,0,0,0.0,0.5025,1,1
3877,2016-10-08,-40.63,192.58,-10.0,-11.0,5.47,-11,-66,1,1,0,0.0,0.4579,0,0
3877,2016-10-08,40.63,192.58,10.0,11.0,-5.47,11,66,1,1,0,-0.0,0.5421,1,0
3876,2016-10-08,-38.84,204.78,-1.0,-2.0,3.13,-4,231,1,1,0,-0.0,0.4503,1,0
3876,2016-10-08,38.84,204.78,1.0,2.0,-3.13,4,-231,1,1,0,0.0,0.5497,0,0
3875,2016-10-08,1.68,175.35,2.0,2.0,-8.33,-13,-56,1,1,0,0.0,0.5282,1,0
3874,2016-10-08,-109.22,156.03,-1.0,-2.0,8.51,-9,0,1,1,1,-0.0294,0.4999,0,1
3874,2016-10-08,109.22,156.03,1.0,2.0,-8.51,9,0,1,1,1,0.0294,0.5001,1,1
3878,2016-10-08,-157.07,238.43,-0.0,-1.0,4.51,2,-404,0,1,0,-0.0,0.4975,0,1
3890,2016-11-05,-87.36,201.27,5.0,-0.0,1.78,1,23,1,1,0,0.0,0.4973,0,1
3893,2016-11-05,10.16,263.2,1.0,1.0,4.67,0,-139,1,1,0,-0.0,0.5009,0,1
3891,2016-11-05,-209.98,244.78,-4.0,-2.0,-0.84,1,19,0,0,0,-0.0,0.5161,1,1
3891,2016-11-05,209.98,244.78,4.0,2.0,0.84,-1,-19,0,0,0,0.0,0.4839,0,1
3890,2016-11-05,87.36,201.27,-5.0,0.0,-1.78,-1,-23,1,1,0,-0.0,0.5027,1,1
3893,2016-11-05,-10.16,263.2,-1.0,-1.0,-4.67,0,139,1,1,0,0.0,0.4991,1,1
3888,2016-11-05,0.97,215.92,2.0,1.0,-4.43,5,-210,1,1,0,-0.0,0.583,1,0
3887,2016-11-05,-40.68,180.37,3.0,2.0,-7.41,6,-84,1,1,0,-0.0,0.4338,0,1
3887,2016-11-05,40.68,180.37,-3.0,-2.0,7.41,-6,84,1,1,0,0.0,0.5662,1,1
3885,2016-11-05,45.67,170.83,6.0,3.0,0.7,-8,-6,1,1,0,-0.0,0.4954,1,0
3885,2016-11-05,-45.67,170.83,-6.0,-3.0,-0.7,8,6,1,1,0,0.0,0.5046,0,0
3888,2016-11-05,-0.97,215.92,-2.0,-1.0,4.43,-5,210,1,1,0,0.0,0.417,0,0
3907,2016-11-12,92.34,254.0,2.0,3.0,-4.86,-4,-466,1,1,0,0.0,0.5,0,1
3907,2016-11-12,-92.34,254.0,-2.0,-3.0,4.86,4,466,1,1,0,-0.0,0.5,1,1
3906,2016-11-12,-26.86,154.89,-1.0,1.0,-0.09,-4,455,0,0,0,-0.0,0.4945,0,0
3906,2016-11-12,26.86,154.89,1.0,-1.0,0.09,4,-455,0,0,0,0.0,0.5055,1,0
3905,2016-11-12,-62.99,250.41,-3.0,-0.0,3.38,-2,7,1,1,0,0.0,0.5217,0,1
3905,2016-11-12,62.99,250.41,3.0,0.0,-3.38,2,-7,1,1,0,-0.0,0.4783,1,1
3904,2016-11-12,47.95,165.77,3.0,0.0,-1.91,-4,81,1,1,0,0.0,0.5938,0,1
3903,2016-11-12,-107.84,192.13,3.0,-0.0,2.3,8,-154,1,1,0,0.0,0.404,0,0
3903,2016-11-12,107.84,192.13,-3.0,0.0,-2.3,-8,154,1,1,0,-0.0,0.596,1,0
3904,2016-11-12,-47.95,165.77,-3.0,-0.0,1.91,4,-81,1,1,0,-0.0,0.4062,1,1
3902,2016-11-12,124.0,154.2,-3.0,-3.0,4.61,-3,-41,1,1,0,0.0,0.5961,1,1
3901,2016-11-12,17.8,208.41,2.0,1.0,-2.05,-1,-42,1,1,0,0.0,0.4897,1,1
3901,2016-11-12,-17.8,208.41,-2.0,-1.0,2.05,1,42,1,1,0,-0.0,0.5103,0,1
3900,2016-11-12,-17.71,200.55,-5.0,-2.0,7.13,-3,0,1,1,0,-0.0,0.4125,1,0
3900,2016-11-12,17.71,200.55,5.0,2.0,-7.13,3,0,1,1,0,0.0,0.5875,0,0
3899,2016-11-12,-94.61,234.58,-1.0,-3.0,1.84,-3,-22,1,1,1,0.3333,0.5403,0,1
3899,2016-11-12,94.61,234.58,1.0,3.0,-1.84,3,22,1,1,1,-0.3333,0.4597,1,1
3897,2016-11-12,123.98,218.69,5.0,-0.0,-4.51,5,-44,0,1,1,-0.5278,0.5001,1,0
3897,2016-11-12,-123.98,218.69,-5.0,0.0,4.51,-5,44,1,0,1,0.5278,0.4999,0,0
3902,2016-11-12,-124.0,154.2,3.0,3.0,-4.61,3,41,1,1,0,-0.0,0.4039,0,1
3924,2016-11-19,7.48,192.76,1.0,0.0,7.95,10,-49,1,1,0,-0.0,0.5938,0,0
3924,2016-11-19,-7.48,192.76,-1.0,-0.0,-7.95,-10,49,1,1,0,0.0,0.4062,1,0
3925,2016-11-19,-4.22,238.4,-4.0,-1.0,-3.65,2,70,1,1,0,-0.0,0.4823,0,0
3925,2016-11-19,4.22,238.4,4.0,1.0,3.65,-2,-70,1,1,0,0.0,0.5177,1,0
3926,2016-11-19,58.79,253.02,0.0,1.0,4.42,4,296,1,1,0,-0.0,0.5876,1,1
3929,2016-11-19,-9.79,208.15,-4.0,-2.0,-2.76,10,-128,1,1,0,-0.0,0.5955,0,1
3927,2016-11-19,40.17,238.68,1.0,0.0,3.32,8,57,1,1,0,-0.0,0.4968,1,0
3927,2016-11-19,-40.17,238.68,-1.0,-0.0,-3.32,-8,-57,1,1,0,0.0,0.5032,0,0
3929,2016-11-19,9.79,208.15,4.0,2.0,2.76,-10,128,1,1,0,0.0,0.4045,1,1
3931,2016-11-19,-42.51,228.85,-1.0,-1.0,5.65,-1,-152,1,0,0,-0.0,0.5375,1,0
3931,2016-11-19,42.51,228.85,1.0,1.0,-5.65,1,152,0,1,0,0.0,0.4625,0,0
3926,2016-11-19,-58.79,253.02,-0.0,-1.0,-4.42,-4,-296,1,1,0,0.0,0.4124,0,1
3923,2016-11-19,22.26,238.48,-4.0,-3.0,-1.59,0,43,1,1,0,0.0,0.5124,1,1
3923,2016-11-19,-22.26,238.48,4.0,3.0,1.59,0,-43,1,1,0,-0.0,0.4876,0,1
3921,2016-11-19,114.61,177.17,-1.0,0.0,-7.01,10,-112,1,1,0,-0.0,0.5915,1,0
3908,2016-11-19,131.56,191.4,-3.0,2.0,-1.0,0,-21,1,1,0,-0.0,0.5381,1,1
3908,2016-11-19,-131.56,191.4,3.0,-2.0,1.0,0,21,1,1,0,0.0,0.4619,0,1
3909,2016-11-19,-23.62,196.13,-1.0,-2.0,5.49,17,56,1,1,0,0.0,0.5001,0,0
3921,2016-11-19,-114.61,177.17,1.0,-0.0,7.01,-10,112,1,1,0,0.0,0.4085,0,0
3911,2016-11-19,-121.08,250.42,-4.0,2.0,4.95,1,-14,1,1,0,0.0,0.5,1,1
3911,2016-11-19,121.08,250.42,4.0,-2.0,-4.95,-1,14,1,1,0,-0.0,0.5,0,1
3909,2016-11-19,23.62,196.13,1.0,2.0,-5.49,-17,-56,1,1,0,-0.0,0.4999,1,0
3913,2016-11-19,-49.66,214.91,2.0,-0.0,5.34,-1,-41,1,1,0,0.0,0.4322,0,1
3914,2016-11-19,22.83,232.19,6.0,1.0,-4.09,6,-209,1,1,0,0.0,0.5959,1,1
3914,2016-11-19,-22.83,232.19,-6.0,-1.0,4.09,-6,209,1,1,0,-0.0,0.4041,0,1
3917,2016-11-19,69.93,223.93,1.0,-3.0,-0.04,1,-14,1,1,0,-0.0,0.4333,1,1
3917,2016-11-19,-69.93,223.93,-1.0,3.0,0.04,-1,14,1,1,0,0.0,0.5667,0,1
3913,2016-11-19,49.66,214.91,-2.0,0.0,-5.34,1,41,1,1,0,-0.0,0.5678,1,1
3943,2016-11-26,-24.09,244.77,-4.0,-2.0,-2.41,-3,-126,1,1,0,0.0,0.5148,1,0
3943,2016-11-26,24.09,244.77,4.0,2.0,2.41,3,126,1,1,0,-0.0,0.4852,0,0
3940,2016-11-26,-0.87,240.97,5.0,1.0,0.33,4,83,1,1,0,0.0,0.571,0,1
3940,2016-11-26,0.87,240.97,-5.0,-1.0,-0.33,-4,-83,1,1,0,-0.0,0.429,1,1
3939,2016-11-26,74.83,197.16,-5.0,-2.0,9.05,-12,140,1,1,0,-0.0,0.5131,1,0
3939,2016-11-26,-74.83,197.16,5.0,2.0,-9.05,12,-140,1,1,0,0.0,0.4869,0,0
3935,2016-11-26,-4.16,203.32,3.0,1.0,7.57,5,-88,1,1,0,0.0,0.4837,0,0
3934,2016-11-26,-74.63,240.15,-3.0,-0.0,8.53,-4,0,1,1,0,0.0,0.4095,1,0
3934,2016-11-26,74.63,240.15,3.0,0.0,-8.53,4,0,1,1,0,-0.0,0.5905,0,0
3933,2016-11-26,34.96,203.27,4.0,1.0,6.96,0,-147,1,1,0,-0.0,0.5091,0,0
3933,2016-11-26,-34.96,203.27,-4.0,-1.0,-6.96,0,147,1,1,0,0.0,0.4909,1,0
3935,2016-11-26,4.16,203.32,-3.0,-1.0,-7.57,-5,88,1,1,0,-0.0,0.5163,1,0
3952,2016-12-03,-48.11,222.7,-0.0,1.0,-5.79,-16,210,0,1,0,0.0,0.5383,1,0
3952,2016-12-03,48.11,222.7,0.0,-1.0,5.79,16,-210,1,0,0,-0.0,0.4617,0,0
3951,2016-12-03,-50.3,260.34,-2.0,-2.0,4.28,3,63,1,1,0,0.0,0.4133,0,1
3951,2016-12-03,50.3,260.34,2.0,2.0,-4.28,-3,-63,1,1,0,-0.0,0.5867,1,1
3950,2016-12-03,106.91,223.52,2.0,-0.0,-4.03,-1,400,1,1,0,0.0,0.4822,0,1
3950,2016-12-03,-106.91,223.52,-2.0,0.0,4.03,1,-400,1,1,0,-0.0,0.5178,1,1
3949,2016-12-03,-7.43,263.13,2.0,-2.0,9.75,0,174,0,1,0,-0.0,0.404,1,0
3948,2016-12-03,13.98,175.85,3.0,2.0,0.37,-6,0,1,1,0,0.0,0.554,1,1
3948,2016-12-03,-13.98,175.85,-3.0,-2.0,-0.37,6,0,1,1,0,-0.0,0.446,0,1
3947,2016-12-03,-71.68,202.65,-1.0,-0.0,-2.53,-8,-77,1,1,0,0.0,0.4073,0,0
3947,2016-12-03,71.68,202.65,1.0,0.0,2.53,8,77,1,1,0,-0.0,0.5927,1,0
3946,2016-12-03,-333.94,197.4,-0.0,4.0,-0.36,-8,434,1,1,1,0.1905,0.5,0,0
3946,2016-12-03,333.94,197.4,0.0,-4.0,0.36,8,-434,1,1,1,-0.1905,0.5,1,0
3949,2016-12-03,7.43,263.13,-2.0,2.0,-9.75,0,-174,1,0,0,0.0,0.596,0,0
3960,2016-12-09,-163.01,213.76,-5.0,-2.0,6.06,-1,-35,1,1,0,-0.0,0.496,0,1
3965,2016-12-09,-16.88,244.98,1.0,2.0,7.26,6,-29,1,0,0,-0.0,0.5,0,1
3965,2016-12-09,16.88,244.98,-1.0,-2.0,-7.26,-6,29,0,1,0,0.0,0.5,1,1
3960,2016-12-09,163.01,213.76,5.0,2.0,-6.06,1,35,1,1,0,0.0,0.504,1,1
3958,2016-12-09,101.77,223.24,3.0,0.0,-3.43,6,86,1,1,0,-0.0,0.4999,1,1
3959,2016-12-09,124.84,235.15,7.0,-1.0,-6.39,-3,7,1,1,0,-0.0,0.5724,1,1
3958,2016-12-09,-101.77,223.24,-3.0,-0.0,3.43,-6,-86,1,1,0,0.0,0.5001,0,1
3959,2016-12-09,-124.84,235.15,-7.0,1.0,6.39,3,-7,1,1,0,0.0,0.4276,0,1
3981,2016-12-10,-7.87,210.6,1.0,1.0,-5.69,2,-231,1,1,0,-0.0,0.5,1,0
3981,2016-12-10,7.87,210.6,-1.0,-1.0,5.69,-2,231,1,1,0,0.0,0.5,0,0
3980,2016-12-10,77.16,220.73,2.0,-3.0,-0.95,4,-77,1,1,0,0.0,0.5018,1,1
3980,2016-12-10,-77.16,220.73,-2.0,3.0,0.95,-4,77,1,1,0,-0.0,0.4982,0,1
3979,2016-12-10,-79.04,234.46,3.0,1.0,-6.86,-11,-6,1,1,0,-0.0,0.5415,1,1
3979,2016-12-10,79.04,234.46,-3.0,-1.0,6.86,11,6,1,1,0,0.0,0.4585,0,1
3978,2016-12-10,-124.7,249.29,4.0,2.0,-2.28,-5,-571,1,1,0,-0.0,0.5018,1,1
3976,2016-12-10,-92.61,224.13,-0.0,-1.0,0.35,1,-84,1,1,0,0.0,0.4844,0,1
3976,2016-12-10,92.61,224.13,0.0,1.0,-0.35,-1,84,1,1,0,-0.0,0.5156,1,1
3978,2016-12-10,124.7,249.29,-4.0,-2.0,2.28,5,571,1,1,0,0.0,0.4982,0,1
3975,2016-12-10,4.1,227.25,0.0,0.0,-5.02,5,-42,1,1,0,0.0,0.5179,0,1
3970,2016-12-10,80.5,181.82,-3.0,1.0,-4.85,5,84,1,1,1,-0.0333,0.4929,1,1
3975,2016-12-10,-4.1,227.25,-0.0,-0.0,5.02,-5,42,1,1,0,-0.0,0.4821,1,1
3971,2016-12-10,174.93,153.89,-2.0,1.0,-2.21,0,-21,1,1,0,0.0,0.4969,1,1
3971,2016-12-10,-174.93,153.89,2.0,-1.0,2.21,0,21,1,1,0,-0.0,0.5031,0,1
3970,2016-12-10,-80.5,181.82,3.0,-1.0,4.85,-5,-84,1,1,1,0.0333,0.5071,0,1
3972,2016-12-10,-35.85,215.91,-0.0,2.0,-7.44,-8,29,1,1,0,-0.0,0.5,0,1
3973,2016-12-10,-68.92,215.63,3.0,2.0,12.15,-5,651,1,1,0,-0.0,0.4368,0,0
3973,2016-12-10,68.92,215.63,-3.0,-2.0,-12.15,5,-651,1,1,0,0.0,0.5632,1,0
3972,2016-12-10,35.85,215.91,0.0,-2.0,7.44,8,-29,1,1,0,0.0,0.5,1,1
3988,2016-12-17,-33.5,229.48,0.0,1.0,-1.19,-2,98,1,1,0,0.0,0.4796,0,0
3992,2016-12-17,-76.39,189.9,0.0,0.0,-0.53,-4,28,1,1,0,-0.0,0.4998,1,1
3990,2016-12-17,-35.05,264.24,-1.0,3.0,1.43,2,-66,1,1,0,-0.0,0.5794,0,1
3992,2016-12-17,76.39,189.9,-0.0,-0.0,0.53,4,-28,1,1,0,0.0,0.5002,0,1
3989,2016-12-17,84.0,253.47,1.0,1.0,-2.35,-4,203,1,1,0,0.0,0.5029,1,0
3989,2016-12-17,-84.0,253.47,-1.0,-1.0,2.35,4,-203,1,1,0,-0.0,0.4971,0,0
3988,2016-12-17,33.5,229.48,-0.0,-1.0,1.19,2,-98,1,1,0,-0.0,0.5204,1,0
3987,2016-12-17,-109.1,212.94,-6.0,-6.0,2.98,-16,1092,1,1,0,0.0,0.4886,1,1
3990,2016-12-17,35.05,264.24,1.0,-3.0,-1.43,-2,66,1,1,0,0.0,0.4206,1,1
3985,2016-12-17,7.33,236.51,-2.0,-2.0,-9.8,-5,-93,1,1,0,-0.0,0.5001,0,0
3985,2016-12-17,-7.33,236.51,2.0,2.0,9.8,5,93,1,1,0,0.0,0.4999,1,0
3984,2016-12-17,-130.16,176.93,1.0,-0.0,0.64,-3,-28,1,1,0,-0.0,0.4862,0,1
3984,2016-12-17,130.16,176.93,-1.0,0.0,-0.64,3,28,1,1,0,0.0,0.5138,1,1
3983,2016-12-17,16.17,251.14,3.0,2.0,4.11,-2,-63,1,1,0,-0.0,0.4356,1,0
3983,2016-12-17,-16.17,251.14,-3.0,-2.0,-4.11,2,63,1,1,0,0.0,0.5644,0,0
3982,2016-12-17,-62.3,254.56,-3.0,-1.0,8.22,-4,412,1,1,0,-0.0,0.4983,1,1
3982,2016-12-17,62.3,254.56,3.0,1.0,-8.22,4,-412,1,1,0,0.0,0.5017,0,1
3987,2016-12-17,109.1,212.94,6.0,6.0,-2.98,16,-1092,1,1,0,-0.0,0.5114,0,1
4002,2016-12-30,-18.71,195.25,-2.0,-3.0,-11.82,-12,137,1,1,0,0.0,0.5214,1,1
4002,2016-12-30,18.71,195.25,2.0,3.0,11.82,12,-137,1,1,0,-0.0,0.4786,0,1
4001,2016-12-30,7.52,253.66,-5.0,-2.0,-3.52,-4,28,1,1,0,-0.0,0.4904,0,0
4000,2016-12-30,-18.73,168.18,11.0,6.0,-3.89,-2,-42,1,1,0,-0.0,0.5959,1,0
4000,2016-12-30,18.73,168.18,-11.0,-6.0,3.89,2,42,1,1,0,0.0,0.4041,0,0
3999,2016-12-30,-70.16,219.61,-5.0,-5.0,-2.05,-2,238,1,1,0,0.0,0.5112,1,1
3999,2016-12-30,70.16,219.61,5.0,5.0,2.05,2,-238,1,1,0,-0.0,0.4888,0,1
4001,2016-12-30,-7.52,253.66,5.0,2.0,3.52,4,-28,1,1,0,0.0,0.5096,1,0
3998,2016-12-30,133.5,204.79,6.0,4.0,4.8,12,183,1,1,0,-0.0,0.5941,1,0
3997,2016-12-30,-3.43,182.83,-0.0,-3.0,-4.34,0,-84,1,1,0,-0.0,0.4961,0,1
3997,2016-12-30,3.43,182.83,0.0,3.0,4.34,0,84,1,1,0,0.0,0.5039,1,1
3996,2016-12-30,-41.28,226.07,-3.0,-0.0,-6.33,0,-77,1,1,1,-0.6,0.4996,1,1
3996,2016-12-30,41.28,226.07,3.0,0.0,6.33,0,77,1,1,1,0.6,0.5004,0,1
3995,2016-12-30,55.12,212.43,-3.0,-1.0,1.33,0,238,1,1,1,-0.1429,0.4987,0,1
3995,2016-12-30,-55.12,212.43,3.0,1.0,-1.33,0,-238,1,1,1,0.1429,0.5013,1,1
3998,2016-12-30,-133.5,204.79,-6.0,-4.0,-4.8,-12,-183,1,1,0,0.0,0.4059,0,0
4014,2017-01-15,51.4,255.14,1.0,-1.0,-6.44,-4,56,1,1,0,0.0,0.5,0,0
4014,2017-01-15,-51.4,255.14,-1.0,1.0,6.44,4,-56,1,1,0,-0.0,0.5,1,0
4012,2017-01-15,13.94,233.13,-2.0,-0.0,1.14,-1,-7,0,1,0,0.0,0.4111,0,0
4012,2017-01-15,-13.94,233.13,2.0,0.0,-1.14,1,7,1,0,0,-0.0,0.5889,1,0
4011,2017-01-15,-132.05,243.75,-3.0,1.0,-13.07,1,-24,1,1,0,0.0,0.5022,0,1
4011,2017-01-15,132.05,243.75,3.0,-1.0,13.07,-1,24,1,1,0,-0.0,0.4978,1,1
4008,2017-01-15,30.6,203.8,3.0,-0.0,-9.41,-2,76,1,1,0,0.0,0.4212,1,1
4007,2017-01-15,17.1,187.52,2.0,3.0,1.67,0,202,1,1,0,-0.0,0.4906,1,1
4007,2017-01-15,-17.1,187.52,-2.0,-3.0,-1.67,0,-202,1,1,0,0.0,0.5094,0,1
4005,2017-01-15,-72.13,193.39,-1.0,-2.0,13.82,19,762,1,1,0,-0.0,0.4971,0,1
4005,2017-01-15,72.13,193.39,1.0,2.0,-13.82,-19,-762,1,1,0,0.0,0.5029,1,1
4008,2017-01-15,-30.6,203.8,-3.0,0.0,9.41,2,-76,1,1,0,-0.0,0.5788,0,1
4025,2017-01-28,-16.81,262.83,1.0,-1.0,-3.2,0,28,1,1,0,0.0,0.4652,0,1
4025,2017-01-28,16.81,262.83,-1.0,1.0,3.2,0,-28,1,1,0,-0.0,0.5348,1,1
4022,2017-01-28,-35.13,212.66,5.0,2.0,-7.03,-4,41,1,1,0,-0.0,0.5005,0,1
4022,2017-01-28,35.13,212.66,-5.0,-2.0,7.03,4,-41,1,1,0,0.0,0.4995,1,1
4021,2017-01-28,11.38,175.56,1.0,2.0,-7.04,-13,-35,1,1,0,-0.0,0.5487,1,0
4021,2017-01-28,-11.38,175.56,-1.0,-2.0,7.04,13,35,1,1,0,0.0,0.4513,0,0
4020,2017-01-28,33.66,211.94,-2.0,-0.0,-4.07,-12,-112,1,1,0,0.0,0.5148,1,0
4019,2017-01-28,6.43,197.49,6.0,1.0,-7.58,-17,-97,1,1,0,-0.0,0.4859,1,1
4019,2017-01-28,-6.43,197.49,-6.0,-1.0,7.58,17,97,1,1,0,0.0,0.5141,0,1
4018,2017-01-28,-139.98,167.73,1.0,-2.0,-1.63,-11,7,1,1,0,0.0,0.5076,1,1
4018,2017-01-28,139.98,167.73,-1.0,2.0,1.63,11,-7,1,1,0,-0.0,0.4924,0,1
4017,2017-01-28,64.55,249.13,3.0,1.0,-1.45,0,14,1,1,0,-0.0,0.49,0,0
4017,2017-01-28,-64.55,249.13,-3.0,-1.0,1.45,0,-14,1,1,0,0.0,0.51,1,0
4020,2017-01-28,-33.66,211.94,2.0,0.0,4.07,12,112,1,1,0,-0.0,0.4852,0,0
4038,2017-02-04,-78.59,238.15,4.0,5.0,0.51,0,-133,1,1,0,-0.0,0.5008,0,1
4038,2017-02-04,78.59,238.15,-4.0,-5.0,-0.51,0,133,1,1,0,0.0,0.4992,1,1
4036,2017-02-04,-58.16,245.23,-4.0,-3.0,-1.1,-6,281,0,1,0,0.0,0.4702,0,1
4036,2017-02-04,58.16,245.23,4.0,3.0,1.1,6,-281,1,0,0,-0.0,0.5298,1,1
4034,2017-02-04,124.34,224.27,-2.0,-2.0,-6.7,6,-343,1,1,0,-0.0,0.4976,1,1
4034,2017-02-04,-124.34,224.27,2.0,2.0,6.7,-6,343,1,1,0,0.0,0.5024,0,1
4031,2017-02-04,-6.46,208.96,-6.0,-7.0,3.43,3,6,1,1,0,-0.0,0.4873,0,1
4030,2017-02-04,-11.56,264.38,-1.0,-1.0,8.89,2,105,1,1,0,-0.0,0.5065,1,1
4030,2017-02-04,11.56,264.38,1.0,1.0,-8.89,-2,-105,1,1,0,0.0,0.4935,0,1
4029,2017-02-04,-58.23,209.23,6.0,1.0,-0.26,-8,1099,1,1,0,-0.0,0.4791,1,1
4029,2017-02-04,58.23,209.23,-6.0,-1.0,0.26,8,-1099,1,1,0,0.0,0.5209,0,1
4031,2017-02-04,6.46,208.96,6.0,7.0,-3.43,-3,-6,1,1,0,0.0,0.5127,1,1
4046,2017-02-11,-97.6,243.41,-6.0,-4.0,2.0,-1,27,1,1,0,0.0,0.5134,1,1
4050,2017-02-11,-124.88,210.22,2.0,-2.0,5.33,2,-281,1,1,0,-0.0,0.5925,0,0
4049,2017-02-11,-54.5,251.72,2.0,-3.0,5.19,5,-7,1,0,0,-0.0,0.5003,0,0
4049,2017-02-11,54.5,251.72,-2.0,3.0,-5.19,-5,7,0,1,0,0.0,0.4997,1,0
4048,2017-02-11,-87.13,209.59,2.0,2.0,-7.2,-14,-7,1,1,0,-0.0,0.442,1,0
4048,2017-02-11,87.13,209.59,-2.0,-2.0,7.2,14,7,1,1,0,0.0,0.558,0,0
4047,2017-02-11,-92.06,223.44,6.0,6.0,-4.75,-3,83,1,1,0,-0.0,0.4318,0,1
4047,2017-02-11,92.06,223.44,-6.0,-6.0,4.75,3,-83,1,1,0,0.0,0.5682,1,1
4046,2017-02-11,97.6,243.41,6.0,4.0,-2.0,1,-27,1,1,0,-0.0,0.4866,0,1
4050,2017-02-11,124.88,210.22,-2.0,2.0,-5.33,-2,281,1,1,0,0.0,0.4075,1,0
4045,2017-02-11,20.03,160.15,1.0,1.0,-5.39,-9,56,1,1,0,-0.0,0.4956,1,1
4044,2017-02-11,-144.36,216.62,1.0,-3.0,-4.38,-8,-105,1,1,0,0.0,0.4389,0,0
4044,2017-02-11,144.36,216.62,-1.0,3.0,4.38,8,105,1,1,0,-0.0,0.5611,1,0
4043,2017-02-11,-141.62,184.04,2.0,-1.0,-1.14,13,-182,1,1,0,0.0,0.4375,0,1
4043,2017-02-11,141.62,184.04,-2.0,1.0,1.14,-13,182,1,1,0,-0.0,0.5625,1,1
4042,2017-02-11,-77.31,180.38,-0.0,-1.0,-8.73,-11,-140,1,1,0,0.0,0.4939,0,1
4042,2017-02-11,77.31,180.38,0.0,1.0,8.73,11,140,1,1,0,-0.0,0.5061,1,1
4041,2017-02-11,0.39,233.63,2.0,1.0,-2.52,-1,76,0,0,1,-0.35,0.5376,1,0
4041,2017-02-11,-0.39,233.63,-2.0,-1.0,2.52,1,-76,0,0,1,0.35,0.4624,0,0
4045,2017-02-11,-20.03,160.15,-1.0,-1.0,5.39,9,-56,1,1,0,0.0,0.5044,0,1
4060,2017-02-19,-21.77,239.29,3.0,2.0,5.95,8,56,1,1,0,0.0,0.5,1,1
4060,2017-02-19,21.77,239.29,-3.0,-2.0,-5.95,-8,-56,1,1,0,-0.0,0.5,0,1
4058,2017-02-19,-99.47,238.86,-0.0,3.0,2.17,2,-119,1,1,0,0.0,0.4956,1,1
4058,2017-02-19,99.47,238.86,0.0,-3.0,-2.17,-2,119,1,1,0,-0.0,0.5044,0,1
4057,2017-02-19,-12.53,218.93,-1.0,-1.0,-5.3,2,-154,1,1,0,-0.0,0.5,1,1
4057,2017-02-19,12.53,218.93,1.0,1.0,5.3,-2,154,1,1,0,0.0,0.5,0,1
4054,2017-02-19,-27.75,214.81,-3.0,0.0,-3.29,-6,154,1,1,0,0.0,0.414,1,0
4052,2017-02-19,-130.98,185.85,2.0,-0.0,5.61,-11,209,1,0,0,-0.0,0.4999,0,1
4052,2017-02-19,130.98,185.85,-2.0,0.0,-5.61,11,-209,0,1,0,0.0,0.5001,1,1
4051,2017-02-19,-10.15,181.88,-0.0,3.0,2.56,5,90,1,1,0,0.0,0.5399,0,1
4051,2017-02-19,10.15,181.88,0.0,-3.0,-2.56,-5,-90,1,1,0,-0.0,0.4601,1,1
4054,2017-02-19,27.75,214.81,3.0,-0.0,3.29,6,-154,1,1,0,-0.0,0.586,0,0
4067,2017-03-04,41.86,256.23,-4.0,-1.0,-7.78,1,-105,1,1,0,-0.0,0.5053,0,1
4071,2017-03-04,21.63,280.29,-3.0,-0.0,3.81,0,-21,1,1,0,-0.0,0.5087,0,1
4071,2017-03-04,-21.63,280.29,3.0,0.0,-3.81,0,21,1,1,0,0.0,0.4913,1,1
4069,2017-03-04,-21.25,228.93,-4.0,-3.0,-5.36,-12,265,0,1,0,-0.0,0.5013,0,1
4069,2017-03-04,21.25,228.93,4.0,3.0,5.36,12,-265,1,0,0,0.0,0.4987,1,1
4068,2017-03-04,5.28,205.87,1.0,2.0,6.75,11,77,1,1,0,0.0,0.5012,1,1
4068,2017-03-04,-5.28,205.87,-1.0,-2.0,-6.75,-11,-77,1,1,0,-0.0,0.4988,0,1
4067,2017-03-04,-41.86,256.23,4.0,1.0,7.78,-1,105,1,1,0,0.0,0.4947,1,1
4062,2017-03-04,-36.99,199.58,-1.0,-3.0,0.85,-1,-42,1,1,1,-0.0694,0.5367,1,1
4066,2017-03-04,27.05,186.05,8.0,6.0,-6.15,-2,-175,1,1,0,0.0,0.5,1,1
4064,2017-03-04,-36.92,187.34,-5.0,-0.0,1.9,-14,-224,1,0,0,-0.0,0.5938,1,0
4064,2017-03-04,36.92,187.34,5.0,0.0,-1.9,14,224,0,1,0,0.0,0.4062,0,0
4063,2017-03-04,51.74,265.31,2.0,-0.0,2.87,0,126,1,1,0,-0.0,0.4586,1,0
4063,2017-03-04,-51.74,265.31,-2.0,0.0,-2.87,0,-126,1,1,0,0.0,0.5414,0,0
4062,2017-03-04,36.99,199.58,1.0,3.0,-0.85,1,42,1,1,1,0.0694,0.4633,0,1
4066,2017-03-04,-27.05,186.05,-8.0,-6.0,6.15,2,175,1,1,0,-0.0,0.5,0,1
4078,2017-03-11,-21.8,197.56,-1.0,3.0,4.0,5,42,1,1,0,0.0,0.4836,0,1
4082,2017-03-11,-136.96,190.99,5.0,4.0,1.29,8,-7,1,1,0,-0.0,0.4997,0,1
4082,2017-03-11,136.96,190.99,-5.0,-4.0,-1.29,-8,7,1,1,0,0.0,0.5003,1,1
4081,2017-03-11,-140.17,210.38,-2.0,-0.0,-2.52,-6,-42,1,1,0,-0.0,0.496,1,1
4079,2017-03-11,-33.07,186.15,7.0,-0.0,-14.03,-5,-56,1,1,0,-0.0,0.5078,1,0
4079,2017-03-11,33.07,186.15,-7.0,0.0,14.03,5,56,1,1,0,0.0,0.4922,0,0
4078,2017-03-11,21.8,197.56,1.0,-3.0,-4.0,-5,-42,1,1,0,-0.0,0.5164,1,1
4081,2017-03-11,140.17,210.38,2.0,0.0,2.52,6,42,1,1,0,0.0,0.504,0,1
4077,2017-03-11,31.89,224.06,-4.0,-1.0,-6.0,1,70,1,1,0,0.0,0.462,0,1
4076,2017-03-11,-21.58,211.16,-4.0,-1.0,-8.31,-2,-97,1,1,0,0.0,0.5015,1,1
4076,2017-03-11,21.58,211.16,4.0,1.0,8.31,2,97,1,1,0,-0.0,0.4985,0,1
4075,2017-03-11,16.46,179.59,-3.0,-1.0,-3.29,-6,-105,1,1,0,-0.0,0.5829,0,0
4077,2017-03-11,-31.89,224.06,4.0,1.0,6.0,-1,-70,1,1,0,-0.0,0.538,1,1
4075,2017-03-11,-16.46,179.59,3.0,1.0,3.29,6,105,1,1,0,0.0,0.4171,1,0
4074,2017-03-11,-51.49,182.12,-0.0,2.0,-3.73,-7,-209,1,1,0,0.0,0.5,0,1
4074,2017-03-11,51.49,182.12,0.0,-2.0,3.73,7,209,1,1,0,-0.0,0.5,1,1
4094,2017-03-18,-38.47,231.94,-1.0,2.0,1.1,1,-189,1,1,0,0.0,0.4625,0,0
4094,2017-03-18,38.47,231.94,1.0,-2.0,-1.1,-1,189,1,1,0,-0.0,0.5375,1,0
4092,2017-03-18,23.16,223.22,1.0,-3.0,-0.26,-1,-35,1,1,0,-0.0,0.4794,0,0
4092,2017-03-18,-23.16,223.22,-1.0,3.0,0.26,1,35,1,1,0,0.0,0.5206,1,0
4091,2017-03-18,-33.24,224.7,3.0,3.0,-2.53,-3,-42,1,1,0,0.0,0.5001,1,1
4091,2017-03-18,33.24,224.7,-3.0,-3.0,2.53,3,42,1,1,0,-0.0,0.4999,0,1
4089,2017-03-18,-39.69,232.0,-0.0,1.0,9.66,1,60,1,1,0,0.0,0.5601,0,1
4089,2017-03-18,39.69,232.0,0.0,-1.0,-9.66,-1,-60,1,1,0,-0.0,0.4399,1,1
4088,2017-03-18,41.59,256.27,2.0,2.0,5.2,1,0,1,1,0,-0.0,0.5152,0,1
4088,2017-03-18,-41.59,256.27,-2.0,-2.0,-5.2,-1,0,1,1,0,0.0,0.4848,1,1
4087,2017-03-18,31.0,208.87,2.0,2.0,-14.19,-9,21,0,0,0,0.0,0.4998,1,0
4087,2017-03-18,-31.0,208.87,-2.0,-2.0,14.19,9,-21,0,0,0,-0.0,0.5002,0,0
4086,2017-03-18,-15.53,202.92,1.0,1.0,6.67,0,-223,1,1,0,0.0,0.4705,0,0
4086,2017-03-18,15.53,202.92,-1.0,-1.0,-6.67,0,223,1,1,0,-0.0,0.5295,1,0
4085,2017-03-18,-14.4,206.16,-0.0,2.0,-9.59,1,-62,1,1,0,0.0,0.504,0,1
4085,2017-03-18,14.4,206.16,0.0,-2.0,9.59,-1,62,1,1,0,-0.0,0.496,1,1
4107,2017-04-08,-43.91,270.86,-0.0,-0.0,0.76,-1,-35,1,1,0,-0.0,0.5379,0,1
4107,2017-04-08,43.91,270.86,0.0,0.0,-0.76,1,35,1,1,0,0.0,0.4621,1,1
4105,2017-04-08,6.96,263.68,-1.0,4.0,0.77,2,-63,1,1,0,-0.0,0.4276,0,0
4105,2017-04-08,-6.96,263.68,1.0,-4.0,-0.77,-2,63,1,1,0,0.0,0.5724,1,0
4104,2017-04-08,-43.45,214.84,2.0,-0.0,-2.27,-3,-112,1,1,0,0.0,0.5553,0,1
4104,2017-04-08,43.45,214.84,-2.0,0.0,2.27,3,112,1,1,0,-0.0,0.4447,1,1
4103,2017-04-08,55.71,258.51,6.0,2.0,-4.57,-3,-327,1,1,0,0.0,0.4795,1,0
4102,2017-04-08,-15.35,227.46,-0.0,1.0,-3.8,2,168,1,1,0,-0.0,0.4807,0,0
4103,2017-04-08,-55.71,258.51,-6.0,-2.0,4.57,3,327,1,1,0,-0.0,0.5205,0,0
4101,2017-04-08,-174.46,214.59,-2.0,1.0,2.11,-2,-280,1,1,0,-0.0,0.4166,0,1
4096,2017-04-08,58.01,181.71,-6.0,-3.0,4.96,-10,42,1,1,1,0.5139,0.5953,1,1
4096,2017-04-08,-58.01,181.71,6.0,3.0,-4.96,10,-42,1,1,1,-0.5139,0.4047,0,1
4097,2017-04-08,85.03,186.42,2.0,0.0,1.12,0,7,1,1,0,-0.0,0.5148,0,1
4097,2017-04-08,-85.03,186.42,-2.0,-0.0,-1.12,0,-7,1,1,0,0.0,0.4852,1,1
4102,2017-04-08,15.35,227.46,0.0,-1.0,3.8,-2,-168,1,1,0,0.0,0.5193,1,0
4099,2017-04-08,-55.21,157.01,5.0,2.0,3.59,-1,147,1,1,0,0.0,0.463,0,1
4101,2017-04-08,174.46,214.59,2.0,-1.0,-2.11,2,280,1,1,0,0.0,0.5834,1,1
4099,2017-04-08,55.21,157.01,-5.0,-2.0,-3.59,1,-147,1,1,0,-0.0,0.537,1,1
4121,2017-04-15,-3.17,265.05,1.0,-0.0,-4.13,-2,-28,1,1,0,0.0,0.5913,1,1
4115,2017-04-15,-41.27,222.1,1.0,1.0,-1.78,1,154,1,1,0,-0.0,0.5394,0,1
4119,2017-04-15,101.76,249.97,-2.0,-3.0,0.3,-2,-6,1,1,0,0.0,0.4625,0,1
4119,2017-04-15,-101.76,249.97,2.0,3.0,-0.3,2,6,1,1,0,-0.0,0.5375,1,1
4118,2017-04-15,-7.86,251.69,3.0,3.0,1.46,2,188,0,1,0,-0.0,0.5398,0,1
4118,2017-04-15,7.86,251.69,-3.0,-3.0,-1.46,-2,-188,1,0,0,0.0,0.4602,1,1
4116,2017-04-15,-137.82,209.75,-2.0,-2.0,4.56,-1,27,1,1,0,0.0,0.5113,1,0
4116,2017-04-15,137.82,209.75,2.0,2.0,-4.56,1,-27,1,1,0,-0.0,0.4887,0,0
4115,2017-04-15,41.27,222.1,-1.0,-1.0,1.78,-1,-154,1,1,0,0.0,0.4606,1,1
4121,2017-04-15,3.17,265.05,-1.0,0.0,4.13,2,28,1,1,0,-0.0,0.4087,0,1
4113,2017-04-15,-2.2,220.33,-7.0,-7.0,12.34,17,56,1,1,0,-0.0,0.4599,0,1
4112,2017-04-15,43.28,206.77,1.0,2.0,-2.99,-22,182,1,1,0,-0.0,0.5928,1,1
4112,2017-04-15,-43.28,206.77,-1.0,-2.0,2.99,22,-182,1,1,0,0.0,0.4072,0,1
4111,2017-04-15,-56.03,200.69,1.0,-1.0,-11.04,1,77,1,1,0,0.0,0.4377,1,1
4111,2017-04-15,56.03,200.69,-1.0,1.0,11.04,-1,-77,1,1,0,-0.0,0.5623,0,1
4110,2017-04-15,37.32,245.84,-3.0,-2.0,6.48,-3,-140,1,1,0,-0.0,0.5011,0,1
4110,2017-04-15,-37.32,245.84,3.0,2.0,-6.48,3,140,1,1,0,0.0,0.4989,1,1
4109,2017-04-15,-177.81,189.03,-1.0,1.0,1.6,-7,-70,1,1,1,0.0833,0.5001,0,0
4109,2017-04-15,177.81,189.03,1.0,-1.0,-1.6,7,70,1,1,1,-0.0833,0.4999,1,0
4113,2017-04-15,2.2,220.33,7.0,7.0,-12.34,-17,-56,1,1,0,0.0,0.5401,1,1
4128,2017-04-22,-7.19,178.37,3.0,-1.0,4.66,7,70,1,1,0,0.0,0.5204,1,0
4129,2017-04-22,-66.06,230.36,-5.0,-2.0,4.95,7,-7,1,1,0,0.0,0.4134,0,1
4129,2017-04-22,66.06,230.36,5.0,2.0,-4.95,-7,7,1,1,0,-0.0,0.5866,1,1
4127,2017-04-22,-18.64,204.72,-0.0,1.0,-6.47,-15,-14,1,1,0,-0.0,0.5005,1,1
4131,2017-04-22,34.02,255.61,-7.0,-5.0,-6.74,-1,-175,1,1,0,0.0,0.4619,1,1
4133,2017-04-22,50.1,219.31,0.0,2.0,-3.73,-2,-371,1,0,0,0.0,0.5048,1,0
4133,2017-04-22,-50.1,219.31,-0.0,-2.0,3.73,2,371,0,1,0,-0.0,0.4952,0,0
4131,2017-04-22,-34.02,255.61,7.0,5.0,6.74,1,175,1,1,0,-0.0,0.5381,0,1
4127,2017-04-22,18.64,204.72,0.0,-1.0,6.47,15,14,1,1,0,0.0,0.4995,0,1
4128,2017-04-22,7.19,178.37,-3.0,1.0,-4.66,-7,-70,1,1,0,-0.0,0.4796,0,0
4126,2017-04-22,-11.21,189.16,1.0,0.0,5.84,18,-57,1,1,0,-0.0,0.5049,0,0
4122,2017-04-22,-179.43,209.98,-5.0,1.0,-2.77,-8,21,1,1,0,0.0,0.5001,0,0
4123,2017-04-22,34.96,172.9,-2.0,0.0,-5.33,-16,581,1,1,0,-0.0,0.4999,1,0
4123,2017-04-22,-34.96,172.9,2.0,-0.0,5.33,16,-581,1,1,0,0.0,0.5001,0,0
4124,2017-04-22,16.33,201.67,5.0,2.0,2.21,6,-7,1,1,0,0.0,0.5087,1,0
4122,2017-04-22,179.43,209.98,5.0,-1.0,2.77,8,-21,1,1,0,-0.0,0.4999,1,0
4126,2017-04-22,11.21,189.16,-1.0,-0.0,-5.84,-18,57,1,1,0,0.0,0.4951,1,0
4125,2017-04-22,77.31,193.37,-3.0,-4.0,-0.25,0,77,1,1,0,0.0,0.5,1,1
4125,2017-04-22,-77.31,193.37,3.0,4.0,0.25,0,-77,1,1,0,-0.0,0.5,0,1
4124,2017-04-22,-16.33,201.67,-5.0,-2.0,-2.21,-6,7,1,1,0,-0.0,0.4913,0,0
4141,2017-05-13,44.87,219.76,1.0,1.0,7.18,4,-7,1,1,0,-0.0,0.4603,0,1
4145,2017-05-13,-87.28,250.24,-1.0,-1.0,-0.87,-2,-49,1,1,0,0.0,0.4613,1,0
4145,2017-05-13,87.28,250.24,1.0,1.0,0.87,2,49,1,1,0,-0.0,0.5387,0,0
4144,2017-05-13,10.23,253.09,4.0,4.0,-4.99,4,-476,1,1,0,-0.0,0.5578,1,1
4144,2017-05-13,-10.23,253.09,-4.0,-4.0,4.99,-4,476,1,1,0,0.0,0.4422,0,1
4143,2017-05-13,-72.35,231.32,-5.0,-4.0,2.29,-4,91,1,1,0,-0.0,0.4338,0,1
4143,2017-05-13,72.35,231.32,5.0,4.0,-2.29,4,-91,1,1,0,0.0,0.5662,1,1
4141,2017-05-13,-44.87,219.76,-1.0,-1.0,-7.18,-4,7,1,1,0,0.0,0.5397,1,1
4139,2017-05-13,-133.88,223.21,1.0,-0.0,7.9,-3,2088,1,1,0,-0.0,0.5,1,0
4138,2017-05-13,-18.25,189.83,3.0,5.0,-10.97,-16,-64,1,1,0,-0.0,0.4811,0,1
4138,2017-05-13,18.25,189.83,-3.0,-5.0,10.97,16,64,1,1,0,0.0,0.5189,1,1
4137,2017-05-13,-48.64,164.22,2.0,-2.0,-7.02,-11,-154,1,1,0,0.0,0.4818,0,0
4137,2017-05-13,48.64,164.22,-2.0,2.0,7.02,11,154,1,1,0,-0.0,0.5182,1,0
4136,2017-05-13,-160.11,203.25,-3.0,-5.0,-4.1,3,-84,1,1,1,-0.3143,0.543,0,1
4136,2017-05-13,160.11,203.25,3.0,5.0,4.1,-3,84,1,1,1,0.3143,0.457,1,1
4135,2017-05-13,-29.81,175.85,-3.0,-0.0,-1.45,3,153,1,1,1,-0.0,0.5,0,1
4135,2017-05-13,29.81,175.85,3.0,0.0,1.45,-3,-153,1,1,1,0.0,0.5,1,1
4139,2017-05-13,133.88,223.21,-1.0,0.0,-7.9,3,-2088,1,1,0,0.0,0.5,0,0
4153,2017-05-28,-25.39,238.64,5.0,-1.0,-3.46,-3,42,1,1,0,-0.0,0.5191,0,1
4156,2017-05-28,43.06,238.66,-1.0,0.0,2.7,3,693,1,1,0,-0.0,0.5897,0,0
4155,2017-05-28,80.51,240.71,-4.0,-3.0,-10.63,-4,253,1,1,0,-0.0,0.4096,1,0
4155,2017-05-28,-80.51,240.71,4.0,3.0,10.63,4,-253,1,1,0,0.0,0.5904,0,0
4156,2017-05-28,-43.06,238.66,1.0,-0.0,-2.7,-3,-693,1,1,0,0.0,0.4103,1,0
4154,2017-05-28,-2.35,183.58,0.0,1.0,5.87,-10,-13,1,1,0,0.0,0.4423,1,1
4153,2017-05-28,25.39,238.64,-5.0,1.0,3.46,3,-42,1,1,0,0.0,0.4809,1,1
4154,2017-05-28,2.35,183.58,-0.0,-1.0,-5.87,10,13,1,1,0,-0.0,0.5577,0,1
4150,2017-05-28,2.66,245.28,0.0,-2.0,2.17,-6,7,1,1,0,-0.0,0.4047,0,1
4149,2017-05-28,113.37,196.92,2.0,2.0,3.75,5,-134,1,1,0,-0.0,0.5047,0,0
4149,2017-05-28,-113.37,196.92,-2.0,-2.0,-3.75,-5,134,1,1,0,0.0,0.4953,1,0
4148,2017-05-28,89.2,258.93,2.0,1.0,2.56,3,56,1,1,0,-0.0,0.4712,0,1
4148,2017-05-28,-89.2,258.93,-2.0,-1.0,-2.56,-3,-56,1,1,0,0.0,0.5288,1,1
4147,2017-05-28,50.16,179.35,-3.0,-3.0,7.22,-1,-161,1,1,0,-0.0,0.5306,0,1
4147,2017-05-28,-50.16,179.35,3.0,3.0,-7.22,1,161,1,1,0,0.0,0.4694,1,1
4150,2017-05-28,-2.66,245.28,-0.0,2.0,-2.17,6,-7,1,1,0,0.0,0.5953,1,1
4166,2017-06-03,22.69,244.8,2.0,0.0,8.47,3,21,1,1,0,-0.0,0.5,0,0
4165,2017-06-03,-13.71,233.67,-6.0,-1.0,3.46,-3,-29,1,1,0,-0.0,0.4602,0,1
4165,2017-06-03,13.71,233.67,6.0,1.0,-3.46,3,29,1,1,0,0.0,0.5398,1,1
4163,2017-06-03,-10.28,192.41,1.0,-2.0,-3.21,-4,14,1,1,0,0.0,0.4385,1,1
4163,2017-06-03,10.28,192.41,-1.0,2.0,3.21,4,-14,1,1,0,-0.0,0.5615,0,1
4162,2017-06-03,-77.12,263.23,6.0,-2.0,3.71,2,329,1,1,0,0.0,0.5,0,0
4166,2017-06-03,-22.69,244.8,-2.0,-0.0,-8.47,-3,-21,1,1,0,0.0,0.5,1,0
4161,2017-06-03,-52.7,151.47,-0.0,-0.0,-2.05,0,-112,1,1,0,0.0,0.5608,0,0
4161,2017-06-03,52.7,151.47,0.0,0.0,2.05,0,112,1,1,0,-0.0,0.4392,1,0
4160,2017-06-03,53.67,232.91,1.0,-1.0,3.15,-1,7,1,1,0,-0.0,0.4812,0,1
4160,2017-06-03,-53.67,232.91,-1.0,1.0,-3.15,1,-7,1,1,0,0.0,0.5188,1,1
4159,2017-06-03,-74.77,182.48,-1.0,4.0,-5.23,7,-154,1,1,1,-0.2292,0.5388,1,1
4159,2017-06-03,74.77,182.48,1.0,-4.0,5.23,-7,154,1,1,1,0.2292,0.4612,0,1
4162,2017-06-03,77.12,263.23,-6.0,2.0,-3.71,-2,-329,1,1,0,-0.0,0.5,1,0
4180,2017-06-10,-74.59,248.92,1.0,1.0,-5.64,-2,-644,1,1,0,0.0,0.4091,1,1
4180,2017-06-10,74.59,248.92,-1.0,-1.0,5.64,2,644,1,1,0,-0.0,0.5909,0,1
4177,2017-06-10,-2.96,248.51,4.0,-0.0,2.09,0,917,1,1,0,-0.0,0.5001,1,1
4177,2017-06-10,2.96,248.51,-4.0,0.0,-2.09,0,-917,1,1,0,0.0,0.4999,0,1
4176,2017-06-10,-74.08,258.78,-4.0,1.0,7.4,2,-21,1,0,0,0.0,0.5001,0,1
4176,2017-06-10,74.08,258.78,4.0,-1.0,-7.4,-2,21,0,1,0,-0.0,0.4999,1,1
4175,2017-06-10,101.73,222.62,-1.0,-2.0,-1.61,-4,140,1,1,0,-0.0,0.432,1,0
4175,2017-06-10,-101.73,222.62,1.0,2.0,1.61,4,-140,1,1,0,0.0,0.568,0,0
4174,2017-06-10,34.25,244.58,1.0,2.0,4.28,1,-56,1,1,0,-0.0,0.4919,0,0
4173,2017-06-10,35.58,185.29,-6.0,-4.0,5.38,16,7,1,0,0,0.0,0.4622,0,0
4173,2017-06-10,-35.58,185.29,6.0,4.0,-5.38,-16,-7,0,1,0,-0.0,0.5378,1,0
4172,2017-06-10,25.35,200.57,-7.0,-1.0,6.18,-3,-21,1,1,0,0.0,0.5578,0,1
4172,2017-06-10,-25.35,200.57,7.0,1.0,-6.18,3,21,1,1,0,-0.0,0.4422,1,1
4171,2017-06-10,-96.85,181.49,-7.0,-5.0,10.88,2,-13,1,1,0,0.0,0.5001,1,1
4171,2017-06-10,96.85,181.49,7.0,5.0,-10.88,-2,13,1,1,0,-0.0,0.4999,0,1
4174,2017-06-10,-34.25,244.58,-1.0,-2.0,-4.28,-1,56,1,1,0,0.0,0.5081,1,0
4186,2017-06-17,17.24,198.94,-3.0,-4.0,5.93,4,140,1,1,0,-0.0,0.429,0,0
4189,2017-06-17,-50.2,218.99,5.0,3.0,2.57,-2,-84,1,1,0,-0.0,0.4971,1,1
4187,2017-06-17,-53.75,242.3,3.0,5.0,2.54,4,0,1,1,0,0.0,0.4276,1,0
4187,2017-06-17,53.75,242.3,-3.0,-5.0,-2.54,-4,0,1,1,0,-0.0,0.5724,0,0
4186,2017-06-17,-17.24,198.94,3.0,4.0,-5.93,-4,-140,1,1,0,0.0,0.571,1,0
4185,2017-06-17,161.83,191.08,-0.0,-2.0,1.86,16,55,0,1,0,-0.0,0.5956,1,0
4189,2017-06-17,50.2,218.99,-5.0,-3.0,-2.57,2,84,1,1,0,0.0,0.5029,0,1
4184,2017-06-17,-24.63,191.21,-4.0,-3.0,-6.26,-10,13,1,1,0,-0.0,0.5014,1,0
4184,2017-06-17,24.63,191.21,4.0,3.0,6.26,10,-13,1,1,0,0.0,0.4986,0,0
4183,2017-06-17,-80.43,200.79,1.0,-0.0,-6.76,-19,-35,1,1,0,0.0,0.5075,1,1
4183,2017-06-17,80.43,200.79,-1.0,0.0,6.76,19,35,1,1,0,-0.0,0.4925,0,1
4182,2017-06-17,-4.59,215.68,-5.0,-3.0,-1.68,1,-28,1,1,0,0.0,0.4998,0,0
4182,2017-06-17,4.59,215.68,5.0,3.0,1.68,-1,28,1,1,0,-0.0,0.5002,1,0
4185,2017-06-17,-161.83,191.08,0.0,2.0,-1.86,-16,-55,1,0,0,0.0,0.4044,0,0
4205,2017-06-25,103.85,223.61,-1.0,-2.0,0.45,-1,302,1,1,0,0.0,0.502,0,1
4205,2017-06-25,-103.85,223.61,1.0,2.0,-0.45,1,-302,1,1,0,-0.0,0.498,1,1
4202,2017-06-25,-70.31,238.09,-4.0,-6.0,3.91,0,-197,1,1,0,-0.0,0.5167,1,1
4201,2017-06-25,-51.53,244.99,-3.0,-1.0,-14.53,-3,-215,1,1,0,0.0,0.5664,1,0
4201,2017-06-25,51.53,244.99,3.0,1.0,14.53,3,215,1,1,0,-0.0,0.4336,0,0
4200,2017-06-25,-16.76,180.99,1.0,3.0,-6.82,-16,6,1,1,0,-0.0,0.4782,0,0
4200,2017-06-25,16.76,180.99,-1.0,-3.0,6.82,16,-6,1,1,0,0.0,0.5218,1,0
4199,2017-06-25,4.34,154.97,-0.0,-3.0,-0.08,-4,575,1,1,0,0.0,0.5136,1,1
4202,2017-06-25,70.31,238.09,4.0,6.0,-3.91,0,197,1,1,0,0.0,0.4833,0,1
4198,2017-06-25,15.15,197.36,-3.0,-5.0,-3.39,-7,71,1,1,0,0.0,0.5022,0,1
4198,2017-06-25,-15.15,197.36,3.0,5.0,3.39,7,-71,1,1,0,-0.0,0.4978,1,1
4196,2017-06-25,4.95,250.91,-1.0,1.0,-3.57,-2,57,1,1,0,0.0,0.4189,0,1
4196,2017-06-25,-4.95,250.91,1.0,-1.0,3.57,2,-57,1,1,0,-0.0,0.5811,1,1
4195,2017-06-25,108.69,157.27,-5.0,-3.0,-2.62,-2,-8,1,1,0,0.0,0.5002,0,0
4195,2017-06-25,-108.69,157.27,5.0,3.0,2.62,2,8,1,1,0,-0.0,0.4998,1,0
4194,2017-06-25,6.74,193.8,2.0,-4.0,-4.74,1,-329,1,1,0,0.0,0.5568,1,0
4194,2017-06-25,-6.74,193.8,-2.0,4.0,4.74,-1,329,1,1,0,-0.0,0.4432,0,0
4199,2017-06-25,-4.34,154.97,0.0,3.0,0.08,4,-575,1,1,0,-0.0,0.4864,0,1
4217,2017-07-07,-52.32,201.16,-1.0,-2.0,-12.21,-15,14,1,1,0,-0.0,0.4995,0,0
4217,2017-07-07,52.32,201.16,1.0,2.0,12.21,15,-14,1,1,0,0.0,0.5005,1,0
4216,2017-07-07,-72.99,228.66,5.0,4.0,7.42,0,57,1,1,0,-0.0,0.4603,0,1
4216,2017-07-07,72.99,228.66,-5.0,-4.0,-7.42,0,-57,1,1,0,0.0,0.5397,1,1
4215,2017-07-07,-23.34,163.96,-1.0,1.0,-2.85,-2,224,0,1,0,0.0,0.5016,1,1
4215,2017-07-07,23.34,163.96,1.0,-1.0,2.85,2,-224,1,0,0,-0.0,0.4984,0,1
4213,2017-07-07,21.86,259.25,5.0,4.0,-2.77,-3,57,1,1,0,0.0,0.4507,0,0
4211,2017-07-07,2.31,201.95,1.0,-0.0,-0.44,-8,-162,1,1,0,0.0,0.4999,0,1
4211,2017-07-07,-2.31,201.95,-1.0,0.0,0.44,8,162,1,1,0,-0.0,0.5001,1,1
4209,2017-07-07,-61.97,265.02,-3.0,-1.0,5.02,-2,62,1,1,0,0.0,0.4986,1,1
4209,2017-07-07,61.97,265.02,3.0,1.0,-5.02,2,-62,1,1,0,-0.0,0.5014,0,1
4213,2017-07-07,-21.86,259.25,-5.0,-4.0,2.77,3,-57,1,1,0,-0.0,0.5493,1,0
4222,2017-07-08,-45.9,242.81,-3.0,-1.0,2.01,-1,28,1,1,0,0.0,0.4953,0,1
4226,2017-07-08,-7.95,226.88,-1.0,-1.0,1.25,-2,-63,1,1,0,0.0,0.5959,1,1
4226,2017-07-08,7.95,226.88,1.0,1.0,-1.25,2,63,1,1,0,-0.0,0.4041,0,1
4225,2017-07-08,18.83,228.19,1.0,-1.0,-3.95,-8,0,1,1,0,-0.0,0.5036,0,0
4225,2017-07-08,-18.83,228.19,-1.0,1.0,3.95,8,0,1,1,0,0.0,0.4964,1,0
4223,2017-07-08,-42.68,203.48,1.0,-4.0,5.07,-12,35,1,1,0,-0.0,0.4578,1,1
4223,2017-07-08,42.68,203.48,-1.0,4.0,-5.07,12,-35,1,1,0,0.0,0.5422,0,1
4222,2017-07-08,45.9,242.81,3.0,1.0,-2.01,1,-28,1,1,0,-0.0,0.5047,1,1
4221,2017-07-08,-41.54,167.91,1.0,2.0,-3.41,-15,63,1,1,0,-0.0,0.5025,1,0
4220,2017-07-08,-14.81,233.72,6.0,4.0,-8.47,-6,168,1,1,0,-0.0,0.5,1,0
4220,2017-07-08,14.81,233.72,-6.0,-4.0,8.47,6,-168,1,1,0,0.0,0.5,0,0
4219,2017-07-08,-68.67,183.74,3.0,-0.0,-2.8,-1,-175,1,1,0,-0.0,0.4369,1,1
4219,2017-07-08,68.67,183.74,-3.0,0.0,2.8,1,175,1,1,0,0.0,0.5631,0,1
4218,2017-07-08,-90.55,196.36,-0.0,-0.0,-13.64,2,-154,1,1,1,0.15,0.5002,1,0
4218,2017-07-08,90.55,196.36,0.0,0.0,13.64,-2,154,1,1,1,-0.15,0.4998,0,0
4221,2017-07-08,41.54,167.91,-1.0,-2.0,3.41,15,-63,1,1,0,0.0,0.4975,0,0
4239,2017-07-16,-36.29,264.88,1.0,2.0,0.74,1,-105,1,1,0,-0.0,0.4047,0,1
4239,2017-07-16,36.29,264.88,-1.0,-2.0,-0.74,-1,105,1,1,0,0.0,0.5953,1,1
4236,2017-07-16,-33.46,248.94,-3.0,-1.0,10.63,5,265,1,1,0,-0.0,0.4863,0,1
4236,2017-07-16,33.46,248.94,3.0,1.0,-10.63,-5,-265,1,1,0,0.0,0.5137,1,1
4233,2017-07-16,68.51,257.16,-0.0,2.0,2.25,-1,-28,1,1,0,-0.0,0.5773,0,0
4233,2017-07-16,-68.51,257.16,0.0,-2.0,-2.25,1,28,1,1,0,0.0,0.4227,1,0
4231,2017-07-16,46.29,209.19,0.0,-1.0,-5.91,-2,-62,1,1,0,0.0,0.4326,0,0
4230,2017-07-16,42.54,245.42,-1.0,-2.0,-1.55,-3,-210,1,1,0,-0.0,0.5215,1,1
4230,2017-07-16,-42.54,245.42,1.0,2.0,1.55,3,210,1,1,0,0.0,0.4785,0,1
4229,2017-07-16,-28.66,199.78,1.0,1.0,1.84,-1,27,1,1,0,0.0,0.4706,1,0
4229,2017-07-16,28.66,199.78,-1.0,-1.0,-1.84,1,-27,1,1,0,-0.0,0.5294,0,0
4231,2017-07-16,-46.29,209.19,-0.0,1.0,5.91,2,62,1,1,0,-0.0,0.5674,1,0
4245,2017-07-22,-8.6,263.83,-1.0,-1.0,-1.54,2,-444,1,1,0,0.0,0.5512,1,1
4252,2017-07-22,-60.07,230.37,-2.0,-4.0,3.71,7,196,1,1,0,-0.0,0.4734,0,1
4252,2017-07-22,60.07,230.37,2.0,4.0,-3.71,-7,-196,1,1,0,0.0,0.5266,1,1
4250,2017-07-22,-37.01,253.32,4.0,2.0,-6.29,4,77,1,1,0,0.0,0.5052,1,1
4250,2017-07-22,37.01,253.32,-4.0,-2.0,6.29,-4,-77,1,1,0,-0.0,0.4948,0,1
4247,2017-07-22,-33.85,206.92,2.0,-2.0,-4.39,1,-28,1,1,0,-0.0,0.5903,1,0
4247,2017-07-22,33.85,206.92,-2.0,2.0,4.39,-1,28,1,1,0,0.0,0.4097,0,0
4245,2017-07-22,8.6,263.83,1.0,1.0,1.54,-2,444,1,1,0,-0.0,0.4488,0,1
4241,2017-07-22,-31.68,186.33,-7.0,-5.0,-7.35,-2,119,1,1,0,0.0,0.4934,0,0
4244,2017-07-22,38.35,227.0,-2.0,-3.0,2.09,-2,70,1,1,0,0.0,0.5002,1,0
4243,2017-07-22,-44.22,194.22,-0.0,1.0,-4.75,1,28,1,1,0,0.0,0.5,0,1
4243,2017-07-22,44.22,194.22,0.0,-1.0,4.75,-1,-28,1,1,0,-0.0,0.5,1,1
4242,2017-07-22,37.84,173.69,5.0,4.0,2.58,3,-28,1,1,0,0.0,0.5003,1,1
4242,2017-07-22,-37.84,173.69,-5.0,-4.0,-2.58,-3,28,1,1,0,-0.0,0.4997,0,1
4241,2017-07-22,31.68,186.33,7.0,5.0,7.35,2,-119,1,1,0,-0.0,0.5066,1,0
4244,2017-07-22,-38.35,227.0,2.0,3.0,-2.09,2,-70,1,1,0,-0.0,0.4998,0,0
4260,2017-07-29,44.32,197.99,-1.0,-1.0,2.5,5,203,0,0,0,-0.0,0.4988,0,1
4261,2017-07-29,14.11,246.73,-3.0,-3.0,-1.75,1,315,1,1,0,-0.0,0.48,1,0
4260,2017-07-29,-44.32,197.99,1.0,1.0,-2.5,-5,-203,0,0,0,0.0,0.5012,1,1
4265,2017-07-29,27.45,190.05,-2.0,-2.0,-8.53,-9,91,1,1,0,-0.0,0.4784,1,0
4265,2017-07-29,-27.45,190.05,2.0,2.0,8.53,9,-91,1,1,0,0.0,0.5216,0,0
4261,2017-07-29,-14.11,246.73,3.0,3.0,1.75,-1,-315,1,1,0,0.0,0.52,0,0
4259,2017-07-29,-47.18,205.41,-0.0,2.0,-10.15,-6,-189,1,1,0,0.0,0.4952,0,1
4255,2017-07-29,10.14,169.66,-2.0,4.0,4.42,16,-70,1,1,1,0.1156,0.5223,0,0
4258,2017-07-29,-31.81,232.09,-4.0,1.0,-9.59,-6,-71,1,1,0,0.0,0.5377,1,1
4258,2017-07-29,31.81,232.09,4.0,-1.0,9.59,6,71,1,1,0,-0.0,0.4623,0,1
4257,2017-07-29,63.3,158.81,-1.0,2.0,-1.02,7,-182,1,1,0,-0.0,0.5338,0,0
4257,2017-07-29,-63.3,158.81,1.0,-2.0,1.02,-7,182,1,1,0,0.0,0.4662,1,0
4255,2017-07-29,-10.14,169.66,2.0,-4.0,-4.42,-16,70,1,1,1,-0.1156,0.4777,1,0
4259,2017-07-29,47.18,205.41,0.0,-2.0,10.15,6,189,1,1,0,-0.0,0.5048,1,1
4274,2017-08-05,-114.64,217.11,2.0,2.0,3.89,-9,126,1,1,0,-0.0,0.479,0,1
4272,2017-08-05,12.22,236.88,1.0,-0.0,1.04,-2,-71,1,1,0,-0.0,0.5314,1,1
4272,2017-08-05,-12.22,236.88,-1.0,0.0,-1.04,2,71,1,1,0,0.0,0.4686,0,1
4271,2017-08-05,-82.54,263.72,3.0,3.0,0.86,-2,-328,1,1,0,0.0,0.4526,0,1
4271,2017-08-05,82.54,263.72,-3.0,-3.0,-0.86,2,328,1,1,0,-0.0,0.5474,1,1
4270,2017-08-05,54.97,170.5,-0.0,-2.0,6.61,10,49,1,1,0,0.0,0.4614,0,0
4274,2017-08-05,114.64,217.11,-2.0,-2.0,-3.89,9,-126,1,1,0,0.0,0.521,1,1
4268,2017-08-05,-50.87,237.9,3.0,-0.0,-7.84,-8,78,1,1,0,-0.0,0.538,1,0
4268,2017-08-05,50.87,237.9,-3.0,0.0,7.84,8,-78,1,1,0,0.0,0.462,0,0
4267,2017-08-05,1.89,241.19,3.0,1.0,-8.0,-4,15,1,1,0,0.0,0.4923,1,1
4267,2017-08-05,-1.89,241.19,-3.0,-1.0,8.0,4,-15,1,1,0,-0.0,0.5077,0,1
4266,2017-08-05,35.2,226.18,1.0,1.0,-0.3,-5,-97,1,1,0,-0.0,0.5866,0,1
4266,2017-08-05,-35.2,226.18,-1.0,-1.0,0.3,5,97,1,1,0,0.0,0.4134,1,1
4270,2017-08-05,-54.97,170.5,0.0,2.0,-6.61,-10,-49,1,1,0,-0.0,0.5386,1,0
4289,2017-09-02,142.22,243.76,-2.0,1.0,1.06,1,-224,1,1,0,0.0,0.5001,0,0
4289,2017-09-02,-142.22,243.76,2.0,-1.0,-1.06,-1,224,1,1,0,-0.0,0.4999,1,0
4285,2017-09-02,-112.04,239.46,-0.0,2.0,-2.93,-8,-119,1,1,0,0.0,0.4986,0,0
4282,2017-09-02,-39.05,243.89,2.0,-0.0,4.02,1,0,1,1,0,0.0,0.5003,0,1
4285,2017-09-02,112.04,239.46,0.0,-2.0,2.93,8,119,1,1,0,-0.0,0.5014,1,0
4281,2017-09-02,-2.66,214.46,-2.0,-2.0,2.31,-1,-35,1,1,0,-0.0,0.481,0,1
4281,2017-09-02,2.66,214.46,2.0,2.0,-2.31,1,35,1,1,0,0.0,0.519,1,1
4278,2017-09-02,21.54,211.84,4.0,4.0,0.68,16,189,1,1,0,-0.0,0.4785,0,1
4278,2017-09-02,-21.54,211.84,-4.0,-4.0,-0.68,-16,-189,1,1,0,0.0,0.5215,1,1
4282,2017-09-02,39.05,243.89,-2.0,0.0,-4.02,-1,0,1,1,0,-0.0,0.4997,1,1
4295,2017-09-09,23.68,233.84,2.0,2.0,-10.92,-6,-55,1,1,0,0.0,0.4988,1,1
4300,2017-09-09,-73.32,234.51,3.0,1.0,-1.35,-3,378,1,1,0,0.0,0.474,1,0
4298,2017-09-09,-6.11,223.32,-2.0,2.0,-2.91,-1,-192,1,1,0,0.0,0.4298,1,0
4298,2017-09-09,6.11,223.32,2.0,-2.0,2.91,1,192,1,1,0,-0.0,0.5702,0,0
4297,2017-09-09,-47.94,270.02,4.0,6.0,-2.82,1,8,1,1,0,-0.0,0.4041,1,1
4297,2017-09-09,47.94,270.02,-4.0,-6.0,2.82,-1,-8,1,1,0,0.0,0.5959,0,1
4296,2017-09-09,4.84,250.38,-0.0,1.0,0.81,2,-640,1,1,0,-0.0,0.4263,0,1
4296,2017-09-09,-4.84,250.38,0.0,-1.0,-0.81,-2,640,1,1,0,0.0,0.5737,1,1
4300,2017-09-09,73.32,234.51,-3.0,-1.0,1.35,3,-378,1,1,0,-0.0,0.526,0,0
4295,2017-09-09,-23.68,233.84,-2.0,-2.0,10.92,6,55,1,1,0,-0.0,0.5012,0,1
4293,2017-09-09,17.78,233.53,6.0,5.0,-9.14,-6,-182,1,1,0,-0.0,0.5017,0,1
4294,2017-09-09,99.49,192.15,-2.0,0.0,-4.12,20,-266,1,0,0,-0.0,0.4999,1,1
4293,2017-09-09,-17.78,233.53,-6.0,-5.0,9.14,6,182,1,1,0,0.0,0.4983,1,1
4292,2017-09-09,-11.29,207.19,1.0,-0.0,2.09,3,-133,1,1,0,-0.0,0.5961,0,0
4292,2017-09-09,11.29,207.19,-1.0,0.0,-2.09,-3,133,1,1,0,0.0,0.4039,1,0
4291,2017-09-09,8.94,161.06,-10.0,-7.0,2.77,6,-169,1,1,0,0.0,0.4998,1,0
4291,2017-09-09,-8.94,161.06,10.0,7.0,-2.77,-6,169,1,1,0,-0.0,0.5002,0,0
4290,2017-09-09,-85.23,220.71,-3.0,-3.0,0.23,-4,-29,1,1,1,0.625,0.5086,0,0
4290,2017-09-09,85.23,220.71,3.0,3.0,-0.23,4,29,1,1,1,-0.625,0.4914,1,0
4294,2017-09-09,-99.49,192.15,2.0,-0.0,4.12,-20,266,0,1,0,0.0,0.5001,0,1
4310,2017-09-16,21.17,223.49,-0.0,-1.0,-0.65,1,77,1,1,0,-0.0,0.5948,1,1
4310,2017-09-16,-21.17,223.49,0.0,1.0,0.65,-1,-77,1,1,0,0.0,0.4052,0,1
4309,2017-09-16,-101.01,195.58,2.0,-1.0,5.05,3,175,1,1,0,-0.0,0.4996,1,0
4307,2017-09-16,75.61,215.99,-3.0,-3.0,0.8,-1,197,1,1,0,-0.0,0.4976,1,0
4307,2017-09-16,-75.61,215.99,3.0,3.0,-0.8,1,-197,1,1,0,0.0,0.5024,0,0
4309,2017-09-16,101.01,195.58,-2.0,1.0,-5.05,-3,-175,1,1,0,0.0,0.5004,0,0
4305,2017-09-16,63.19,216.41,4.0,0.0,-4.8,-2,-28,1,1,0,0.0,0.502,1,0
4303,2017-09-16,25.78,215.83,5.0,7.0,-10.48,-3,-55,1,1,0,-0.0,0.5377,1,0
4303,2017-09-16,-25.78,215.83,-5.0,-7.0,10.48,3,55,1,1,0,0.0,0.4623,0,0
4301,2017-09-16,-109.74,218.67,1.0,-2.0,3.06,-2,-343,1,1,0,0.0,0.4152,0,0
4301,2017-09-16,109.74,218.67,-1.0,2.0,-3.06,2,343,1,1,0,-0.0,0.5848,1,0
4305,2017-09-16,-63.19,216.41,-4.0,-0.0,4.8,2,28,1,1,0,-0.0,0.498,0,0
4317,2017-09-22,142.22,237.48,-1.0,-0.0,-6.23,-5,-77,1,1,0,0.0,0.5283,0,0
4317,2017-09-22,-142.22,237.48,1.0,0.0,6.23,5,77,1,1,0,-0.0,0.4717,1,0
4316,2017-09-22,-56.18,207.37,4.0,5.0,-4.48,-3,-98,1,1,0,-0.0,0.4333,0,0
4316,2017-09-22,56.18,207.37,-4.0,-5.0,4.48,3,98,1,1,0,0.0,0.5667,1,0
4313,2017-09-22,-6.81,216.14,-0.0,4.0,-9.97,-9,196,1,1,0,0.0,0.5,1,0
4312,2017-09-22,-2.64,204.44,-1.0,-3.0,-2.8,5,21,1,1,0,-0.0,0.4822,1,1
4312,2017-09-22,2.64,204.44,1.0,3.0,2.8,-5,-21,1,1,0,0.0,0.5178,0,1
4311,2017-09-22,50.12,171.99,-5.0,-1.0,1.71,5,1326,0,1,0,0.0,0.4505,0,1
4311,2017-09-22,-50.12,171.99,5.0,1.0,-1.71,-5,-1326,1,0,0,-0.0,0.5495,1,1
4313,2017-09-22,6.81,216.14,0.0,-4.0,9.97,9,-196,1,1,0,-0.0,0.5,0,0
4329,2017-10-07,-131.28,247.05,1.0,0.0,-3.66,-3,42,1,1,0,-0.0,0.5097,1,1
4331,2017-10-07,-5.92,168.03,4.0,0.0,6.29,4,76,1,1,0,-0.0,0.5938,0,1
4331,2017-10-07,5.92,168.03,-4.0,-0.0,-6.29,-4,-76,1,1,0,0.0,0.4062,1,1
4323,2017-10-07,-223.2,195.22,-0.0,1.0,-5.86,-6,21,1,1,0,-0.0,0.4369,0,0
4329,2017-10-07,131.28,247.05,-1.0,-0.0,3.66,3,-42,1,1,0,0.0,0.4903,0,1
4322,2017-10-07,-201.7,191.3,-3.0,1.0,-6.98,-9,35,1,1,1,0.0893,0.5,0,1
4322,2017-10-07,201.7,191.3,3.0,-1.0,6.98,9,-35,1,1,1,-0.0893,0.5,1,1
4321,2017-10-07,-71.76,182.68,1.0,-2.0,-8.56,-2,-232,1,1,1,0.0699,0.5048,0,1
4321,2017-10-07,71.76,182.68,-1.0,2.0,8.56,2,232,1,1,1,-0.0699,0.4952,1,1
4323,2017-10-07,223.2,195.22,0.0,-1.0,5.86,6,-21,1,1,0,0.0,0.5631,1,0
4342,2017-10-21,36.69,221.03,-3.0,-2.0,2.93,-7,-154,0,1,0,0.0,0.4392,1,1
4342,2017-10-21,-36.69,221.03,3.0,2.0,-2.93,7,154,1,0,0,-0.0,0.5608,0,1
4339,2017-10-21,-27.46,216.97,-9.0,-2.0,3.87,-3,98,1,1,0,0.0,0.4999,0,0
4337,2017-10-21,17.57,249.44,-4.0,1.0,3.51,-2,-55,1,1,0,-0.0,0.4778,1,0
4339,2017-10-21,27.46,216.97,9.0,2.0,-3.87,3,-98,1,1,0,-0.0,0.5001,1,0
4334,2017-10-21,77.94,233.4,-3.0,-2.0,-7.13,-3,-7,1,1,0,-0.0,0.4449,0,1
4334,2017-10-21,-77.94,233.4,3.0,2.0,7.13,3,7,1,1,0,0.0,0.5551,1,1
4332,2017-10-21,-119.9,193.74,1.0,-1.0,-9.74,-22,-35,1,1,0,0.0,0.4663,1,0
4332,2017-10-21,119.9,193.74,-1.0,1.0,9.74,22,35,1,1,0,-0.0,0.5337,0,0
4337,2017-10-21,-17.57,249.44,4.0,-1.0,-3.51,2,55,1,1,0,0.0,0.5222,0,0
4348,2017-10-28,-109.42,198.47,3.0,5.0,-2.48,-7,-204,1,1,0,0.0,0.5004,0,0
4352,2017-10-28,-76.79,250.7,3.0,-0.0,1.03,-2,259,1,1,0,-0.0,0.4488,0,1
4352,2017-10-28,76.79,250.7,-3.0,0.0,-1.03,2,-259,1,1,0,0.0,0.5512,1,1
4351,2017-10-28,30.52,245.3,-1.0,1.0,-4.22,-6,-267,0,0,0,-0.0,0.4998,1,1
4351,2017-10-28,-30.52,245.3,1.0,-1.0,4.22,6,267,0,0,0,0.0,0.5002,0,1
4350,2017-10-28,-38.49,229.48,-6.0,-2.0,0.24,-4,-43,1,1,0,-0.0,0.4058,0,1
4350,2017-10-28,38.49,229.48,6.0,2.0,-0.24,4,43,1,1,0,0.0,0.5942,1,1
4349,2017-10-28,36.06,239.9,1.0,1.0,2.16,-4,-140,1,1,0,-0.0,0.5046,0,1
4349,2017-10-28,-36.06,239.9,-1.0,-1.0,-2.16,4,140,1,1,0,0.0,0.4954,1,1
4348,2017-10-28,109.42,198.47,-3.0,-5.0,2.48,7,204,1,1,0,-0.0,0.4996,1,0
4346,2017-10-28,-25.74,159.34,1.0,-1.0,-5.02,12,-119,1,1,0,-0.0,0.4917,0,1
4347,2017-10-28,13.73,211.67,-1.0,1.0,4.42,7,28,1,1,0,-0.0,0.4142,1,1
4346,2017-10-28,25.74,159.34,-1.0,1.0,5.02,-12,119,1,1,0,0.0,0.5083,1,1
4345,2017-10-28,25.6,222.72,6.0,2.0,-0.8,-2,-41,1,1,0,-0.0,0.503,0,1
4345,2017-10-28,-25.6,222.72,-6.0,-2.0,0.8,2,41,1,1,0,0.0,0.497,1,1
4344,2017-10-28,-9.34,175.6,-0.0,-2.0,-10.29,-18,42,1,1,0,-0.0,0.5012,1,0
4344,2017-10-28,9.34,175.6,0.0,2.0,10.29,18,-42,1,1,0,0.0,0.4988,0,0
4343,2017-10-28,-6.3,170.94,-3.0,-0.0,5.6,10,714,1,1,0,0.0,0.5424,0,1
4343,2017-10-28,6.3,170.94,3.0,0.0,-5.6,-10,-714,1,1,0,-0.0,0.4576,1,1
4347,2017-10-28,-13.73,211.67,1.0,-1.0,-4.42,-7,-28,1,1,0,0.0,0.5858,0,1
4362,2017-11-04,36.05,186.77,1.0,0.0,6.46,5,-188,1,1,0,-0.0,0.5468,1,0
4362,2017-11-04,-36.05,186.77,-1.0,-0.0,-6.46,-5,188,1,1,0,0.0,0.4532,0,0
4363,2017-11-04,-97.38,238.93,4.0,1.0,1.54,2,-56,1,1,0,0.0,0.5579,1,0
4363,2017-11-04,97.38,238.93,-4.0,-1.0,-1.54,-2,56,1,1,0,-0.0,0.4421,0,0
4365,2017-11-04,-1.3,279.04,4.0,1.0,-7.7,0,15,1,1,0,-0.0,0.5399,1,1
4364,2017-11-04,-80.73,238.06,-0.0,2.0,-13.66,-2,0,1,1,0,0.0,0.502,1,1
4365,2017-11-04,1.3,279.04,-4.0,-1.0,7.7,0,-15,1,1,0,0.0,0.4601,0,1
4360,2017-11-04,-91.78,215.27,-3.0,-5.0,-0.99,-3,56,1,1,0,0.0,0.4522,0,1
4364,2017-11-04,80.73,238.06,0.0,-2.0,13.66,2,0,1,1,0,-0.0,0.498,0,1
4360,2017-11-04,91.78,215.27,3.0,5.0,0.99,3,-56,1,1,0,-0.0,0.5478,1,1
4356,2017-11-04,-16.11,198.3,2.0,-2.0,5.41,7,0,1,1,1,0.1282,0.5506,1,1
4359,2017-11-04,80.52,210.15,-3.0,-4.0,7.61,18,-22,1,1,0,0.0,0.5001,0,0
4359,2017-11-04,-80.52,210.15,3.0,4.0,-7.61,-18,22,1,1,0,-0.0,0.4999,1,0
4355,2017-11-04,116.23,151.57,1.0,-2.0,-2.22,-6,1057,0,1,1,0.0529,0.5897,1,1
4356,2017-11-04,16.11,198.3,-2.0,2.0,-5.41,-7,0,1,1,1,-0.1282,0.4494,0,1
4355,2017-11-04,-116.23,151.57,-1.0,2.0,2.22,6,-1057,1,0,1,-0.0529,0.4103,0,1
4357,2017-11-04,-187.56,213.26,-0.0,-1.0,-4.87,-2,28,1,1,1,-0.4167,0.5823,1,1
4358,2017-11-04,39.5,179.7,1.0,1.0,1.75,-4,70,1,1,0,-0.0,0.4565,1,1
4358,2017-11-04,-39.5,179.7,-1.0,-1.0,-1.75,4,-70,1,1,0,0.0,0.5435,0,1
4357,2017-11-04,187.56,213.26,0.0,1.0,4.87,2,-28,1,1,1,0.4167,0.4177,0,1
4376,2017-11-11,84.07,196.62,1.0,2.0,-6.21,-5,-83,1,1,0,-0.0,0.4788,1,1
4371,2017-11-11,7.71,150.2,1.0,3.0,-2.45,0,64,1,1,0,-0.0,0.4402,0,1
4376,2017-11-11,-84.07,196.62,-1.0,-2.0,6.21,5,83,1,1,0,0.0,0.5212,0,1
4375,2017-11-11,-21.41,239.21,-0.0,2.0,-0.89,-2,173,1,1,0,-0.0,0.5045,1,1
4375,2017-11-11,21.41,239.21,0.0,-2.0,0.89,2,-173,1,1,0,0.0,0.4955,0,1
4372,2017-11-11,-167.36,234.95,1.0,3.0,-3.58,-10,-42,1,1,0,0.0,0.5251,1,1
4372,2017-11-11,167.36,234.95,-1.0,-3.0,3.58,10,42,1,1,0,-0.0,0.4749,0,1
4371,2017-11-11,-7.71,150.2,-1.0,-3.0,2.45,0,-64,1,1,0,0.0,0.5598,1,1
4370,2017-11-11,-136.95,219.01,3.0,2.0,-4.51,-8,0,1,1,0,-0.0,0.405,0,0
4369,2017-11-11,-28.26,168.48,-4.0,-1.0,5.83,13,-104,1,1,0,-0.0,0.4443,0,0
4369,2017-11-11,28.26,168.48,4.0,1.0,-5.83,-13,104,1,1,0,0.0,0.5557,1,0
4368,2017-11-11,47.06,215.21,3.0,-0.0,12.11,22,35,1,1,0,0.0,0.5602,1,1
4368,2017-11-11,-47.06,215.21,-3.0,0.0,-12.11,-22,-35,1,1,0,-0.0,0.4398,0,1
4367,2017-11-11,17.02,149.32,-3.0,-2.0,-0.97,3,-133,1,1,0,0.0,0.4625,0,0
4367,2017-11-11,-17.02,149.32,3.0,2.0,0.97,-3,133,1,1,0,-0.0,0.5375,1,0
4366,2017-11-11,-68.47,174.17,-0.0,1.0,1.98,-5,-147,1,1,0,0.0,0.5075,0,0
4366,2017-11-11,68.47,174.17,0.0,-1.0,-1.98,5,147,1,1,0,-0.0,0.4925,1,0
4370,2017-11-11,136.95,219.01,-3.0,-2.0,4.51,8,0,1,1,0,0.0,0.595,1,0
4383,2017-11-18,-47.98,209.34,5.0,1.0,-10.58,-2,-27,1,1,0,0.0,0.406,1,0
4388,2017-11-18,-49.0,257.54,5.0,-0.0,-4.39,-3,-7,0,1,0,0.0,0.5001,1,1
4383,2017-11-18,47.98,209.34,-5.0,-1.0,10.58,2,27,1,1,0,-0.0,0.594,0,0
4382,2017-11-18,-36.81,219.37,3.0,1.0,5.67,-3,-280,1,0,0,0.0,0.4098,0,0
4388,2017-11-18,49.0,257.54,-5.0,0.0,4.39,3,7,1,0,0,-0.0,0.4999,0,1
4381,2017-11-18,-42.31,200.67,-3.0,-3.0,-4.38,-9,-13,1,1,0,0.0,0.5207,1,1
4381,2017-11-18,42.31,200.67,3.0,3.0,4.38,9,13,1,1,0,-0.0,0.4793,0,1
4379,2017-11-18,-111.63,205.34,1.0,-1.0,-8.28,-10,112,1,1,0,0.0,0.5063,0,1
4382,2017-11-18,36.81,219.37,-3.0,-1.0,-5.67,3,280,0,1,0,-0.0,0.5902,1,0
4379,2017-11-18,111.63,205.34,-1.0,1.0,8.28,10,-112,1,1,0,-0.0,0.4937,1,1
4392,2017-11-25,3.06,165.06,4.0,4.0,12.65,17,-105,1,1,0,-0.0,0.4367,0,0
4392,2017-11-25,-3.06,165.06,-4.0,-4.0,-12.65,-17,105,1,1,0,0.0,0.5633,1,0
4393,2017-11-25,16.04,229.86,-1.0,1.0,-1.24,4,-7,1,1,0,-0.0,0.4999,1,1
4393,2017-11-25,-16.04,229.86,1.0,-1.0,1.24,-4,7,1,1,0,0.0,0.5001,0,1
4400,2017-11-25,-25.74,237.94,2.0,1.0,-8.21,0,-225,1,1,0,0.0,0.5,0,1
4400,2017-11-25,25.74,237.94,-2.0,-1.0,8.21,0,225,1,1,0,-0.0,0.5,1,1
4409,2017-12-01,73.04,243.07,6.0,1.0,-4.92,-4,-127,1,1,0,0.0,0.5047,1,1
4409,2017-12-01,-73.04,243.07,-6.0,-1.0,4.92,4,127,1,1,0,-0.0,0.4953,0,1
4407,2017-12-01,-28.45,242.35,-4.0,0.0,1.22,1,35,1,1,0,0.0,0.5163,0,0
4407,2017-12-01,28.45,242.35,4.0,-0.0,-1.22,-1,-35,1,1,0,-0.0,0.4837,1,0
4420,2017-12-02,-11.07,179.8,4.0,-1.0,-5.48,9,99,1,1,0,-0.0,0.4397,0,1
4423,2017-12-02,-120.78,222.91,2.0,3.0,-2.63,1,43,1,1,0,0.0,0.4915,0,1
4423,2017-12-02,120.78,222.91,-2.0,-3.0,2.63,-1,-43,1,1,0,-0.0,0.5085,1,1
4422,2017-12-02,-20.22,256.79,-3.0,-0.0,1.14,-1,-125,1,1,0,0.0,0.5001,0,0
4422,2017-12-02,20.22,256.79,3.0,0.0,-1.14,1,125,1,1,0,-0.0,0.4999,1,0
4421,2017-12-02,-99.35,198.39,-1.0,-1.0,0.46,1,49,1,1,0,-0.0,0.5029,1,1
4421,2017-12-02,99.35,198.39,1.0,1.0,-0.46,-1,-49,1,1,0,0.0,0.4971,0,1
4420,2017-12-02,11.07,179.8,-4.0,1.0,5.48,-9,-99,1,1,0,0.0,0.5603,1,1
4419,2017-12-02,-80.49,234.14,2.0,2.0,3.61,-3,83,1,1,0,-0.0,0.5161,0,1
4417,2017-12-02,-1.25,202.52,-5.0,-2.0,6.52,-2,-35,1,1,0,-0.0,0.4999,1,1
4418,2017-12-02,-44.98,254.86,1.0,2.0,-4.84,-4,-237,1,1,0,-0.0,0.5,0,1
4418,2017-12-02,44.98,254.86,-1.0,-2.0,4.84,4,237,1,1,0,0.0,0.5,1,1
4417,2017-12-02,1.25,202.52,5.0,2.0,-6.52,2,35,1,1,0,0.0,0.5001,0,1
4416,2017-12-02,5.74,204.88,3.0,-0.0,-6.3,-7,161,1,1,0,-0.0,0.5724,1,1
4416,2017-12-02,-5.74,204.88,-3.0,0.0,6.3,7,-161,1,1,0,0.0,0.4276,0,1
4415,2017-12-02,22.93,178.15,1.0,-4.0,5.23,-7,0,1,1,1,0.1882,0.4612,0,1
4415,2017-12-02,-22.93,178.15,-1.0,4.0,-5.23,7,0,1,1,1,-0.1882,0.5388,1,1
4419,2017-12-02,80.49,234.14,-2.0,-2.0,-3.61,3,-83,1,1,0,0.0,0.4839,1,1
4435,2017-12-09,104.3,261.68,-3.0,-3.0,2.86,0,154,1,1,0,-0.0,0.5377,0,0
4439,2017-12-09,45.67,271.55,-2.0,2.0,0.39,1,35,1,0,0,-0.0,0.4707,0,1
4438,2017-12-09,22.54,200.08,4.0,3.0,9.08,11,63,1,1,0,0.0,0.4952,0,0
4438,2017-12-09,-22.54,200.08,-4.0,-3.0,-9.08,-11,-63,1,1,0,-0.0,0.5048,1,0
4439,2017-12-09,-45.67,271.55,2.0,-2.0,-0.39,-1,-35,0,1,0,0.0,0.5293,1,1
4434,2017-12-09,-99.58,216.36,-2.0,-0.0,0.62,-1,161,0,0,0,0.0,0.4554,0,1
4435,2017-12-09,-104.3,261.68,3.0,3.0,-2.86,0,-154,1,1,0,0.0,0.4623,1,0
4430,2017-12-09,112.81,234.95,4.0,1.0,-1.26,6,105,1,1,0,-0.0,0.5362,0,1
4430,2017-12-09,-112.81,234.95,-4.0,-1.0,1.26,-6,-105,1,1,0,0.0,0.4638,1,1
4429,2017-12-09,-64.51,221.76,-0.0,-2.0,4.08,-1,77,1,1,0,-0.0,0.4858,1,0
4429,2017-12-09,64.51,221.76,0.0,2.0,-4.08,1,-77,1,1,0,0.0,0.5142,0,0
4428,2017-12-09,-9.2,206.04,-1.0,-0.0,-7.3,-8,-98,1,1,0,-0.0,0.5369,1,0
4428,2017-12-09,9.2,206.04,1.0,0.0,7.3,8,98,1,1,0,0.0,0.4631,0,0
4434,2017-12-09,99.58,216.36,2.0,0.0,-0.62,1,-161,0,0,0,-0.0,0.5446,1,1
4451,2017-12-16,36.42,191.86,1.0,-0.0,5.3,7,35,1,1,0,-0.0,0.4993,0,1
4451,2017-12-16,-36.42,191.86,-1.0,0.0,-5.3,-7,-35,1,1,0,0.0,0.5007,1,1
4450,2017-12-16,22.88,242.56,-4.0,1.0,-2.36,-1,126,1,1,0,0.0,0.5002,1,0
4449,2017-12-16,90.91,186.61,2.0,-0.0,1.62,-3,-56,1,1,0,-0.0,0.5501,0,1
4449,2017-12-16,-90.91,186.61,-2.0,0.0,-1.62,3,56,1,1,0,0.0,0.4499,1,1
4448,2017-12-16,-38.11,224.59,-0.0,-0.0,-6.09,-3,-49,1,1,0,-0.0,0.5389,0,0
4448,2017-12-16,38.11,224.59,0.0,0.0,6.09,3,49,1,1,0,0.0,0.4611,1,0
4445,2017-12-16,-53.95,218.82,1.0,3.0,1.06,2,-106,1,1,0,0.0,0.5552,1,0
4450,2017-12-16,-22.88,242.56,4.0,-1.0,2.36,1,-126,1,1,0,-0.0,0.4998,0,0
4444,2017-12-16,-61.63,202.66,1.0,1.0,-7.33,-8,0,1,1,0,-0.0,0.4825,0,1
4444,2017-12-16,61.63,202.66,-1.0,-1.0,7.33,8,0,1,1,0,0.0,0.5175,1,1
4443,2017-12-16,-38.66,211.73,-2.0,-2.0,-4.97,-4,-62,1,1,0,-0.0,0.5001,0,1
4443,2017-12-16,38.66,211.73,2.0,2.0,4.97,4,62,1,1,0,0.0,0.4999,1,1
4442,2017-12-16,-108.43,208.95,-1.0,-2.0,-2.79,-8,-84,1,1,0,0.0,0.4077,1,1
4442,2017-12-16,108.43,208.95,1.0,2.0,2.79,8,84,1,1,0,-0.0,0.5923,0,1
4441,2017-12-16,0.04,157.28,-4.0,-3.0,-2.6,5,-42,1,1,0,0.0,0.5956,1,1
4441,2017-12-16,-0.04,157.28,4.0,3.0,2.6,-5,42,1,1,0,-0.0,0.4044,0,1
4445,2017-12-16,53.95,218.82,-1.0,-3.0,-1.06,-2,106,1,1,0,-0.0,0.4448,0,0
4460,2017-12-30,60.62,230.45,-2.0,-3.0,-1.48,-7,281,1,1,0,-0.0,0.4705,1,1
4460,2017-12-30,-60.62,230.45,2.0,3.0,1.48,7,-281,1,1,0,0.0,0.5295,0,1
4458,2017-12-30,-116.09,223.57,-3.0,2.0,-0.45,-6,-154,1,1,0,0.0,0.4167,0,0
4458,2017-12-30,116.09,223.57,3.0,-2.0,0.45,6,154,1,1,0,-0.0,0.5833,1,0
4456,2017-12-30,77.62,171.22,5.0,1.0,-3.27,4,-378,1,1,0,0.0,0.5959,1,1
4456,2017-12-30,-77.62,171.22,-5.0,-1.0,3.27,-4,378,1,1,0,-0.0,0.4041,0,1
4455,2017-12-30,-67.78,238.25,-1.0,-3.0,-0.24,2,21,1,1,0,0.0,0.5001,1,1
4454,2017-12-30,38.93,223.97,-2.0,-2.0,-3.09,-3,-27,1,1,0,0.0,0.4629,0,0
4454,2017-12-30,-38.93,223.97,2.0,2.0,3.09,3,27,1,1,0,-0.0,0.5371,1,0
4453,2017-12-30,-40.66,186.32,5.0,1.0,2.66,9,-119,1,1,0,-0.0,0.4039,0,1
4453,2017-12-30,40.66,186.32,-5.0,-1.0,-2.66,-9,119,1,1,0,0.0,0.5961,1,1
4452,2017-12-30,-56.72,230.66,1.0,-0.0,3.73,4,42,1,1,1,0.5714,0.5003,0,0
4452,2017-12-30,56.72,230.66,-1.0,0.0,-3.73,-4,-42,1,1,1,-0.5714,0.4997,1,0
4455,2017-12-30,67.78,238.25,1.0,3.0,0.24,-2,-21,1,1,0,-0.0,0.4999,0,1
4466,2018-01-14,-92.46,210.51,-2.0,-2.0,-2.38,-2,-64,1,1,0,-0.0,0.4611,0,0
4471,2018-01-14,-39.4,255.67,7.0,5.0,-2.93,-1,-49,1,1,0,-0.0,0.4999,1,0
4471,2018-01-14,39.4,255.67,-7.0,-5.0,2.93,1,49,1,1,0,0.0,0.5001,0,0
4469,2018-01-14,-39.76,256.72,-5.0,-3.0,7.72,-2,-315,1,1,0,-0.0,0.5231,0,0
4469,2018-01-14,39.76,256.72,5.0,3.0,-7.72,2,315,1,1,0,0.0,0.4769,1,0
4466,2018-01-14,92.46,210.51,2.0,2.0,2.38,2,64,1,1,0,0.0,0.5389,1,0
4463,2018-01-14,21.07,249.54,1.0,-1.0,-6.32,5,336,0,1,0,-0.0,0.5879,0,1
4465,2018-01-14,106.84,165.69,-2.0,0.0,2.05,0,-15,1,0,0,0.0,0.5958,1,0
4463,2018-01-14,-21.07,249.54,-1.0,1.0,6.32,-5,-336,1,0,0,0.0,0.4121,1,1
4465,2018-01-14,-106.84,165.69,2.0,-0.0,-2.05,0,15,0,1,0,-0.0,0.4042,0,0
4462,2018-01-14,39.81,191.17,-1.0,1.0,-4.88,-22,273,1,1,0,-0.0,0.5,0,1
4462,2018-01-14,-39.81,191.17,1.0,-1.0,4.88,22,-273,1,1,0,0.0,0.5,1,1
4483,2018-01-20,-11.71,192.16,1.0,-0.0,8.05,22,462,1,1,0,0.0,0.5576,0,1
4483,2018-01-20,11.71,192.16,-1.0,0.0,-8.05,-22,-462,1,1,0,-0.0,0.4424,1,1
4480,2018-01-20,40.11,224.54,2.0,-0.0,-1.31,-9,20,1,1,0,-0.0,0.5938,0,1
4480,2018-01-20,-40.11,224.54,-2.0,0.0,1.31,9,-20,1,1,0,0.0,0.4062,1,1
4477,2018-01-20,27.5,214.42,-1.0,-1.0,-4.1,1,98,1,1,0,0.0,0.4541,0,0
4476,2018-01-20,38.81,198.77,-1.0,-2.0,5.47,-4,-42,1,1,0,0.0,0.5,0,1
4477,2018-01-20,-27.5,214.42,1.0,1.0,4.1,-1,-98,1,1,0,-0.0,0.5459,1,0
4475,2018-01-20,70.83,263.16,3.0,-0.0,-2.98,2,7,1,1,0,-0.0,0.5377,0,1
4475,2018-01-20,-70.83,263.16,-3.0,0.0,2.98,-2,-7,1,1,0,0.0,0.4623,1,1
4474,2018-01-20,-108.7,222.12,3.0,3.0,-10.5,-6,-112,1,1,1,-0.2222,0.4787,0,1
4474,2018-01-20,108.7,222.12,-3.0,-3.0,10.5,6,112,1,1,1,0.2222,0.5213,1,1
4473,2018-01-20,-55.14,197.34,3.0,-0.0,-4.05,-7,-203,1,1,1,-0.3077,0.5724,0,1
4473,2018-01-20,55.14,197.34,-3.0,0.0,4.05,7,203,1,1,1,0.3077,0.4276,1,1
4476,2018-01-20,-38.81,198.77,1.0,2.0,-5.47,4,42,1,1,0,-0.0,0.5,1,1
4490,2018-01-27,27.59,264.73,1.0,-3.0,2.57,-2,-182,1,0,0,-0.0,0.5937,0,1
4491,2018-01-27,-35.02,215.85,-2.0,-1.0,-3.41,1,-29,1,1,0,0.0,0.5838,1,1
4491,2018-01-27,35.02,215.85,2.0,1.0,3.41,-1,29,1,1,0,-0.0,0.4162,0,1
4492,2018-01-27,98.64,264.75,-8.0,-2.0,1.51,2,-8,0,0,0,0.0,0.5,0,1
4493,2018-01-27,51.78,243.06,-3.0,-2.0,-6.2,-1,13,1,1,0,0.0,0.5,0,0
4493,2018-01-27,-51.78,243.06,3.0,2.0,6.2,1,-13,1,1,0,-0.0,0.5,1,0
4494,2018-01-27,-16.68,237.41,-3.0,-0.0,8.55,2,637,1,1,0,0.0,0.462,0,1
4490,2018-01-27,-27.59,264.73,-1.0,3.0,-2.57,2,182,0,1,0,0.0,0.4063,1,1
4492,2018-01-27,-98.64,264.75,8.0,2.0,-1.51,-2,8,0,0,0,-0.0,0.5,1,1
4489,2018-01-27,-100.85,210.4,3.0,-1.0,3.63,5,-140,1,1,0,-0.0,0.4575,0,1
4494,2018-01-27,16.68,237.41,3.0,0.0,-8.55,-2,-637,1,1,0,-0.0,0.538,1,1
4488,2018-01-27,62.46,206.29,-0.0,-0.0,2.07,-1,71,1,1,0,0.0,0.5027,1,0
4489,2018-01-27,100.85,210.4,-3.0,1.0,-3.63,-5,140,1,1,0,0.0,0.5425,1,1
4484,2018-01-27,20.81,189.76,-5.0,0.0,4.08,-3,196,1,1,0,-0.0,0.5385,1,0
4485,2018-01-27,80.52,185.69,-8.0,-5.0,3.53,5,91,1,1,0,0.0,0.5955,0,1
4485,2018-01-27,-80.52,185.69,8.0,5.0,-3.53,-5,-91,1,1,0,-0.0,0.4045,1,1
4484,2018-01-27,-20.81,189.76,5.0,-0.0,-4.08,3,-196,1,1,0,0.0,0.4615,0,0
4486,2018-01-27,114.18,256.54,-1.0,-3.0,0.87,1,-42,1,1,0,-0.0,0.5076,1,1
4487,2018-01-27,-1.9,232.82,-3.0,-2.0,0.58,6,112,1,1,0,-0.0,0.5373,1,0
4487,2018-01-27,1.9,232.82,3.0,2.0,-0.58,-6,-112,1,1,0,0.0,0.4627,0,0
4488,2018-01-27,-62.46,206.29,0.0,0.0,-2.07,1,-71,1,1,0,-0.0,0.4973,0,0
4486,2018-01-27,-114.18,256.54,1.0,3.0,-0.87,-1,42,1,1,0,0.0,0.4924,0,1
4502,2018-02-03,-43.47,185.68,3.0,2.0,-1.58,7,-63,1,1,0,0.0,0.4833,0,1
4506,2018-02-03,-56.11,271.75,1.0,1.0,-6.68,-1,84,1,1,0,-0.0,0.4815,0,0
4506,2018-02-03,56.11,271.75,-1.0,-1.0,6.68,1,-84,1,1,0,0.0,0.5185,1,0
4505,2018-02-03,60.55,192.23,6.0,3.0,6.63,9,-8,1,1,0,0.0,0.4829,1,0
4503,2018-02-03,-119.49,245.15,-4.0,-2.0,-3.06,-3,-246,1,1,0,-0.0,0.4998,0,0
4503,2018-02-03,119.49,245.15,4.0,2.0,3.06,3,246,1,1,0,0.0,0.5002,1,0
4502,2018-02-03,43.47,185.68,-3.0,-2.0,1.58,-7,63,1,1,0,-0.0,0.5167,1,1
4505,2018-02-03,-60.55,192.23,-6.0,-3.0,-6.63,-9,8,1,1,0,-0.0,0.5171,0,0
4501,2018-02-03,41.18,200.98,0.0,-2.0,4.55,6,-42,1,1,0,-0.0,0.4624,1,1
4500,2018-02-03,35.9,224.07,2.0,1.0,-7.45,3,-112,1,1,0,0.0,0.5016,0,0
4500,2018-02-03,-35.9,224.07,-2.0,-1.0,7.45,-3,112,1,1,0,-0.0,0.4984,1,0
4498,2018-02-03,-104.41,231.34,6.0,4.0,-8.21,-7,0,1,1,0,0.0,0.4043,0,0
4498,2018-02-03,104.41,231.34,-6.0,-4.0,8.21,7,0,1,1,0,-0.0,0.5957,1,0
4496,2018-02-03,-43.25,208.29,1.0,-0.0,-8.89,-20,-42,1,1,0,0.0,0.4626,0,1
4496,2018-02-03,43.25,208.29,-1.0,0.0,8.89,20,42,1,1,0,-0.0,0.5374,1,1
4501,2018-02-03,-41.18,200.98,-0.0,2.0,-4.55,-6,42,1,1,0,0.0,0.5376,0,1
4517,2018-02-10,102.62,234.85,-0.0,1.0,0.99,-2,48,1,0,0,0.0,0.5027,1,1
4517,2018-02-10,-102.62,234.85,0.0,-1.0,-0.99,2,-48,0,1,0,-0.0,0.4973,0,1
4516,2018-02-10,-73.89,189.41,-2.0,-1.0,3.39,-19,0,0,1,0,0.0,0.4999,0,1
4516,2018-02-10,73.89,189.41,2.0,1.0,-3.39,19,0,1,0,0,-0.0,0.5001,1,1
4515,2018-02-10,11.98,209.13,-2.0,-0.0,-3.3,-5,104,1,1,0,-0.0,0.4335,0,0
4515,2018-02-10,-11.98,209.13,2.0,0.0,3.3,5,-104,1,1,0,0.0,0.5665,1,0
4512,2018-02-10,29.2,231.95,2.0,1.0,-3.71,-1,57,1,1,0,-0.0,0.5,1,1
4512,2018-02-10,-29.2,231.95,-2.0,-1.0,3.71,1,-57,1,1,0,0.0,0.5,0,1
4510,2018-02-10,24.57,204.57,-2.0,1.0,6.41,0,-7,1,1,0,0.0,0.4095,0,1
4509,2018-02-10,-58.22,259.02,-1.0,-2.0,7.23,3,-7,1,1,0,-0.0,0.5724,0,0
4509,2018-02-10,58.22,259.02,1.0,2.0,-7.23,-3,7,1,1,0,0.0,0.4276,1,0
4508,2018-02-10,-19.45,204.81,8.0,6.0,-16.91,-10,-147,1,1,0,0.0,0.5,1,1
4508,2018-02-10,19.45,204.81,-8.0,-6.0,16.91,10,147,1,1,0,-0.0,0.5,0,1
4507,2018-02-10,-71.53,199.59,4.0,3.0,-7.47,-1,-70,1,1,0,-0.0,0.5851,0,1
4507,2018-02-10,71.53,199.59,-4.0,-3.0,7.47,1,70,1,1,0,0.0,0.4149,1,1
4510,2018-02-10,-24.57,204.57,2.0,-1.0,-6.41,0,7,1,1,0,-0.0,0.5905,1,1
4525,2018-02-18,26.59,244.45,-6.0,0.0,-3.63,-3,-637,1,1,0,0.0,0.4498,0,1
4529,2018-02-18,-105.48,207.59,0.0,-1.0,10.35,14,55,1,1,0,-0.0,0.5188,0,1
4528,2018-02-18,-49.98,256.14,-0.0,1.0,-6.12,-1,84,1,1,0,0.0,0.4265,1,1
4528,2018-02-18,49.98,256.14,0.0,-1.0,6.12,1,-84,1,1,0,-0.0,0.5735,0,1
4525,2018-02-18,-26.59,244.45,6.0,-0.0,3.63,3,637,1,1,0,-0.0,0.5502,1,1
4529,2018-02-18,105.48,207.59,-0.0,1.0,-10.35,-14,-55,1,1,0,0.0,0.4812,1,1
4524,2018-02-18,-129.16,229.92,1.0,-2.0,9.01,-2,70,1,1,0,-0.0,0.4138,0,1
4521,2018-02-18,47.28,182.96,6.0,6.0,-8.5,-7,-7,1,1,0,-0.0,0.4882,1,0
4521,2018-02-18,-47.28,182.96,-6.0,-6.0,8.5,7,7,1,1,0,0.0,0.5118,0,0
4520,2018-02-18,-83.7,204.12,-1.0,-0.0,-0.75,-7,-161,1,1,0,0.0,0.5803,0,1
4520,2018-02-18,83.7,204.12,1.0,0.0,0.75,7,161,1,1,0,-0.0,0.4197,1,1
4519,2018-02-18,-109.91,170.92,2.0,-3.0,-4.44,-15,-42,1,1,0,-0.0,0.4677,0,1
4519,2018-02-18,109.91,170.92,-2.0,3.0,4.44,15,42,1,1,0,0.0,0.5323,1,1
4524,2018-02-18,129.16,229.92,-1.0,2.0,-9.01,2,-70,1,1,0,0.0,0.5862,1,1
4541,2018-02-24,81.96,265.28,-3.0,-0.0,-1.13,-2,-21,0,1,0,-0.0,0.5009,1,1
4541,2018-02-24,-81.96,265.28,3.0,0.0,1.13,2,21,1,0,0,0.0,0.4991,0,1
4540,2018-02-24,-115.76,196.49,3.0,1.0,-1.92,-6,49,1,1,0,-0.0,0.4975,0,1
4540,2018-02-24,115.76,196.49,-3.0,-1.0,1.92,6,-49,1,1,0,0.0,0.5025,1,1
4538,2018-02-24,-3.92,185.24,-4.0,-2.0,1.38,-3,-69,1,1,0,0.0,0.4294,1,0
4538,2018-02-24,3.92,185.24,4.0,2.0,-1.38,3,69,1,1,0,-0.0,0.5706,0,0
4537,2018-02-24,-109.68,223.82,-3.0,-4.0,6.65,1,-139,1,1,0,0.0,0.4995,1,1
4537,2018-02-24,109.68,223.82,3.0,4.0,-6.65,-1,139,1,1,0,-0.0,0.5005,0,1
4536,2018-02-24,54.23,204.97,2.0,-0.0,3.26,-2,7,1,1,0,0.0,0.4797,1,1
4536,2018-02-24,-54.23,204.97,-2.0,0.0,-3.26,2,-7,1,1,0,-0.0,0.5203,0,1
4531,2018-02-24,-55.42,186.59,1.0,3.0,-1.22,22,-29,1,1,0,-0.0,0.5,1,1
4535,2018-02-24,88.82,214.55,4.0,0.0,-0.45,10,84,1,1,0,0.0,0.5232,0,0
4534,2018-02-24,-124.33,233.42,5.0,1.0,5.79,-3,49,1,1,0,-0.0,0.5001,1,1
4534,2018-02-24,124.33,233.42,-5.0,-1.0,-5.79,3,-49,1,1,0,0.0,0.4999,0,1
4533,2018-02-24,-47.22,184.73,-7.0,-5.0,0.7,-6,56,1,1,0,-0.0,0.492,1,0
4533,2018-02-24,47.22,184.73,7.0,5.0,-0.7,6,-56,1,1,0,0.0,0.508,0,0
4532,2018-02-24,51.98,198.14,-2.0,-0.0,2.11,-5,-71,1,1,0,0.0,0.4988,0,1
4532,2018-02-24,-51.98,198.14,2.0,0.0,-2.11,5,71,1,1,0,-0.0,0.5012,1,1
4535,2018-02-24,-88.82,214.55,-4.0,-0.0,0.45,-10,-84,1,1,0,-0.0,0.4768,1,0
4531,2018-02-24,55.42,186.59,-1.0,-3.0,1.22,-22,29,1,1,0,0.0,0.5,0,1
4551,2018-03-03,63.08,179.83,5.0,5.0,-5.52,9,71,1,1,0,0.0,0.5939,1,0
4553,2018-03-03,-50.62,233.53,-4.0,-2.0,-5.26,-6,-496,1,1,0,0.0,0.4184,1,1
4550,2018-03-03,9.72,197.33,-1.0,3.0,-1.95,-4,14,1,1,0,-0.0,0.5379,0,1
4552,2018-03-03,-37.33,198.57,-2.0,-1.0,-11.26,-14,-330,1,1,0,0.0,0.4705,1,1
4553,2018-03-03,50.62,233.53,4.0,2.0,5.26,6,496,1,1,0,-0.0,0.5816,0,1
4552,2018-03-03,37.33,198.57,2.0,1.0,11.26,14,330,1,1,0,-0.0,0.5295,0,1
4550,2018-03-03,-9.72,197.33,1.0,-3.0,1.95,4,-14,1,1,0,0.0,0.4621,1,1
4551,2018-03-03,-63.08,179.83,-5.0,-5.0,5.52,-9,-71,1,1,0,-0.0,0.4061,0,0
4547,2018-03-03,-97.74,243.01,0.0,-2.0,9.15,1,427,1,1,0,-0.0,0.4086,0,0
4546,2018-03-03,9.35,155.17,-7.0,-8.0,9.04,5,-70,1,1,0,0.0,0.5244,1,1
4546,2018-03-03,-9.35,155.17,7.0,8.0,-9.04,-5,70,1,1,0,-0.0,0.4756,0,1
4545,2018-03-03,-82.08,264.89,-2.0,-2.0,6.0,2,-8,1,1,0,-0.0,0.5,0,0
4545,2018-03-03,82.08,264.89,2.0,2.0,-6.0,-2,8,1,1,0,0.0,0.5,1,0
4544,2018-03-03,3.46,187.94,1.0,2.0,-9.35,-16,-210,1,1,0,-0.0,0.4774,1,0
4544,2018-03-03,-3.46,187.94,-1.0,-2.0,9.35,16,210,1,1,0,0.0,0.5226,0,0
4547,2018-03-03,97.74,243.01,-0.0,2.0,-9.15,-1,-427,1,1,0,0.0,0.5914,1,0
4563,2018-03-17,-29.93,223.7,5.0,1.0,5.92,-3,-55,1,1,0,-0.0,0.5002,1,0
4563,2018-03-17,29.93,223.7,-5.0,-1.0,-5.92,3,55,1,1,0,0.0,0.4998,0,0
4558,2018-03-17,-105.36,203.93,1.0,-2.0,4.62,0,97,1,1,0,-0.0,0.4874,0,1
4558,2018-03-17,105.36,203.93,-1.0,2.0,-4.62,0,-97,1,1,0,0.0,0.5126,1,1
4556,2018-03-17,-101.09,198.94,-1.0,1.0,-3.02,-1,-140,1,1,0,0.0,0.5553,1,1
4556,2018-03-17,101.09,198.94,1.0,-1.0,3.02,1,140,1,1,0,-0.0,0.4447,0,1
4555,2018-03-17,-66.27,208.77,3.0,3.0,-11.24,-12,77,1,1,0,0.0,0.4915,1,1
4555,2018-03-17,66.27,208.77,-3.0,-3.0,11.24,12,-77,1,1,0,-0.0,0.5085,0,1
4572,2018-04-07,-27.83,223.38,-3.0,-2.0,-1.6,1,-70,1,0,0,0.0,0.5418,0,1
4571,2018-04-07,17.19,187.75,-0.0,-1.0,-7.18,-10,-364,1,1,0,-0.0,0.4949,1,1
4571,2018-04-07,-17.19,187.75,0.0,1.0,7.18,10,364,1,1,0,0.0,0.5051,0,1
4570,2018-04-07,45.3,218.85,1.0,1.0,1.07,0,-42,1,1,0,-0.0,0.5149,0,1
4572,2018-04-07,27.83,223.38,3.0,2.0,1.6,-1,70,0,1,0,-0.0,0.4582,1,1
4570,2018-04-07,-45.3,218.85,-1.0,-1.0,-1.07,0,42,1,1,0,0.0,0.4851,1,1
4569,2018-04-07,-98.02,198.72,-3.0,-2.0,-2.07,-22,-28,1,1,0,0.0,0.495,1,1
4569,2018-04-07,98.02,198.72,3.0,2.0,2.07,22,28,1,1,0,-0.0,0.505,0,1
4567,2018-04-07,-8.87,248.89,0.0,0.0,-1.15,2,175,1,1,0,0.0,0.5928,1,1
4568,2018-04-07,84.13,251.49,3.0,6.0,-4.07,-2,56,1,1,0,-0.0,0.5956,1,1
4567,2018-04-07,8.87,248.89,-0.0,-0.0,1.15,-2,-175,1,1,0,-0.0,0.4072,0,1
4566,2018-04-07,102.91,207.48,-0.0,1.0,4.87,2,0,1,1,1,0.381,0.4177,0,1
4566,2018-04-07,-102.91,207.48,0.0,-1.0,-4.87,-2,0,1,1,1,-0.381,0.5823,1,1
4565,2018-04-07,-98.89,195.21,-0.0,-0.0,1.39,1,252,1,1,1,-0.1556,0.4039,0,1
4565,2018-04-07,98.89,195.21,0.0,0.0,-1.39,-1,-252,1,1,1,0.1556,0.5961,1,1
4568,2018-04-07,-84.13,251.49,-3.0,-6.0,4.07,2,-56,1,1,0,0.0,0.4044,0,1
4580,2018-04-14,0.77,187.49,-1.0,-2.0,-0.8,-2,28,1,1,0,0.0,0.5065,0,0
4586,2018-04-14,-46.24,227.63,2.0,1.0,2.61,-1,28,1,1,0,-0.0,0.4526,0,0
4584,2018-04-14,235.64,194.41,-0.0,-0.0,7.53,14,-77,0,1,0,0.0,0.5,1,0
4584,2018-04-14,-235.64,194.41,0.0,0.0,-7.53,-14,77,1,0,0,-0.0,0.5,0,0
4581,2018-04-14,71.6,183.99,-3.0,-0.0,1.66,6,-21,1,1,0,0.0,0.4999,1,0
4581,2018-04-14,-71.6,183.99,3.0,0.0,-1.66,-6,21,1,1,0,-0.0,0.5001,0,0
4586,2018-04-14,46.24,227.63,-2.0,-1.0,-2.61,1,-28,1,1,0,0.0,0.5474,1,0
4580,2018-04-14,-0.77,187.49,1.0,2.0,0.8,2,-28,1,1,0,-0.0,0.4935,1,0
4578,2018-04-14,27.6,178.44,5.0,2.0,-9.13,-14,-125,1,1,0,0.0,0.5942,1,1
4576,2018-04-14,-2.6,264.12,-6.0,-4.0,-4.16,2,230,1,1,0,0.0,0.5664,0,0
4577,2018-04-14,-52.59,223.93,5.0,4.0,-1.33,3,0,1,1,0,0.0,0.4906,0,1
4577,2018-04-14,52.59,223.93,-5.0,-4.0,1.33,-3,0,1,1,0,-0.0,0.5094,1,1
4576,2018-04-14,2.6,264.12,6.0,4.0,4.16,-2,-230,1,1,0,-0.0,0.4336,1,0
4575,2018-04-14,66.87,183.08,1.0,-3.0,-3.82,-4,28,1,1,0,-0.0,0.5904,1,1
4575,2018-04-14,-66.87,183.08,-1.0,3.0,3.82,4,-28,1,1,0,0.0,0.4096,0,1
4574,2018-04-14,-187.28,212.71,-2.0,2.0,0.18,-16,-21,1,1,0,-0.0,0.4622,0,0
4574,2018-04-14,187.28,212.71,2.0,-2.0,-0.18,16,21,1,1,0,0.0,0.5378,1,0
4578,2018-04-14,-27.6,178.44,-5.0,-2.0,9.13,14,125,1,1,0,-0.0,0.4058,0,1
4598,2018-04-21,-28.08,205.66,-0.0,-1.0,5.56,0,-6,1,0,0,0.0,0.4594,0,0
4598,2018-04-21,28.08,205.66,0.0,1.0,-5.56,0,6,0,1,0,-0.0,0.5406,1,0
4597,2018-04-21,9.12,191.63,-3.0,-1.0,8.85,0,105,1,1,0,-0.0,0.4961,0,1
4597,2018-04-21,-9.12,191.63,3.0,1.0,-8.85,0,-105,1,1,0,0.0,0.5039,1,1
4594,2018-04-21,-65.59,202.02,-2.0,-4.0,-3.78,0,-126,1,1,0,-0.0,0.5716,0,0
4594,2018-04-21,65.59,202.02,2.0,4.0,3.78,0,126,1,1,0,0.0,0.4284,1,0
4593,2018-04-21,-57.85,174.08,4.0,4.0,-6.46,-20,-63,1,1,0,-0.0,0.4956,1,0
4593,2018-04-21,57.85,174.08,-4.0,-4.0,6.46,20,63,1,1,0,0.0,0.5044,0,0
4592,2018-04-21,1.31,223.14,-0.0,-0.0,-2.56,-6,8,1,1,0,0.0,0.4996,0,1
4588,2018-04-21,15.81,172.34,-2.0,2.0,6.62,6,-84,1,1,0,0.0,0.4039,0,1
4591,2018-04-21,86.92,198.98,-2.0,1.0,-2.28,7,-140,1,1,0,-0.0,0.4996,0,1
4591,2018-04-21,-86.92,198.98,2.0,-1.0,2.28,-7,140,1,1,0,0.0,0.5004,1,1
4590,2018-04-21,-138.87,245.97,-0.0,3.0,-2.33,3,7,1,1,0,-0.0,0.5001,0,0
4590,2018-04-21,138.87,245.97,0.0,-3.0,2.33,-3,-7,1,1,0,0.0,0.4999,1,0
4589,2018-04-21,-27.55,162.14,2.0,2.0,-2.05,-9,84,1,1,0,-0.0,0.4039,0,1
4589,2018-04-21,27.55,162.14,-2.0,-2.0,2.05,9,-84,1,1,0,0.0,0.5961,1,1
4588,2018-04-21,-15.81,172.34,2.0,-2.0,-6.62,-6,84,1,1,0,-0.0,0.5961,1,1
4592,2018-04-21,-1.31,223.14,0.0,0.0,2.56,6,-8,1,1,0,-0.0,0.5004,1,1
4605,2018-05-12,65.69,239.83,6.0,-1.0,13.73,4,7,1,1,0,-0.0,0.4979,1,1
4605,2018-05-12,-65.69,239.83,-6.0,1.0,-13.73,-4,-7,1,1,0,0.0,0.5021,0,1
4606,2018-05-12,-87.46,246.04,4.0,0.0,-2.53,-3,-462,1,1,0,-0.0,0.5291,1,0
4604,2018-05-12,-64.4,231.41,-4.0,-0.0,-5.63,-11,0,1,1,0,-0.0,0.5034,0,1
4607,2018-05-12,41.19,215.49,3.0,2.0,-4.21,3,-14,1,1,0,-0.0,0.4951,0,1
4609,2018-05-12,68.45,191.82,1.0,0.0,6.76,14,21,1,1,0,0.0,0.5023,0,1
4609,2018-05-12,-68.45,191.82,-1.0,-0.0,-6.76,-14,-21,1,1,0,-0.0,0.4977,1,1
4607,2018-05-12,-41.19,215.49,-3.0,-2.0,4.21,-3,14,1,1,0,0.0,0.5049,1,1
4604,2018-05-12,64.4,231.41,4.0,0.0,5.63,11,0,1,1,0,0.0,0.4966,1,1
4606,2018-05-12,87.46,246.04,-4.0,-0.0,2.53,3,462,1,1,0,0.0,0.4709,0,0
4603,2018-05-12,-20.67,151.02,0.0,-1.0,1.16,1,245,1,1,0,-0.0,0.4711,0,1
4603,2018-05-12,20.67,151.02,-0.0,1.0,-1.16,-1,-245,1,1,0,0.0,0.5289,1,1
4599,2018-05-12,98.04,201.32,2.0,1.0,0.27,1,-301,1,1,1,-0.5278,0.502,1,1
4600,2018-05-12,24.24,186.23,1.0,4.0,11.88,-2,-63,1,1,0,-0.0,0.4896,0,0
4600,2018-05-12,-24.24,186.23,-1.0,-4.0,-11.88,2,63,1,1,0,0.0,0.5104,1,0
4599,2018-05-12,-98.04,201.32,-2.0,-1.0,-0.27,-1,301,1,1,1,0.5278,0.498,0,1
4601,2018-05-12,57.24,259.25,-1.0,1.0,-1.42,-3,-91,1,1,0,0.0,0.5779,1,0
4601,2018-05-12,-57.24,259.25,1.0,-1.0,1.42,3,91,1,1,0,-0.0,0.4221,0,0
4602,2018-05-12,85.06,205.13,1.0,-3.0,-3.81,10,119,1,1,0,0.0,0.5049,1,0
4602,2018-05-12,-85.06,205.13,-1.0,3.0,3.81,-10,-119,1,1,0,-0.0,0.4951,0,0
4618,2018-05-19,28.83,198.98,-8.0,-6.0,3.02,2,-294,1,1,0,0.0,0.5677,1,0
4623,2018-05-19,-100.85,224.39,3.0,2.0,-0.19,-3,126,1,1,0,-0.0,0.5374,0,1
4622,2018-05-19,74.21,250.89,-2.0,-3.0,1.03,2,29,1,1,0,0.0,0.4511,1,1
4619,2018-05-19,-60.44,242.25,-3.0,-2.0,3.64,-1,-168,1,1,0,0.0,0.502,1,1
4619,2018-05-19,60.44,242.25,3.0,2.0,-3.64,1,168,1,1,0,-0.0,0.498,0,1
4623,2018-05-19,100.85,224.39,-3.0,-2.0,0.19,3,-126,1,1,0,0.0,0.4626,1,1
4618,2018-05-19,-28.83,198.98,8.0,6.0,-3.02,-2,294,1,1,0,-0.0,0.4323,0,0
4622,2018-05-19,-74.21,250.89,2.0,3.0,-1.03,-2,-29,1,1,0,-0.0,0.5489,0,1
4617,2018-05-19,5.6,210.68,4.0,1.0,-5.35,0,49,1,1,0,-0.0,0.5381,1,1
4614,2018-05-19,70.44,240.67,-0.0,5.0,-5.78,-4,14,1,1,0,-0.0,0.5377,1,0
4614,2018-05-19,-70.44,240.67,0.0,-5.0,5.78,4,-14,1,1,0,0.0,0.4623,0,0
4613,2018-05-19,64.25,255.54,-0.0,-0.0,2.64,-1,-98,1,1,0,-0.0,0.5089,1,0
4613,2018-05-19,-64.25,255.54,0.0,0.0,-2.64,1,98,1,1,0,0.0,0.4911,0,0
4612,2018-05-19,52.63,178.19,4.0,-1.0,-9.51,-20,-78,1,1,0,0.0,0.4992,1,0
4612,2018-05-19,-52.63,178.19,-4.0,1.0,9.51,20,78,1,1,0,-0.0,0.5008,0,0
4617,2018-05-19,-5.6,210.68,-4.0,-1.0,5.35,0,-49,1,1,0,0.0,0.4619,0,1
4635,2018-05-27,-79.68,202.41,-0.0,2.0,7.4,2,174,1,1,0,-0.0,0.5,0,1
4635,2018-05-27,79.68,202.41,0.0,-2.0,-7.4,-2,-174,1,1,0,0.0,0.5,1,1
4632,2018-05-27,37.88,256.52,3.0,-1.0,-6.44,-1,-35,1,1,0,0.0,0.5002,0,0
4632,2018-05-27,-37.88,256.52,-3.0,1.0,6.44,1,35,1,1,0,-0.0,0.4998,1,0
4631,2018-05-27,-22.23,217.01,3.0,3.0,-13.9,-5,532,0,1,0,-0.0,0.406,1,1
4631,2018-05-27,22.23,217.01,-3.0,-3.0,13.9,5,-532,1,0,0,0.0,0.594,0,1
4630,2018-05-27,-101.94,238.18,1.0,-1.0,-4.25,-2,-15,1,1,0,0.0,0.5395,1,1
4630,2018-05-27,101.94,238.18,-1.0,1.0,4.25,2,15,1,1,0,-0.0,0.4605,0,1
4629,2018-05-27,-39.86,233.81,-3.0,-2.0,-1.24,-6,1134,1,1,0,0.0,0.5941,1,0
4628,2018-05-27,18.06,223.07,1.0,-0.0,3.68,-3,266,1,1,0,-0.0,0.503,1,0
4628,2018-05-27,-18.06,223.07,-1.0,0.0,-3.68,3,-266,1,1,0,0.0,0.497,0,0
4625,2018-05-27,-44.15,203.94,-1.0,-0.0,-9.87,-7,14,1,1,0,-0.0,0.4999,1,0
4625,2018-05-27,44.15,203.94,1.0,0.0,9.87,7,-14,1,1,0,0.0,0.5001,0,0
4629,2018-05-27,39.86,233.81,3.0,2.0,1.24,6,-1134,1,1,0,-0.0,0.4059,0,0
4641,2018-06-01,-95.85,178.35,1.0,1.0,0.71,-2,35,1,1,0,0.0,0.4612,0,0
4645,2018-06-01,84.81,197.79,-2.0,-0.0,6.01,24,14,1,1,0,-0.0,0.5952,0,1
4645,2018-06-01,-84.81,197.79,2.0,0.0,-6.01,-24,-14,1,1,0,0.0,0.4048,1,1
4643,2018-06-01,17.85,201.34,5.0,1.0,-4.71,-15,-14,1,1,0,-0.0,0.4041,1,0
4643,2018-06-01,-17.85,201.34,-5.0,-1.0,4.71,15,14,1,1,0,0.0,0.5959,0,0
4641,2018-06-01,95.85,178.35,-1.0,-1.0,-0.71,2,-35,1,1,0,-0.0,0.5388,1,0
4640,2018-06-01,-99.43,280.1,-1.0,-2.0,1.73,0,188,0,1,0,-0.0,0.4305,0,0
4639,2018-06-01,7.58,166.88,-6.0,-5.0,-1.96,5,308,1,1,0,-0.0,0.4405,0,1
4639,2018-06-01,-7.58,166.88,6.0,5.0,1.96,-5,-308,1,1,0,0.0,0.5595,1,1
4640,2018-06-01,99.43,280.1,1.0,2.0,-1.73,0,-188,1,0,0,0.0,0.5695,1,0
4637,2018-06-01,-40.75,232.66,1.0,3.0,3.97,1,0,1,1,0,0.0,0.4277,0,1
4637,2018-06-01,40.75,232.66,-1.0,-3.0,-3.97,-1,0,1,1,0,-0.0,0.5723,1,1
4636,2018-06-01,-104.03,238.64,-1.0,2.0,1.17,-2,-140,1,1,0,-0.0,0.5249,1,1
4636,2018-06-01,104.03,238.64,1.0,-2.0,-1.17,2,140,1,1,0,0.0,0.4751,0,1
4659,2018-06-09,-2.89,154.82,-4.0,-3.0,7.86,6,21,1,1,0,0.0,0.5665,0,1
4658,2018-06-09,-109.0,183.74,4.0,2.0,-9.05,-4,-364,1,1,0,0.0,0.4075,1,0
4658,2018-06-09,109.0,183.74,-4.0,-2.0,9.05,4,364,1,1,0,-0.0,0.5925,0,0
4657,2018-06-09,-88.08,181.29,1.0,4.0,-8.84,-15,-182,0,1,0,-0.0,0.5375,1,1
4657,2018-06-09,88.08,181.29,-1.0,-4.0,8.84,15,182,1,0,0,0.0,0.4625,0,1
4655,2018-06-09,-24.44,198.17,-1.0,-0.0,-8.74,-7,-42,1,1,0,-0.0,0.5003,1,1
4655,2018-06-09,24.44,198.17,1.0,0.0,8.74,7,42,1,1,0,0.0,0.4997,0,1
4654,2018-06-09,38.69,214.98,-0.0,-3.0,1.16,-1,-99,1,1,0,-0.0,0.5015,0,1
4659,2018-06-09,2.89,154.82,4.0,3.0,-7.86,-6,-21,1,1,0,-0.0,0.4335,1,1
4653,2018-06-09,-31.15,201.65,-0.0,-0.0,-10.76,-8,-70,1,1,0,0.0,0.5,1,1
4653,2018-06-09,31.15,201.65,0.0,0.0,10.76,8,70,1,1,0,-0.0,0.5,0,1
4651,2018-06-09,-51.59,205.69,-2.0,-1.0,-14.11,-23,21,1,1,0,-0.0,0.4398,1,0
4651,2018-06-09,51.59,205.69,2.0,1.0,14.11,23,-21,1,1,0,0.0,0.5602,0,0
4649,2018-06-09,0.16,173.63,2.0,3.0,-3.32,-15,49,1,1,1,-0.1389,0.5003,1,0
4649,2018-06-09,-0.16,173.63,-2.0,-3.0,3.32,15,-49,1,1,1,0.1389,0.4997,0,0
4648,2018-06-09,49.52,188.23,-0.0,-0.0,13.64,-1,-217,1,1,0,-0.0,0.5,0,0
4648,2018-06-09,-49.52,188.23,0.0,0.0,-13.64,1,217,1,1,0,0.0,0.5,1,0
4654,2018-06-09,-38.69,214.98,0.0,3.0,-1.16,1,99,1,1,0,0.0,0.4985,1,1
4666,2018-06-23,59.71,233.85,-6.0,-0.0,-9.81,-10,-35,0,1,0,-0.0,0.4939,1,1
4663,2018-06-23,-170.27,236.52,2.0,1.0,1.34,6,0,1,1,0,-0.0,0.5001,1,1
4663,2018-06-23,170.27,236.52,-2.0,-1.0,-1.34,-6,0,1,1,0,0.0,0.4999,0,1
4666,2018-06-23,-59.71,233.85,6.0,0.0,9.81,10,35,1,0,0,0.0,0.5061,0,1
4662,2018-06-23,49.98,203.2,1.0,0.0,8.44,12,-14,1,1,0,0.0,0.5064,1,0
4661,2018-06-23,-73.27,172.25,1.0,1.0,-8.41,-18,-27,1,1,0,0.0,0.5249,1,0
4661,2018-06-23,73.27,172.25,-1.0,-1.0,8.41,18,27,1,1,0,-0.0,0.4751,0,0
4662,2018-06-23,-49.98,203.2,-1.0,-0.0,-8.44,-12,14,1,1,0,-0.0,0.4936,0,0
4685,2018-07-06,-3.4,249.83,1.0,1.0,2.1,2,79,1,1,0,-0.0,0.5035,1,1
4679,2018-07-06,45.91,258.52,-2.0,2.0,-0.4,-3,0,1,1,0,-0.0,0.4993,0,1
4685,2018-07-06,3.4,249.83,-1.0,-1.0,-2.1,-2,-79,1,1,0,0.0,0.4965,0,1
4674,2018-07-06,-83.38,214.98,6.0,3.0,-1.59,-14,0,1,1,0,-0.0,0.4999,1,0
4674,2018-07-06,83.38,214.98,-6.0,-3.0,1.59,14,0,1,1,0,0.0,0.5001,0,0
4679,2018-07-06,-45.91,258.52,2.0,-2.0,0.4,3,0,1,1,0,0.0,0.5007,1,1
4692,2018-07-07,102.58,197.36,-5.0,-3.0,4.93,5,70,1,1,0,0.0,0.5181,1,1
4695,2018-07-07,28.0,200.93,-4.0,-2.0,3.57,-1,7,1,1,0,0.0,0.5206,0,0
4695,2018-07-07,-28.0,200.93,4.0,2.0,-3.57,1,-7,1,1,0,-0.0,0.4794,1,0
4694,2018-07-07,-45.19,259.05,-0.0,-3.0,2.0,3,-6,1,1,0,0.0,0.5,0,1
4694,2018-07-07,45.19,259.05,0.0,3.0,-2.0,-3,6,1,1,0,-0.0,0.5,1,1
4693,2018-07-07,63.55,250.67,-1.0,-0.0,4.01,0,-273,1,1,0,0.0,0.4585,1,1
4693,2018-07-07,-63.55,250.67,1.0,0.0,-4.01,0,273,1,1,0,-0.0,0.5415,0,1
4692,2018-07-07,-102.58,197.36,5.0,3.0,-4.93,-5,-70,1,1,0,-0.0,0.4819,0,1
4691,2018-07-07,80.12,215.78,-7.0,1.0,-6.72,-9,-49,1,1,0,-0.0,0.5,1,1
4686,2018-07-07,-12.6,181.8,8.0,5.0,-3.42,4,0,1,1,1,-0.1429,0.4047,0,1
4689,2018-07-07,-28.3,184.19,-3.0,-3.0,0.86,3,-139,1,1,0,0.0,0.5464,1,0
4689,2018-07-07,28.3,184.19,3.0,3.0,-0.86,-3,139,1,1,0,-0.0,0.4536,0,0
4688,2018-07-07,-80.37,199.86,1.0,-1.0,-7.39,-3,-84,1,0,0,0.0,0.4325,1,1
4688,2018-07-07,80.37,199.86,-1.0,1.0,7.39,3,84,0,1,0,-0.0,0.5675,0,1
4687,2018-07-07,-15.43,194.16,-4.0,-1.0,1.57,6,-29,1,1,0,-0.0,0.4277,1,1
4687,2018-07-07,15.43,194.16,4.0,1.0,-1.57,-6,29,1,1,0,0.0,0.5723,0,1
4686,2018-07-07,12.6,181.8,-8.0,-5.0,3.42,-4,0,1,1,1,0.1429,0.5953,1,1
4691,2018-07-07,-80.12,215.78,7.0,-1.0,6.72,9,49,1,1,0,0.0,0.5,0,1
4704,2018-07-14,-51.88,200.7,-0.0,-4.0,-4.37,-14,-27,1,1,0,-0.0,0.4041,1,1
4704,2018-07-14,51.88,200.7,0.0,4.0,4.37,14,27,1,1,0,0.0,0.5959,0,1
4703,2018-07-14,85.37,199.46,-2.0,-1.0,-5.19,-5,-357,1,1,0,-0.0,0.5474,1,1
4703,2018-07-14,-85.37,199.46,2.0,1.0,5.19,5,357,1,1,0,0.0,0.4526,0,1
4702,2018-07-14,115.44,216.12,-0.0,-0.0,5.03,3,7,1,1,0,0.0,0.538,0,0
4702,2018-07-14,-115.44,216.12,0.0,0.0,-5.03,-3,-7,1,1,0,-0.0,0.462,1,0
4701,2018-07-14,-31.69,187.28,-7.0,-4.0,3.5,2,750,1,1,0,-0.0,0.4166,1,1
4701,2018-07-14,31.69,187.28,7.0,4.0,-3.5,-2,-750,1,1,0,0.0,0.5834,0,1
4700,2018-07-14,-24.45,227.36,2.0,3.0,-0.77,2,84,1,1,0,0.0,0.5079,0,1
4699,2018-07-14,-72.02,204.01,4.0,6.0,-2.33,-11,28,1,1,0,0.0,0.4045,1,0
4699,2018-07-14,72.02,204.01,-4.0,-6.0,2.33,11,-28,1,1,0,-0.0,0.5955,0,0
4698,2018-07-14,-22.21,218.37,1.0,-1.0,9.19,-2,-13,1,1,0,0.0,0.4138,0,1
4698,2018-07-14,22.21,218.37,-1.0,1.0,-9.19,2,13,1,1,0,-0.0,0.5862,1,1
4700,2018-07-14,24.45,227.36,-2.0,-3.0,0.77,-2,-84,1,1,0,-0.0,0.4921,1,1
4716,2018-07-22,88.4,235.01,-4.0,-3.0,2.29,3,-98,1,1,0,0.0,0.5002,0,0
4720,2018-07-22,-93.32,264.16,-2.0,-2.0,8.57,2,504,1,1,0,0.0,0.5555,0,1
4720,2018-07-22,93.32,264.16,2.0,2.0,-8.57,-2,-504,1,1,0,-0.0,0.4445,1,1
4719,2018-07-22,-58.39,265.07,-2.0,-0.0,-3.36,-2,14,1,0,0,0.0,0.4605,1,1
4719,2018-07-22,58.39,265.07,2.0,0.0,3.36,2,-14,0,1,0,-0.0,0.5395,0,1
4716,2018-07-22,-88.4,235.01,4.0,3.0,-2.29,-3,98,1,1,0,-0.0,0.4998,1,0
4715,2018-07-22,97.26,254.07,1.0,-0.0,2.43,4,-70,1,1,0,-0.0,0.5013,0,0
4710,2018-07-22,-17.58,183.7,-0.0,3.0,-6.67,-9,-455,1,1,0,-0.0,0.5377,1,1
4713,2018-07-22,51.47,187.39,6.0,8.0,-2.28,14,-13,1,1,0,-0.0,0.4727,0,1
4713,2018-07-22,-51.47,187.39,-6.0,-8.0,2.28,-14,13,1,1,0,0.0,0.5273,1,1
4711,2018-07-22,-100.78,179.76,3.0,1.0,-9.9,-3,-126,1,1,0,0.0,0.4424,1,1
4711,2018-07-22,100.78,179.76,-3.0,-1.0,9.9,3,126,1,1,0,-0.0,0.5576,0,1
4710,2018-07-22,17.58,183.7,0.0,-3.0,6.67,9,455,1,1,0,0.0,0.4623,0,1
4715,2018-07-22,-97.26,254.07,-1.0,0.0,-2.43,-4,70,1,1,0,0.0,0.4987,1,0
4730,2018-07-28,-90.69,250.24,5.0,2.0,-6.84,2,-28,1,1,0,0.0,0.5682,1,0
4731,2018-07-28,27.81,162.77,-1.0,0.0,-0.6,-10,56,1,1,0,-0.0,0.4998,1,1
4731,2018-07-28,-27.81,162.77,1.0,-0.0,0.6,10,-56,1,1,0,0.0,0.5002,0,1
4732,2018-07-28,49.74,221.65,0.0,-3.0,4.23,4,49,1,1,0,-0.0,0.5446,0,1
4733,2018-07-28,59.51,215.02,1.0,1.0,-4.03,-9,21,1,1,0,-0.0,0.5427,0,1
4733,2018-07-28,-59.51,215.02,-1.0,-1.0,4.03,9,-21,1,1,0,0.0,0.4573,1,1
4730,2018-07-28,90.69,250.24,-5.0,-2.0,6.84,-2,28,1,1,0,-0.0,0.4318,0,0
4734,2018-07-28,18.73,221.17,-1.0,-1.0,0.31,4,-77,1,1,0,0.0,0.5083,0,1
4734,2018-07-28,-18.73,221.17,1.0,1.0,-0.31,-4,77,1,1,0,-0.0,0.4917,1,1
4732,2018-07-28,-49.74,221.65,-0.0,3.0,-4.23,-4,-49,1,1,0,0.0,0.4554,1,1
4729,2018-07-28,34.41,226.86,-5.0,-1.0,-7.52,0,56,1,1,0,-0.0,0.5098,1,0
4729,2018-07-28,-34.41,226.86,5.0,1.0,7.52,0,-56,1,1,0,0.0,0.4902,0,0
4727,2018-07-28,36.34,219.46,-1.0,-1.0,-0.85,-4,-64,1,1,0,0.0,0.5441,0,1
4727,2018-07-28,-36.34,219.46,1.0,1.0,0.85,4,64,1,1,0,-0.0,0.4559,1,1
4726,2018-07-28,91.39,243.14,-2.0,-0.0,3.6,7,-35,1,1,0,0.0,0.5878,0,0
4726,2018-07-28,-91.39,243.14,2.0,0.0,-3.6,-7,35,1,1,0,-0.0,0.4122,1,0
4725,2018-07-28,-80.69,200.23,-5.0,-5.0,-2.0,-2,42,1,1,0,0.0,0.5398,0,1
4725,2018-07-28,80.69,200.23,5.0,5.0,2.0,2,-42,1,1,0,-0.0,0.4602,1,1
4724,2018-07-28,-158.1,165.38,1.0,2.0,0.29,17,-84,1,1,0,0.0,0.4999,0,1
4724,2018-07-28,158.1,165.38,-1.0,-2.0,-0.29,-17,84,1,1,0,-0.0,0.5001,1,1
4723,2018-07-28,83.97,191.66,3.0,-0.0,-5.02,13,-133,1,1,0,-0.0,0.5378,1,0
4723,2018-07-28,-83.97,191.66,-3.0,0.0,5.02,-13,133,1,1,0,0.0,0.4622,0,0
4743,2018-08-04,-17.42,250.24,1.0,-0.0,7.89,3,-71,1,1,0,-0.0,0.515,0,1
4743,2018-08-04,17.42,250.24,-1.0,0.0,-7.89,-3,71,1,1,0,0.0,0.485,1,1
4741,2018-08-04,-5.1,219.81,6.0,1.0,-5.46,-5,-49,1,1,0,0.0,0.5211,0,1
4741,2018-08-04,5.1,219.81,-6.0,-1.0,5.46,5,49,1,1,0,-0.0,0.4789,1,1
4739,2018-08-04,7.09,264.51,0.0,0.0,0.29,-2,-20,1,1,0,-0.0,0.5876,0,0
4739,2018-08-04,-7.09,264.51,-0.0,-0.0,-0.29,2,20,1,1,0,0.0,0.4124,1,0
4738,2018-08-04,19.05,197.94,-2.0,-3.0,5.55,10,-14,1,1,0,-0.0,0.4073,0,1
4737,2018-08-04,-158.24,185.36,-2.0,1.0,-0.49,-9,-56,1,1,1,0.1618,0.404,1,1
4737,2018-08-04,158.24,185.36,2.0,-1.0,0.49,9,56,1,1,1,-0.1618,0.596,0,1
4736,2018-08-04,-35.79,192.14,-2.0,2.0,-5.41,-7,0,1,1,1,-0.1429,0.4494,0,1
4736,2018-08-04,35.79,192.14,2.0,-2.0,5.41,7,0,1,1,1,0.1429,0.5506,1,1
4738,2018-08-04,-19.05,197.94,2.0,3.0,-5.55,-10,14,1,1,0,0.0,0.5927,1,1
4760,2018-08-25,-109.82,206.65,-0.0,-0.0,-1.25,-10,-49,1,1,0,-0.0,0.4796,0,0
4760,2018-08-25,109.82,206.65,0.0,0.0,1.25,10,49,1,1,0,0.0,0.5204,1,0
4759,2018-08-25,-31.36,200.67,3.0,3.0,4.14,-1,224,1,1,0,0.0,0.5126,0,0
4759,2018-08-25,31.36,200.67,-3.0,-3.0,-4.14,1,-224,1,1,0,-0.0,0.4874,1,0
4757,2018-08-25,-68.23,228.43,-1.0,-2.0,10.86,2,-84,1,1,0,0.0,0.5013,0,0
4757,2018-08-25,68.23,228.43,1.0,2.0,-10.86,-2,84,1,1,0,-0.0,0.4987,1,0
4756,2018-08-25,-3.36,250.56,-1.0,-0.0,-0.21,-2,-162,1,1,0,-0.0,0.5919,0,1
4756,2018-08-25,3.36,250.56,1.0,0.0,0.21,2,162,1,1,0,0.0,0.4081,1,1
4755,2018-08-25,19.0,223.23,1.0,-2.0,11.71,16,-7,1,0,0,0.0,0.4921,0,0
4754,2018-08-25,48.02,201.36,-1.0,-3.0,-4.59,-1,-118,1,1,0,-0.0,0.5011,0,1
4755,2018-08-25,-19.0,223.23,-1.0,2.0,-11.71,-16,7,0,1,0,-0.0,0.5079,1,0
4752,2018-08-25,44.42,214.03,2.0,-1.0,-3.75,-10,70,1,1,0,-0.0,0.4625,1,1
4754,2018-08-25,-48.02,201.36,1.0,3.0,4.59,1,118,1,1,0,0.0,0.4989,1,1
4748,2018-08-25,239.63,221.09,6.0,4.0,1.72,7,55,1,1,0,0.0,0.5662,0,1
4749,2018-08-25,3.01,177.15,-1.0,-1.0,4.06,8,13,1,1,0,0.0,0.4999,1,0
4749,2018-08-25,-3.01,177.15,1.0,1.0,-4.06,-8,-13,1,1,0,-0.0,0.5001,0,0
4748,2018-08-25,-239.63,221.09,-6.0,-4.0,-1.72,-7,-55,1,1,0,-0.0,0.4338,1,1
4750,2018-08-25,27.34,207.99,-3.0,-4.0,2.31,-1,49,1,1,0,0.0,0.4969,0,1
4751,2018-08-25,-28.04,183.63,-1.0,-3.0,4.1,13,-272,1,1,0,-0.0,0.4465,0,0
4751,2018-08-25,28.04,183.63,1.0,3.0,-4.1,-13,272,1,1,0,0.0,0.5535,1,0
4752,2018-08-25,-44.42,214.03,-2.0,1.0,3.75,10,-70,1,1,0,0.0,0.5375,0,1
4750,2018-08-25,-27.34,207.99,3.0,4.0,-2.31,1,-49,1,1,0,-0.0,0.5031,1,1
4766,2018-09-08,84.74,230.02,3.0,4.0,-3.19,-4,21,1,1,0,-0.0,0.4977,1,0
4772,2018-09-08,-91.96,249.38,1.0,1.0,6.21,0,35,1,1,0,0.0,0.5377,1,1
4771,2018-09-08,-142.41,177.19,-0.0,4.0,-5.15,-22,97,1,1,0,0.0,0.4265,0,1
4771,2018-09-08,142.41,177.19,0.0,-4.0,5.15,22,-97,1,1,0,-0.0,0.5735,1,1
4768,2018-09-08,-74.51,263.64,-2.0,-1.0,1.28,2,22,1,1,0,0.0,0.4625,0,0
4768,2018-09-08,74.51,263.64,2.0,1.0,-1.28,-2,-22,1,1,0,-0.0,0.5375,1,0
4767,2018-09-08,-5.45,220.25,-7.0,-1.0,-0.28,-7,49,1,1,0,0.0,0.4042,0,1
4772,2018-09-08,91.96,249.38,-1.0,-1.0,-6.21,0,-35,1,1,0,-0.0,0.4623,0,1
4766,2018-09-08,-84.74,230.02,-3.0,-4.0,3.19,4,-21,1,1,0,0.0,0.5023,0,0
4767,2018-09-08,5.45,220.25,7.0,1.0,0.28,7,-49,1,1,0,-0.0,0.5958,1,1
4765,2018-09-08,-61.97,231.36,-3.0,-2.0,4.13,-1,175,1,1,0,0.0,0.462,1,1
4764,2018-09-08,-30.81,197.91,-2.0,-1.0,4.76,7,90,1,1,0,-0.0,0.4998,0,1
4764,2018-09-08,30.81,197.91,2.0,1.0,-4.76,-7,-90,1,1,0,0.0,0.5002,1,1
4763,2018-09-08,-159.11,249.87,-1.0,-3.0,0.81,0,-42,1,1,0,0.0,0.4838,0,1
4763,2018-09-08,159.11,249.87,1.0,3.0,-0.81,0,42,1,1,0,-0.0,0.5162,1,1
4762,2018-09-08,-7.5,195.16,2.0,2.0,5.94,-6,-42,1,1,0,0.0,0.499,0,1
4762,2018-09-08,7.5,195.16,-2.0,-2.0,-5.94,6,42,1,1,0,-0.0,0.501,1,1
4761,2018-09-08,-46.38,201.65,-0.0,3.0,-10.72,-5,-302,1,1,1,0.1,0.4633,0,0
4761,2018-09-08,46.38,201.65,0.0,-3.0,10.72,5,302,1,1,1,-0.1,0.5367,1,0
4765,2018-09-08,61.97,231.36,3.0,2.0,-4.13,1,-175,1,1,0,-0.0,0.538,0,1
4782,2018-09-15,-17.26,279.1,2.0,0.0,-3.89,0,-21,1,1,0,0.0,0.5,1,1
4781,2018-09-15,-102.75,225.13,-0.0,1.0,-1.17,-3,-272,1,1,0,0.0,0.5003,0,0
4781,2018-09-15,102.75,225.13,0.0,-1.0,1.17,3,272,1,1,0,-0.0,0.4997,1,0
4780,2018-09-15,-111.27,206.04,2.0,3.0,2.54,-4,-329,1,1,0,-0.0,0.4986,0,1
4780,2018-09-15,111.27,206.04,-2.0,-3.0,-2.54,4,329,1,1,0,0.0,0.5014,1,1
4782,2018-09-15,17.26,279.1,-2.0,-0.0,3.89,0,21,1,1,0,-0.0,0.5,0,1
4776,2018-09-15,77.61,186.93,1.0,0.0,2.58,21,-196,1,1,0,-0.0,0.5601,0,1
4775,2018-09-15,34.83,196.96,-1.0,1.0,-9.03,0,462,1,1,0,-0.0,0.4876,0,1
4775,2018-09-15,-34.83,196.96,1.0,-1.0,9.03,0,-462,1,1,0,0.0,0.5124,1,1
4774,2018-09-15,22.94,190.39,8.0,4.0,-3.24,-8,-91,1,1,0,-0.0,0.4979,1,1
4774,2018-09-15,-22.94,190.39,-8.0,-4.0,3.24,8,91,1,1,0,0.0,0.5021,0,1
4776,2018-09-15,-77.61,186.93,-1.0,-0.0,-2.58,-21,196,1,1,0,0.0,0.4399,1,1
4797,2018-09-22,-122.44,174.08,-7.0,-4.0,3.59,-10,70,1,1,0,-0.0,0.406,0,0
4797,2018-09-22,122.44,174.08,7.0,4.0,-3.59,10,-70,1,1,0,0.0,0.594,1,0
4795,2018-09-22,-64.68,182.27,5.0,2.0,-0.72,6,-118,1,1,0,-0.0,0.4943,0,1
4795,2018-09-22,64.68,182.27,-5.0,-2.0,0.72,-6,118,1,1,0,0.0,0.5057,1,1
4792,2018-09-22,47.99,161.55,0.0,-1.0,3.32,-1,48,1,1,0,-0.0,0.4927,1,1
4792,2018-09-22,-47.99,161.55,-0.0,1.0,-3.32,1,-48,1,1,0,0.0,0.5073,0,1
4791,2018-09-22,138.55,204.41,3.0,0.0,0.27,17,-1099,1,1,0,-0.0,0.4329,1,1
4788,2018-09-22,-61.41,181.1,-0.0,-0.0,9.92,-5,559,1,1,0,-0.0,0.4612,1,1
4788,2018-09-22,61.41,181.1,0.0,0.0,-9.92,5,-559,1,1,0,0.0,0.5388,0,1
4786,2018-09-22,-31.86,204.84,-1.0,-1.0,-3.29,-11,-21,0,0,0,0.0,0.5,0,0
4786,2018-09-22,31.86,204.84,1.0,1.0,3.29,11,21,0,0,0,-0.0,0.5,1,0
4791,2018-09-22,-138.55,204.41,-3.0,-0.0,-0.27,-17,1099,1,1,0,0.0,0.5671,0,1
4805,2018-10-06,-29.78,186.34,-2.0,-1.0,8.34,0,119,1,1,0,-0.0,0.5937,1,1
4811,2018-10-06,126.53,197.05,1.0,1.0,6.2,0,0,1,1,0,0.0,0.4111,0,0
4810,2018-10-06,30.74,161.06,-2.0,-1.0,-5.26,1,-329,1,1,0,-0.0,0.5955,1,1
4810,2018-10-06,-30.74,161.06,2.0,1.0,5.26,-1,329,1,1,0,0.0,0.4045,0,1
4809,2018-10-06,-47.65,260.34,3.0,-1.0,-7.67,-3,85,0,1,0,-0.0,0.5,1,1
4811,2018-10-06,-126.53,197.05,-1.0,-1.0,-6.2,0,0,1,1,0,-0.0,0.5889,1,0
4809,2018-10-06,47.65,260.34,-3.0,1.0,7.67,3,-85,1,0,0,0.0,0.5,0,1
4808,2018-10-06,95.14,219.09,5.0,2.0,0.2,0,-56,1,1,0,-0.0,0.4208,0,0
4808,2018-10-06,-95.14,219.09,-5.0,-2.0,-0.2,0,56,1,1,0,0.0,0.5792,1,0
4805,2018-10-06,29.78,186.34,2.0,1.0,-8.34,0,-119,1,1,0,0.0,0.4063,0,1
4802,2018-10-06,20.59,207.1,3.0,-1.0,6.72,14,-35,1,1,0,0.0,0.5024,0,1
4804,2018-10-06,-46.37,218.7,-3.0,-1.0,-1.3,-2,-7,1,1,0,-0.0,0.501,1,1
4803,2018-10-06,5.88,204.1,1.0,4.0,-3.71,-10,112,1,1,0,0.0,0.5402,0,1
4803,2018-10-06,-5.88,204.1,-1.0,-4.0,3.71,10,-112,1,1,0,-0.0,0.4598,1,1
4802,2018-10-06,-20.59,207.1,-3.0,1.0,-6.72,-14,35,1,1,0,-0.0,0.4976,1,1
4801,2018-10-06,-151.11,174.65,-4.0,-1.0,-2.96,0,-273,1,1,0,0.0,0.4908,0,1
4801,2018-10-06,151.11,174.65,4.0,1.0,2.96,0,273,1,1,0,-0.0,0.5092,1,1
4800,2018-10-06,-17.45,192.73,4.0,-1.0,0.19,0,511,1,1,1,-0.4,0.4039,0,0
4800,2018-10-06,17.45,192.73,-4.0,1.0,-0.19,0,-511,1,1,1,0.4,0.5961,1,0
4804,2018-10-06,46.37,218.7,3.0,1.0,1.3,2,7,1,1,0,0.0,0.499,0,1
4819,2018-10-27,82.8,247.16,-0.0,-0.0,-8.48,-3,-154,1,1,0,0.0,0.5001,1,0
4819,2018-10-27,-82.8,247.16,0.0,0.0,8.48,3,154,1,1,0,-0.0,0.4999,0,0
4818,2018-10-27,15.71,197.29,2.0,-0.0,-9.72,0,15,1,1,0,0.0,0.538,1,1
4818,2018-10-27,-15.71,197.29,-2.0,0.0,9.72,0,-15,1,1,0,-0.0,0.462,0,1
4817,2018-10-27,-33.55,187.31,3.0,2.0,2.58,4,161,1,1,0,0.0,0.5165,1,1
4817,2018-10-27,33.55,187.31,-3.0,-2.0,-2.58,-4,-161,1,1,0,-0.0,0.4835,0,1
4816,2018-10-27,43.4,168.52,1.0,-2.0,4.88,7,329,1,1,0,-0.0,0.5911,0,1
4814,2018-10-27,-35.41,202.64,-1.0,-1.0,6.28,5,-126,1,1,0,0.0,0.4279,0,1
4814,2018-10-27,35.41,202.64,1.0,1.0,-6.28,-5,126,1,1,0,-0.0,0.5721,1,1
4813,2018-10-27,-131.82,190.27,-8.0,-1.0,-0.19,-13,308,1,1,0,0.0,0.5001,0,1
4813,2018-10-27,131.82,190.27,8.0,1.0,0.19,13,-308,1,1,0,-0.0,0.4999,1,1
4812,2018-10-27,-23.82,216.65,1.0,2.0,1.15,5,-183,1,1,0,-0.0,0.4996,1,1
4812,2018-10-27,23.82,216.65,-1.0,-2.0,-1.15,-5,183,1,1,0,0.0,0.5004,0,1
4816,2018-10-27,-43.4,168.52,-1.0,2.0,-4.88,-7,-329,1,1,0,0.0,0.4089,1,1
4831,2018-11-03,98.88,264.55,-2.0,-3.0,-2.59,-2,35,1,1,0,0.0,0.5003,1,1
4831,2018-11-03,-98.88,264.55,2.0,3.0,2.59,2,-35,1,1,0,-0.0,0.4997,0,1
4832,2018-11-03,77.55,264.23,-2.0,-1.0,0.96,0,64,1,1,0,0.0,0.5695,0,0
4832,2018-11-03,-77.55,264.23,2.0,1.0,-0.96,0,-64,1,1,0,-0.0,0.4305,1,0
4835,2018-11-03,165.82,250.28,5.0,0.0,-4.53,2,175,1,1,0,0.0,0.4982,1,1
4833,2018-11-03,53.16,214.5,3.0,2.0,2.12,14,-427,1,1,0,-0.0,0.5706,0,1
4835,2018-11-03,-165.82,250.28,-5.0,-0.0,4.53,-2,-175,1,1,0,-0.0,0.5018,0,1
4830,2018-11-03,-51.19,226.09,1.0,-0.0,4.8,-5,120,0,1,0,-0.0,0.5047,1,1
4833,2018-11-03,-53.16,214.5,-3.0,-2.0,-2.12,-14,427,1,1,0,0.0,0.4294,1,1
4830,2018-11-03,51.19,226.09,-1.0,0.0,-4.8,5,-120,1,0,0,0.0,0.4953,0,1
4827,2018-11-03,94.38,211.06,1.0,2.0,2.47,0,28,1,0,0,0.0,0.5003,0,0
4829,2018-11-03,25.49,212.54,-3.0,-3.0,5.55,10,160,1,1,0,-0.0,0.5091,0,0
4828,2018-11-03,18.48,249.11,-1.0,-1.0,0.79,2,196,1,1,0,0.0,0.4125,0,0
4828,2018-11-03,-18.48,249.11,1.0,1.0,-0.79,-2,-196,1,1,0,-0.0,0.5875,1,0
4827,2018-11-03,-94.38,211.06,-1.0,-2.0,-2.47,0,-28,0,1,0,-0.0,0.4997,1,0
4829,2018-11-03,-25.49,212.54,3.0,3.0,-5.55,-10,-160,1,1,0,0.0,0.4909,1,0
4826,2018-11-03,-50.92,182.38,-6.0,-1.0,4.53,-2,-294,1,1,0,0.0,0.484,1,1
4826,2018-11-03,50.92,182.38,6.0,1.0,-4.53,2,294,1,1,0,-0.0,0.516,0,1
4825,2018-11-03,-116.94,178.2,7.0,4.0,-5.89,4,-91,1,1,1,-0.3212,0.4048,0,1
4825,2018-11-03,116.94,178.2,-7.0,-4.0,5.89,-4,91,1,1,1,0.3212,0.5952,1,1
4848,2018-11-10,-79.43,250.12,3.0,-0.0,3.19,2,146,0,1,0,0.0,0.4565,0,1
4848,2018-11-10,79.43,250.12,-3.0,0.0,-3.19,-2,-146,1,0,0,-0.0,0.5435,1,1
4847,2018-11-10,-78.17,251.4,-1.0,-0.0,3.55,2,-21,1,1,0,0.0,0.5028,1,0
4843,2018-11-10,75.38,239.11,-5.0,-4.0,-4.01,2,-70,1,1,0,-0.0,0.4999,0,0
4843,2018-11-10,-75.38,239.11,5.0,4.0,4.01,-2,70,1,1,0,0.0,0.5001,1,0
4842,2018-11-10,-10.19,280.1,4.0,4.0,-1.51,0,0,1,1,0,-0.0,0.5788,0,0
4847,2018-11-10,78.17,251.4,1.0,0.0,-3.55,-2,21,1,1,0,-0.0,0.4972,0,0
4839,2018-11-10,11.78,213.06,4.0,2.0,4.37,-4,455,1,1,0,-0.0,0.4909,1,1
4839,2018-11-10,-11.78,213.06,-4.0,-2.0,-4.37,4,-455,1,1,0,0.0,0.5091,0,1
4838,2018-11-10,-114.95,174.44,-2.0,-3.0,-8.47,-20,-14,1,1,0,0.0,0.4663,0,1
4838,2018-11-10,114.95,174.44,2.0,3.0,8.47,20,14,1,1,0,-0.0,0.5337,1,1
4837,2018-11-10,12.68,220.83,-1.0,4.0,-5.56,1,-98,1,1,0,0.0,0.5026,1,1
4837,2018-11-10,-12.68,220.83,1.0,-4.0,5.56,-1,98,1,1,0,-0.0,0.4974,0,1
4842,2018-11-10,10.19,280.1,-4.0,-4.0,1.51,0,0,1,1,0,0.0,0.4212,1,0
4856,2018-11-17,-73.43,219.46,4.0,5.0,0.52,4,-35,1,1,0,-0.0,0.4334,0,0
4856,2018-11-17,73.43,219.46,-4.0,-5.0,-0.52,-4,35,1,1,0,0.0,0.5666,1,0
4855,2018-11-17,-47.41,218.99,8.0,6.0,-4.75,-8,-64,1,1,0,0.0,0.4045,0,1
4855,2018-11-17,47.41,218.99,-8.0,-6.0,4.75,8,64,1,1,0,-0.0,0.5955,1,1
4854,2018-11-17,10.22,250.2,3.0,4.0,-1.43,-2,-140,1,1,0,-0.0,0.4043,0,1
4854,2018-11-17,-10.22,250.2,-3.0,-4.0,1.43,2,140,1,1,0,0.0,0.5957,1,1
4853,2018-11-17,-17.34,218.09,-2.0,-2.0,12.96,-5,77,1,1,0,-0.0,0.5212,0,0
4850,2018-11-17,41.91,167.24,-0.0,2.0,-1.99,5,-35,1,1,0,0.0,0.5015,0,1
4850,2018-11-17,-41.91,167.24,0.0,-2.0,1.99,-5,35,1,1,0,-0.0,0.4985,1,1
4849,2018-11-17,-5.61,176.2,-7.0,-3.0,0.85,-9,162,1,1,0,0.0,0.404,1,1
4849,2018-11-17,5.61,176.2,7.0,3.0,-0.85,9,-162,1,1,0,-0.0,0.596,0,1
4853,2018-11-17,17.34,218.09,2.0,2.0,-12.96,5,-77,1,1,0,0.0,0.4788,1,0
4868,2018-11-24,99.24,263.63,0.0,1.0,-7.27,-2,-21,1,1,0,0.0,0.5942,1,0
4871,2018-11-24,-12.28,279.73,-6.0,-4.0,7.41,0,140,1,1,0,-0.0,0.4294,0,0
4871,2018-11-24,12.28,279.73,6.0,4.0,-7.41,0,-140,1,1,0,0.0,0.5706,1,0
4868,2018-11-24,-99.24,263.63,-0.0,-1.0,7.27,2,21,1,1,0,-0.0,0.4058,0,0
4865,2018-11-24,-50.84,245.41,1.0,-1.0,-0.44,3,-35,1,1,0,0.0,0.5441,1,1
4861,2018-11-24,-7.1,209.55,3.0,-0.0,4.45,2,-28,1,1,0,-0.0,0.5724,1,1
4864,2018-11-24,-136.12,236.14,4.0,-0.0,-2.37,-9,-29,1,1,0,0.0,0.5616,0,1
4864,2018-11-24,136.12,236.14,-4.0,0.0,2.37,9,29,1,1,0,-0.0,0.4384,1,1
4861,2018-11-24,7.1,209.55,-3.0,0.0,-4.45,-2,28,1,1,0,0.0,0.4276,0,1
4865,2018-11-24,50.84,245.41,-1.0,1.0,0.44,-3,35,1,1,0,-0.0,0.4559,0,1
4873,2018-11-30,-60.05,175.79,-6.0,-4.0,2.54,17,-21,1,1,0,-0.0,0.5016,0,0
4873,2018-11-30,60.05,175.79,6.0,4.0,-2.54,-17,21,1,1,0,0.0,0.4984,1,0
4875,2018-11-30,0.8,197.32,-3.0,-2.0,-2.09,1,-154,1,1,0,-0.0,0.4892,1,1
4875,2018-11-30,-0.8,197.32,3.0,2.0,2.09,-1,154,1,1,0,0.0,0.5108,0,1
4879,2018-11-30,79.6,211.34,0.0,-2.0,7.64,12,56,1,1,0,0.0,0.5632,1,0
4879,2018-11-30,-79.6,211.34,-0.0,2.0,-7.64,-12,-56,1,1,0,-0.0,0.4368,0,0
4895,2018-12-01,26.07,228.63,4.0,3.0,-8.72,-1,-224,1,1,0,-0.0,0.5957,1,1
4895,2018-12-01,-26.07,228.63,-4.0,-3.0,8.72,1,224,1,1,0,0.0,0.4043,0,1
4892,2018-12-01,19.92,202.15,-0.0,1.0,-3.57,-5,63,1,1,0,-0.0,0.4319,0,0
4892,2018-12-01,-19.92,202.15,0.0,-1.0,3.57,5,-63,1,1,0,0.0,0.5681,1,0
4888,2018-12-01,-45.06,192.41,-0.0,1.0,4.69,0,-105,1,1,0,0.0,0.5004,1,1
4888,2018-12-01,45.06,192.41,0.0,-1.0,-4.69,0,105,1,1,0,-0.0,0.4996,0,1
4887,2018-12-01,-47.52,208.76,-6.0,-3.0,13.32,13,-147,1,1,0,-0.0,0.5,0,0
4886,2018-12-01,-39.34,194.12,3.0,2.0,-9.81,-13,29,1,1,0,-0.0,0.5403,0,1
4886,2018-12-01,39.34,194.12,-3.0,-2.0,9.81,13,-29,1,1,0,0.0,0.4597,1,1
4885,2018-12-01,-72.53,206.92,-2.0,-2.0,-9.13,-14,35,1,1,0,-0.0,0.5,0,0
4885,2018-12-01,72.53,206.92,2.0,2.0,9.13,14,-35,1,1,0,0.0,0.5,1,0
4887,2018-12-01,47.52,208.76,6.0,3.0,-13.32,-13,147,1,1,0,0.0,0.5,1,0
4904,2018-12-08,-135.11,216.6,-2.0,-3.0,2.42,4,35,1,1,0,-0.0,0.5001,1,1
4905,2018-12-08,86.13,213.89,0.0,0.0,-1.11,3,118,1,1,0,0.0,0.5,1,0
4905,2018-12-08,-86.13,213.89,-0.0,-0.0,1.11,-3,-118,1,1,0,-0.0,0.5,0,0
4906,2018-12-08,42.09,253.54,-5.0,-1.0,-4.91,-4,-83,0,1,0,0.0,0.5,1,0
4907,2018-12-08,-181.74,212.14,4.0,4.0,-2.53,-2,35,1,1,0,-0.0,0.5002,1,1
4907,2018-12-08,181.74,212.14,-4.0,-4.0,2.53,2,-35,1,1,0,0.0,0.4998,0,1
4909,2018-12-08,-83.97,245.22,-3.0,-4.0,1.82,3,106,1,1,0,-0.0,0.5,0,1
4909,2018-12-08,83.97,245.22,3.0,4.0,-1.82,-3,-106,1,1,0,0.0,0.5,1,1
4903,2018-12-08,-47.13,198.88,1.0,1.0,2.6,0,21,1,1,0,-0.0,0.5049,1,0
4906,2018-12-08,-42.09,253.54,5.0,1.0,4.91,4,83,1,0,0,-0.0,0.5,0,0
4903,2018-12-08,47.13,198.88,-1.0,-1.0,-2.6,0,-21,1,1,0,0.0,0.4951,0,0
4904,2018-12-08,135.11,216.6,2.0,3.0,-2.42,-4,-35,1,1,0,0.0,0.4999,0,1
4902,2018-12-08,61.56,215.34,-1.0,-1.0,-3.01,3,49,1,1,0,0.0,0.5111,0,1
4897,2018-12-08,22.49,188.37,0.0,3.0,-0.78,11,91,1,1,1,0.3889,0.5016,1,0
4897,2018-12-08,-22.49,188.37,-0.0,-3.0,0.78,-11,-91,1,1,1,-0.3889,0.4984,0,0
4902,2018-12-08,-61.56,215.34,1.0,1.0,3.01,-3,-49,1,1,0,-0.0,0.4889,1,1
4898,2018-12-08,123.1,204.72,-1.0,1.0,0.55,5,-175,0,1,1,0.0606,0.4052,0,0
4899,2018-12-08,38.04,186.67,4.0,0.0,0.43,2,-433,1,1,0,-0.0,0.5347,0,0
4898,2018-12-08,-123.1,204.72,1.0,-1.0,-0.55,-5,175,1,0,1,-0.0606,0.5948,1,0
4900,2018-12-08,23.03,246.18,3.0,1.0,-4.4,-3,-112,1,1,0,-0.0,0.5,1,1
4900,2018-12-08,-23.03,246.18,-3.0,-1.0,4.4,3,112,1,1,0,0.0,0.5,0,1
4901,2018-12-08,-41.65,179.58,3.0,-1.0,3.89,-6,189,1,1,0,0.0,0.5,0,1
4901,2018-12-08,41.65,179.58,-3.0,1.0,-3.89,6,-189,1,1,0,-0.0,0.5,1,1
4899,2018-12-08,-38.04,186.67,-4.0,-0.0,-0.43,-2,433,1,1,0,0.0,0.4653,1,0
4918,2018-12-15,76.57,194.37,-0.0,-3.0,-3.57,-1,8,1,1,0,-0.0,0.4977,1,0
4918,2018-12-15,-76.57,194.37,0.0,3.0,3.57,1,-8,1,1,0,0.0,0.5023,0,0
4917,2018-12-15,-27.69,220.9,-0.0,-0.0,-0.48,1,55,1,1,0,0.0,0.5614,1,0
4917,2018-12-15,27.69,220.9,0.0,0.0,0.48,-1,-55,1,1,0,-0.0,0.4386,0,0
4916,2018-12-15,37.68,242.67,1.0,-1.0,-0.42,1,22,1,1,0,0.0,0.5,1,0
4916,2018-12-15,-37.68,242.67,-1.0,1.0,0.42,-1,-22,1,1,0,-0.0,0.5,0,0
4915,2018-12-15,3.14,217.28,-1.0,-1.0,-1.5,-4,-161,1,1,0,0.0,0.4606,1,1
4915,2018-12-15,-3.14,217.28,1.0,1.0,1.5,4,161,1,1,0,-0.0,0.5394,0,1
4913,2018-12-15,-6.41,150.03,-3.0,-2.0,6.13,9,14,1,1,0,0.0,0.552,0,0
4912,2018-12-15,29.79,192.1,-2.0,-2.0,-6.15,4,-91,1,1,0,0.0,0.4541,0,1
4912,2018-12-15,-29.79,192.1,2.0,2.0,6.15,-4,91,1,1,0,-0.0,0.5459,1,1
4911,2018-12-15,-52.38,175.48,-0.0,1.0,-4.06,-9,-77,1,1,0,-0.0,0.5379,0,0
4911,2018-12-15,52.38,175.48,0.0,-1.0,4.06,9,77,1,1,0,0.0,0.4621,1,0
4910,2018-12-15,-47.12,181.56,-7.0,1.0,5.35,-2,14,1,1,0,0.0,0.404,1,1
4910,2018-12-15,47.12,181.56,7.0,-1.0,-5.35,2,-14,1,1,0,-0.0,0.596,0,1
4913,2018-12-15,6.41,150.03,3.0,2.0,-6.13,-9,-14,1,1,0,-0.0,0.448,1,0
4929,2018-12-29,47.15,244.47,-1.0,-0.0,-7.64,-3,-224,1,1,0,-0.0,0.4605,1,0
4930,2018-12-29,-45.41,204.56,0.0,-1.0,6.2,23,-204,1,1,0,-0.0,0.5002,0,0
4930,2018-12-29,45.41,204.56,-0.0,1.0,-6.2,-23,204,1,1,0,0.0,0.4998,1,0
4931,2018-12-29,-17.51,279.01,-6.0,-2.0,-5.3,0,113,1,1,0,-0.0,0.5432,1,0
4933,2018-12-29,-27.88,239.84,-3.0,-3.0,3.62,4,77,1,1,0,-0.0,0.5238,0,1
4933,2018-12-29,27.88,239.84,3.0,3.0,-3.62,-4,-77,1,1,0,0.0,0.4762,1,1
4934,2018-12-29,120.3,252.68,-9.0,-4.0,5.68,4,84,1,1,0,-0.0,0.5219,0,0
4934,2018-12-29,-120.3,252.68,9.0,4.0,-5.68,-4,-84,1,1,0,0.0,0.4781,1,0
4931,2018-12-29,17.51,279.01,6.0,2.0,5.3,0,-113,1,1,0,0.0,0.4568,0,0
4928,2018-12-29,-92.41,248.89,4.0,6.0,-7.62,-5,35,1,0,0,0.0,0.5706,1,0
4929,2018-12-29,-47.15,244.47,1.0,0.0,7.64,3,224,1,1,0,0.0,0.5395,0,0
4926,2018-12-29,20.0,201.99,5.0,-0.0,-3.41,-8,0,1,1,0,0.0,0.5,1,1
4926,2018-12-29,-20.0,201.99,-5.0,0.0,3.41,8,0,1,1,0,-0.0,0.5,0,1
4925,2018-12-29,-3.46,186.76,6.0,5.0,-7.15,2,-148,1,1,0,0.0,0.4434,1,1
4925,2018-12-29,3.46,186.76,-6.0,-5.0,7.15,-2,148,1,1,0,-0.0,0.5566,0,1
4924,2018-12-29,56.57,177.77,-0.0,-1.0,-3.61,-4,-84,0,1,0,-0.0,0.5137,1,0
4924,2018-12-29,-56.57,177.77,0.0,1.0,3.61,4,84,1,0,0,0.0,0.4863,0,0
4923,2018-12-29,49.94,211.2,1.0,-0.0,-2.89,5,-70,0,1,1,-0.0,0.5819,1,1
4923,2018-12-29,-49.94,211.2,-1.0,0.0,2.89,-5,70,1,0,1,0.0,0.4181,0,1
4922,2018-12-29,-182.28,169.8,-5.0,1.0,0.51,-3,-400,1,1,1,-0.0546,0.4446,0,1
4922,2018-12-29,182.28,169.8,5.0,-1.0,-0.51,3,400,1,1,1,0.0546,0.5554,1,1
4928,2018-12-29,92.41,248.89,-4.0,-6.0,7.62,5,-35,0,1,0,-0.0,0.4294,0,0
4946,2019-01-19,-37.17,236.96,3.0,-0.0,-2.14,-5,-99,1,1,0,-0.0,0.4784,1,0
4946,2019-01-19,37.17,236.96,-3.0,0.0,2.14,5,99,1,1,0,0.0,0.5216,0,0
4941,2019-01-19,-82.25,204.67,-1.0,-4.0,-9.51,-27,105,1,1,0,0.0,0.4663,0,1
4940,2019-01-19,-121.17,208.88,-2.0,-1.0,-10.93,-12,-104,0,1,0,-0.0,0.5206,0,0
4940,2019-01-19,121.17,208.88,2.0,1.0,10.93,12,104,1,0,0,0.0,0.4794,1,0
4941,2019-01-19,82.25,204.67,1.0,4.0,9.51,27,-105,1,1,0,-0.0,0.5337,1,1
4938,2019-01-19,112.22,174.01,0.0,-1.0,4.4,3,-125,1,1,0,0.0,0.5925,1,0
4937,2019-01-19,-94.61,208.02,4.0,3.0,-0.82,7,103,1,1,0,-0.0,0.5024,0,1
4937,2019-01-19,94.61,208.02,-4.0,-3.0,0.82,-7,-103,1,1,0,0.0,0.4976,1,1
4935,2019-01-19,59.69,183.47,3.0,2.0,1.0,6,0,0,1,1,-0.3778,0.5506,0,1
4935,2019-01-19,-59.69,183.47,-3.0,-2.0,-1.0,-6,0,1,0,1,0.3778,0.4494,1,1
4938,2019-01-19,-112.22,174.01,-0.0,1.0,-4.4,-3,125,1,1,0,-0.0,0.4075,0,0
4959,2019-02-02,-82.89,263.09,-2.0,-1.0,3.32,-2,21,0,1,0,0.0,0.524,1,1
4959,2019-02-02,82.89,263.09,2.0,1.0,-3.32,2,-21,1,0,0,-0.0,0.476,0,1
4956,2019-02-02,-86.1,189.36,6.0,2.0,-2.16,-19,70,1,1,0,0.0,0.463,0,1
4956,2019-02-02,86.1,189.36,-6.0,-2.0,2.16,19,-70,1,1,0,-0.0,0.537,1,1
4952,2019-02-02,18.7,259.1,-2.0,-2.0,3.5,3,118,1,1,0,0.0,0.5178,0,1
4952,2019-02-02,-18.7,259.1,2.0,2.0,-3.5,-3,-118,1,1,0,-0.0,0.4822,1,1
4951,2019-02-02,57.29,190.67,-1.0,-1.0,0.46,-17,197,1,1,0,0.0,0.5017,0,0
4951,2019-02-02,-57.29,190.67,1.0,1.0,-0.46,17,-197,1,1,0,-0.0,0.4983,1,0
4950,2019-02-02,125.16,195.41,-2.0,1.0,7.55,25,168,1,1,0,0.0,0.5945,1,0
4949,2019-02-02,-87.54,199.0,2.0,4.0,-2.7,-6,-7,1,1,0,-0.0,0.5927,0,1
4949,2019-02-02,87.54,199.0,-2.0,-4.0,2.7,6,7,1,1,0,0.0,0.4073,1,1
4948,2019-02-02,-82.79,211.08,1.0,1.0,-5.77,-9,36,1,1,0,-0.0,0.4641,1,1
4948,2019-02-02,82.79,211.08,-1.0,-1.0,5.77,9,-36,1,1,0,0.0,0.5359,0,1
4950,2019-02-02,-125.16,195.41,2.0,-1.0,-7.55,-25,-168,1,1,0,-0.0,0.4055,0,0
4966,2019-02-09,22.89,253.02,6.0,-2.0,-4.89,-4,-273,1,1,0,-0.0,0.5,1,1
4969,2019-02-09,71.89,216.64,4.0,2.0,3.87,-1,-42,1,1,0,-0.0,0.562,1,0
4969,2019-02-09,-71.89,216.64,-4.0,-2.0,-3.87,1,42,1,1,0,0.0,0.438,0,0
4966,2019-02-09,-22.89,253.02,-6.0,2.0,4.89,4,273,1,1,0,0.0,0.5,0,1
4965,2019-02-09,52.0,223.63,1.0,-0.0,9.83,15,70,1,1,0,0.0,0.5316,0,0
4961,2019-02-09,-68.55,198.22,3.0,2.0,-14.27,-17,-630,1,1,0,0.0,0.4489,1,0
4963,2019-02-09,-39.78,218.93,2.0,-0.0,-7.97,-13,21,1,1,0,-0.0,0.4977,1,1
4963,2019-02-09,39.78,218.93,-2.0,0.0,7.97,13,-21,1,1,0,0.0,0.5023,0,1
4961,2019-02-09,68.55,198.22,-3.0,-2.0,14.27,17,630,1,1,0,-0.0,0.5511,0,0
4965,2019-02-09,-52.0,223.63,-1.0,0.0,-9.83,-15,-70,1,1,0,-0.0,0.4684,1,0
4982,2019-02-17,-117.06,200.37,-3.0,-0.0,1.14,-10,28,1,1,0,-0.0,0.4798,1,0
4982,2019-02-17,117.06,200.37,3.0,0.0,-1.14,10,-28,1,1,0,0.0,0.5202,0,0
4981,2019-02-17,51.35,185.27,-1.0,-1.0,-0.87,14,0,1,1,0,-0.0,0.5065,1,1
4981,2019-02-17,-51.35,185.27,1.0,1.0,0.87,-14,0,1,1,0,0.0,0.4935,0,1
4980,2019-02-17,40.51,249.25,2.0,-2.0,-1.6,-5,-42,1,1,0,0.0,0.5634,1,1
4980,2019-02-17,-40.51,249.25,-2.0,2.0,1.6,5,42,1,1,0,-0.0,0.4366,0,1
4978,2019-02-17,-20.24,197.49,3.0,3.0,-0.09,4,0,1,1,0,-0.0,0.596,1,1
4978,2019-02-17,20.24,197.49,-3.0,-3.0,0.09,-4,0,1,1,0,0.0,0.404,0,1
4977,2019-02-17,110.27,186.97,-1.0,-1.0,1.65,0,42,1,1,0,-0.0,0.5833,0,1
4976,2019-02-17,-40.55,200.65,-3.0,1.0,2.57,-1,42,1,1,0,0.0,0.5056,0,0
4976,2019-02-17,40.55,200.65,3.0,-1.0,-2.57,1,-42,1,1,0,-0.0,0.4944,1,0
4974,2019-02-17,138.8,212.27,-3.0,-3.0,-0.19,-4,-84,1,1,0,-0.0,0.5141,1,1
4974,2019-02-17,-138.8,212.27,3.0,3.0,0.19,4,84,1,1,0,0.0,0.4859,0,1
4973,2019-02-17,-101.57,186.89,-6.0,-4.0,2.83,0,49,1,1,0,0.0,0.5091,1,1
4973,2019-02-17,101.57,186.89,6.0,4.0,-2.83,0,-49,1,1,0,-0.0,0.4909,0,1
4972,2019-02-17,72.45,185.78,-6.0,-3.0,4.11,5,868,1,1,0,-0.0,0.4298,0,1
4972,2019-02-17,-72.45,185.78,6.0,3.0,-4.11,-5,-868,1,1,0,0.0,0.5702,1,1
4977,2019-02-17,-110.27,186.97,1.0,1.0,-1.65,0,-42,1,1,0,0.0,0.4167,1,1
4992,2019-02-23,-127.5,257.32,1.0,-1.0,-0.45,-1,126,1,1,0,0.0,0.4923,0,0
4995,2019-02-23,-91.04,199.82,1.0,1.0,1.79,-4,-84,1,1,0,-0.0,0.549,1,1
4995,2019-02-23,91.04,199.82,-1.0,-1.0,-1.79,4,84,1,1,0,0.0,0.451,0,1
4993,2019-02-23,82.89,234.08,1.0,2.0,1.75,1,189,1,1,0,-0.0,0.5001,0,1
4993,2019-02-23,-82.89,234.08,-1.0,-2.0,-1.75,-1,-189,1,1,0,0.0,0.4999,1,1
4988,2019-02-23,15.57,211.88,1.0,4.0,-8.38,-11,-112,1,1,0,-0.0,0.5,1,0
4992,2019-02-23,127.5,257.32,-1.0,1.0,0.45,1,-126,1,1,0,-0.0,0.5077,1,0
4987,2019-02-23,-4.64,222.09,1.0,2.0,-10.31,-4,-56,0,1,0,0.0,0.5003,0,1
4987,2019-02-23,4.64,222.09,-1.0,-2.0,10.31,4,56,1,0,0,-0.0,0.4997,1,1
4985,2019-02-23,-2.64,179.62,-9.0,-10.0,2.65,-13,-104,1,1,0,-0.0,0.5116,0,1
4985,2019-02-23,2.64,179.62,9.0,10.0,-2.65,13,104,1,1,0,0.0,0.4884,1,1
4984,2019-02-23,67.26,178.47,-2.0,-0.0,-0.87,7,-84,1,1,0,-0.0,0.4448,1,1
4984,2019-02-23,-67.26,178.47,2.0,0.0,0.87,-7,84,1,1,0,0.0,0.5552,0,1
4988,2019-02-23,-15.57,211.88,-1.0,-4.0,8.38,11,112,1,1,0,0.0,0.5,0,0
5008,2019-03-02,-54.05,271.51,-5.0,-4.0,-0.03,-1,-98,1,1,0,-0.0,0.4124,1,1
5008,2019-03-02,54.05,271.51,5.0,4.0,0.03,1,98,1,1,0,0.0,0.5876,0,1
5005,2019-03-02,13.6,186.05,2.0,4.0,-10.06,-23,14,1,1,0,-0.0,0.4988,0,0
5005,2019-03-02,-13.6,186.05,-2.0,-4.0,10.06,23,-14,1,1,0,0.0,0.5012,1,0
5004,2019-03-02,29.68,219.55,3.0,-0.0,0.19,3,56,1,1,0,-0.0,0.5472,0,1
5004,2019-03-02,-29.68,219.55,-3.0,0.0,-0.19,-3,-56,1,1,0,0.0,0.4528,1,1
5003,2019-03-02,-12.51,236.16,5.0,3.0,-5.09,-5,-98,1,1,0,-0.0,0.5104,1,1
5003,2019-03-02,12.51,236.16,-5.0,-3.0,5.09,5,98,1,1,0,0.0,0.4896,0,1
5002,2019-03-02,65.4,192.07,2.0,4.0,-4.77,-25,-42,1,1,0,-0.0,0.5956,1,1
5001,2019-03-02,-32.38,196.69,-0.0,-2.0,4.83,3,-118,1,1,0,0.0,0.5379,1,1
5001,2019-03-02,32.38,196.69,0.0,2.0,-4.83,-3,118,1,1,0,-0.0,0.4621,0,1
5000,2019-03-02,-15.81,230.54,3.0,3.0,0.01,-7,-119,1,1,0,-0.0,0.5201,1,0
5000,2019-03-02,15.81,230.54,-3.0,-3.0,-0.01,7,119,1,1,0,0.0,0.4799,0,0
4998,2019-03-02,25.02,188.92,2.0,3.0,-5.09,-2,-83,1,1,1,0.3232,0.5214,1,0
4998,2019-03-02,-25.02,188.92,-2.0,-3.0,5.09,2,83,1,1,1,-0.3232,0.4786,0,0
4997,2019-03-02,-233.39,177.26,-8.0,-0.0,-1.02,-8,63,1,1,1,-0.1889,0.4784,0,1
4997,2019-03-02,233.39,177.26,8.0,0.0,1.02,8,-63,1,1,1,0.1889,0.5216,1,1
5002,2019-03-02,-65.4,192.07,-2.0,-4.0,4.77,25,42,1,1,0,0.0,0.4044,0,1
5015,2019-03-09,-57.27,188.02,1.0,0.0,-7.39,1,-70,1,1,0,-0.0,0.5006,1,1
5015,2019-03-09,57.27,188.02,-1.0,-0.0,7.39,-1,70,1,1,0,0.0,0.4994,0,1
5016,2019-03-09,70.89,231.58,0.0,0.0,12.39,7,84,1,1,0,0.0,0.538,0,1
5014,2019-03-09,-2.79,177.48,-1.0,-0.0,-6.7,-15,321,1,1,0,0.0,0.5954,1,1
5019,2019-03-09,22.63,213.57,-2.0,1.0,-1.5,7,-154,1,1,0,0.0,0.5009,0,1
5019,2019-03-09,-22.63,213.57,2.0,-1.0,1.5,-7,154,1,1,0,-0.0,0.4991,1,1
5020,2019-03-09,8.18,213.23,0.0,0.0,-3.65,-1,21,1,1,0,0.0,0.544,1,1
5016,2019-03-09,-70.89,231.58,-0.0,-0.0,-12.39,-7,-84,1,1,0,-0.0,0.462,1,1
5014,2019-03-09,2.79,177.48,1.0,0.0,6.7,15,-321,1,1,0,-0.0,0.4046,0,1
5020,2019-03-09,-8.18,213.23,-0.0,-0.0,3.65,1,-21,1,1,0,-0.0,0.456,0,1
5013,2019-03-09,104.94,183.05,2.0,2.0,-0.54,3,-77,1,1,0,-0.0,0.5121,1,1
5009,2019-03-09,-27.3,165.58,2.0,-1.0,-1.02,-2,28,1,1,0,-0.0,0.4999,0,1
5009,2019-03-09,27.3,165.58,-2.0,1.0,1.02,2,-28,1,1,0,0.0,0.5001,1,1
5010,2019-03-09,15.08,229.95,-3.0,-3.0,0.97,4,98,1,1,0,-0.0,0.5512,1,1
5010,2019-03-09,-15.08,229.95,3.0,3.0,-0.97,-4,-98,1,1,0,0.0,0.4488,0,1
5013,2019-03-09,-104.94,183.05,-2.0,-2.0,0.54,-3,77,1,1,0,0.0,0.4879,0,1
5011,2019-03-09,16.16,190.79,1.0,-2.0,-5.61,-11,83,1,1,0,-0.0,0.4993,1,1
5012,2019-03-09,-129.36,236.68,-5.0,-5.0,-4.98,-9,-825,1,1,0,0.0,0.4613,1,0
5012,2019-03-09,129.36,236.68,5.0,5.0,4.98,9,825,1,1,0,-0.0,0.5387,0,0
5011,2019-03-09,-16.16,190.79,-1.0,2.0,5.61,11,-83,1,1,0,0.0,0.5007,0,1
5027,2019-03-16,82.31,244.76,-2.0,1.0,-4.53,3,21,1,1,0,0.0,0.5,1,0
5032,2019-03-16,2.95,279.65,3.0,3.0,1.71,0,113,1,1,0,-0.0,0.4374,0,1
5032,2019-03-16,-2.95,279.65,-3.0,-3.0,-1.71,0,-113,1,1,0,0.0,0.5626,1,1
5029,2019-03-16,96.36,218.69,-0.0,-0.0,5.07,0,260,1,1,0,-0.0,0.5004,0,1
5029,2019-03-16,-96.36,218.69,0.0,0.0,-5.07,0,-260,1,1,0,0.0,0.4996,1,1
5028,2019-03-16,-120.94,238.09,2.0,2.0,6.33,0,-160,1,1,0,-0.0,0.5169,0,0
5028,2019-03-16,120.94,238.09,-2.0,-2.0,-6.33,0,160,1,1,0,0.0,0.4831,1,0
5027,2019-03-16,-82.31,244.76,2.0,-1.0,4.53,-3,-21,1,1,0,-0.0,0.5,0,0
5026,2019-03-16,51.49,230.65,-3.0,-2.0,4.85,-4,56,1,1,0,0.0,0.5199,1,1
5025,2019-03-16,52.49,250.28,-0.0,2.0,2.78,2,322,1,1,0,0.0,0.4489,0,0
5025,2019-03-16,-52.49,250.28,0.0,-2.0,-2.78,-2,-322,1,1,0,-0.0,0.5511,1,0
5024,2019-03-16,61.84,230.84,2.0,2.0,-0.27,-1,21,1,1,0,0.0,0.5001,1,0
5024,2019-03-16,-61.84,230.84,-2.0,-2.0,0.27,1,-21,1,1,0,-0.0,0.4999,0,0
5023,2019-03-16,-18.57,188.13,-2.0,-3.0,3.07,1,-168,1,1,0,-0.0,0.4647,0,0
5023,2019-03-16,18.57,188.13,2.0,3.0,-3.07,-1,168,1,1,0,0.0,0.5353,1,0
5022,2019-03-16,-36.14,190.09,-0.0,-1.0,8.11,9,308,1,1,0,0.0,0.5436,1,0
5022,2019-03-16,36.14,190.09,0.0,1.0,-8.11,-9,-308,1,1,0,-0.0,0.4564,0,0
5026,2019-03-16,-51.49,230.65,3.0,2.0,-4.85,4,-56,1,1,0,-0.0,0.4801,0,1
5039,2019-03-23,29.98,258.71,2.0,-0.0,5.63,3,98,0,0,0,0.0,0.5,0,0
5043,2019-03-23,34.1,201.42,-1.0,1.0,-0.57,1,28,1,1,0,0.0,0.5127,1,1
5043,2019-03-23,-34.1,201.42,1.0,-1.0,0.57,-1,-28,1,1,0,-0.0,0.4873,0,1
5042,2019-03-23,137.81,238.78,4.0,2.0,4.01,8,-14,1,1,0,-0.0,0.4969,0,1
5041,2019-03-23,4.54,198.56,-4.0,-2.0,12.31,-2,182,1,1,0,0.0,0.4623,0,0
5041,2019-03-23,-4.54,198.56,4.0,2.0,-12.31,2,-182,1,1,0,-0.0,0.5377,1,0
5039,2019-03-23,-29.98,258.71,-2.0,0.0,-5.63,-3,-98,0,0,0,-0.0,0.5,1,0
5042,2019-03-23,-137.81,238.78,-4.0,-2.0,-4.01,-8,14,1,1,0,0.0,0.5031,1,1
5038,2019-03-23,17.96,263.45,5.0,5.0,-3.1,0,-127,0,1,0,-0.0,0.5787,1,0
5037,2019-03-23,33.84,209.31,1.0,-0.0,-2.68,-8,42,1,1,0,-0.0,0.4597,0,1
5037,2019-03-23,-33.84,209.31,-1.0,0.0,2.68,8,-42,1,1,0,0.0,0.5403,1,1
5035,2019-03-23,21.43,223.25,-2.0,-3.0,3.59,-3,-7,1,1,0,0.0,0.5,0,0
5035,2019-03-23,-21.43,223.25,2.0,3.0,-3.59,3,7,1,1,0,-0.0,0.5,1,0
5034,2019-03-23,-59.5,173.7,-3.0,-2.0,-3.96,3,-132,0,1,0,-0.0,0.5583,1,1
5034,2019-03-23,59.5,173.7,3.0,2.0,3.96,-3,132,1,0,0,0.0,0.4417,0,1
5038,2019-03-23,-17.96,263.45,-5.0,-5.0,3.1,0,127,1,0,0,0.0,0.4213,0,0
5058,2019-03-30,-60.67,243.17,-0.0,-0.0,-2.44,-1,20,1,1,0,0.0,0.5528,0,1
5058,2019-03-30,60.67,243.17,0.0,0.0,2.44,1,-20,1,1,0,-0.0,0.4472,1,1
5055,2019-03-30,-74.56,240.0,4.0,2.0,-4.88,-4,21,1,1,0,0.0,0.5572,1,0
5054,2019-03-30,-35.21,253.77,3.0,-0.0,0.64,-4,-195,1,1,0,-0.0,0.4985,1,1
5054,2019-03-30,35.21,253.77,-3.0,0.0,-0.64,4,195,1,1,0,0.0,0.5015,0,1
5053,2019-03-30,8.64,187.45,4.0,2.0,-5.04,-20,-49,1,1,0,0.0,0.5001,1,0
5053,2019-03-30,-8.64,187.45,-4.0,-2.0,5.04,20,49,1,1,0,-0.0,0.4999,0,0
5051,2019-03-30,5.79,265.23,1.0,-1.0,2.6,2,28,1,1,0,0.0,0.4594,0,1
5055,2019-03-30,74.56,240.0,-4.0,-2.0,4.88,4,-21,1,1,0,-0.0,0.4428,0,0
5049,2019-03-30,-4.07,210.11,-2.0,-0.0,-0.23,-2,-28,1,1,0,-0.0,0.5159,1,1
5049,2019-03-30,4.07,210.11,2.0,0.0,0.23,2,28,1,1,0,0.0,0.4841,0,1
5048,2019-03-30,10.26,187.6,3.0,4.0,-1.25,14,-245,1,1,0,-0.0,0.5001,0,0
5048,2019-03-30,-10.26,187.6,-3.0,-4.0,1.25,-14,245,1,1,0,0.0,0.4999,1,0
5047,2019-03-30,68.08,205.96,-1.0,-0.0,-6.7,-1,-42,1,1,0,-0.0,0.5855,1,1
5047,2019-03-30,-68.08,205.96,1.0,0.0,6.7,1,42,1,1,0,0.0,0.4145,0,1
5046,2019-03-30,-129.33,199.9,-5.0,-0.0,-2.81,-16,112,1,1,0,-0.0,0.5,1,1
5046,2019-03-30,129.33,199.9,5.0,0.0,2.81,16,-112,1,1,0,0.0,0.5,0,1
5051,2019-03-30,-5.79,265.23,-1.0,1.0,-2.6,-2,-28,1,1,0,-0.0,0.5406,1,1
5064,2019-04-13,-53.69,271.92,-6.0,-6.0,4.93,-1,391,1,1,0,-0.0,0.4279,1,0
5065,2019-04-13,-41.98,204.01,-2.0,-1.0,5.27,7,-14,1,1,0,0.0,0.5015,0,0
5065,2019-04-13,41.98,204.01,2.0,1.0,-5.27,-7,14,1,1,0,-0.0,0.4985,1,0
5069,2019-04-13,-43.74,246.5,-5.0,-1.0,3.5,3,63,1,1,0,0.0,0.4349,0,0
5068,2019-04-13,-30.0,219.62,-4.0,-3.0,-0.61,4,49,1,1,0,0.0,0.596,1,1
5069,2019-04-13,43.74,246.5,5.0,1.0,-3.5,-3,-63,1,1,0,-0.0,0.5651,1,0
5064,2019-04-13,53.69,271.92,6.0,6.0,-4.93,1,-391,1,1,0,0.0,0.5721,0,0
5068,2019-04-13,30.0,219.62,4.0,3.0,0.61,-4,-49,1,1,0,-0.0,0.404,0,1
5063,2019-04-13,-51.1,177.19,-3.0,-0.0,-8.91,-8,21,1,1,0,-0.0,0.4907,1,0
5061,2019-04-13,-37.07,218.82,1.0,-0.0,-2.85,0,21,1,1,0,-0.0,0.5,1,1
5062,2019-04-13,-94.59,224.45,3.0,1.0,-2.8,-9,-364,1,1,0,0.0,0.5,1,0
5062,2019-04-13,94.59,224.45,-3.0,-1.0,2.8,9,364,1,1,0,-0.0,0.5,0,0
5061,2019-04-13,37.07,218.82,-1.0,0.0,2.85,0,-21,1,1,0,0.0,0.5,0,1
5060,2019-04-13,-5.91,200.46,9.0,7.0,2.26,-8,-273,1,1,1,0.0615,0.4366,1,0
5060,2019-04-13,5.91,200.46,-9.0,-7.0,-2.26,8,273,1,1,1,-0.0615,0.5634,0,0
5059,2019-04-13,-56.07,159.59,3.0,-2.0,2.87,1,133,1,0,1,-0.0684,0.4996,1,0
5059,2019-04-13,56.07,159.59,-3.0,2.0,-2.87,-1,-133,0,1,1,0.0684,0.5004,0,0
5063,2019-04-13,51.1,177.19,3.0,0.0,8.91,8,-21,1,1,0,0.0,0.5093,0,0
5081,2019-04-20,-8.2,263.58,-4.0,-1.0,8.04,2,210,1,1,0,0.0,0.4973,0,0
5081,2019-04-20,8.2,263.58,4.0,1.0,-8.04,-2,-210,1,1,0,-0.0,0.5027,1,0
5080,2019-04-20,3.88,213.23,-2.0,-0.0,4.19,-1,-55,1,1,0,-0.0,0.4198,1,1
5080,2019-04-20,-3.88,213.23,2.0,0.0,-4.19,1,55,1,1,0,0.0,0.5802,0,1
5075,2019-04-20,138.32,259.23,-2.0,1.0,-2.16,-3,-27,1,1,0,0.0,0.5727,0,0
5075,2019-04-20,-138.32,259.23,2.0,-1.0,2.16,3,27,1,1,0,-0.0,0.4273,1,0
5072,2019-04-20,-9.29,187.39,-0.0,-2.0,2.91,-7,70,1,1,0,-0.0,0.4979,0,1
5072,2019-04-20,9.29,187.39,0.0,2.0,-2.91,7,-70,1,1,0,0.0,0.5021,1,1
5095,2019-04-27,-123.19,194.64,-0.0,3.0,-4.14,-7,-42,1,1,0,-0.0,0.4047,1,1
5095,2019-04-27,123.19,194.64,0.0,-3.0,4.14,7,42,1,1,0,0.0,0.5953,0,1
5090,2019-04-27,-55.95,212.32,-0.0,-0.0,-12.26,-26,-7,1,1,0,-0.0,0.4399,1,1
5090,2019-04-27,55.95,212.32,0.0,0.0,12.26,26,7,1,1,0,0.0,0.5601,0,1
5087,2019-04-27,-72.07,210.27,3.0,8.0,-1.86,-12,-252,1,1,0,-0.0,0.5069,1,0
5087,2019-04-27,72.07,210.27,-3.0,-8.0,1.86,12,252,1,1,0,0.0,0.4931,0,0
5086,2019-04-27,130.05,197.45,1.0,1.0,14.13,11,-175,1,1,0,-0.0,0.4762,1,0
5085,2019-04-27,-77.98,187.91,-5.0,-1.0,-3.56,-4,28,1,1,0,0.0,0.4097,1,1
5085,2019-04-27,77.98,187.91,5.0,1.0,3.56,4,-28,1,1,0,-0.0,0.5903,0,1
5083,2019-04-27,-93.02,191.54,5.0,-0.0,-8.51,-4,-147,1,1,0,-0.0,0.5186,1,1
5083,2019-04-27,93.02,191.54,-5.0,0.0,8.51,4,147,1,1,0,0.0,0.4814,0,1
5086,2019-04-27,-130.05,197.45,-1.0,-1.0,-14.13,-11,175,1,1,0,0.0,0.5238,0,0
5099,2019-05-04,-142.53,255.68,4.0,-0.0,0.94,1,84,1,1,0,-0.0,0.5961,1,1
5103,2019-05-04,-48.94,271.57,2.0,-1.0,-2.98,-1,-385,1,1,0,0.0,0.5001,1,1
5103,2019-05-04,48.94,271.57,-2.0,1.0,2.98,1,385,1,1,0,-0.0,0.4999,0,1
5102,2019-05-04,-85.52,253.24,-5.0,-4.0,3.24,4,126,1,1,0,0.0,0.4922,0,1
5102,2019-05-04,85.52,253.24,5.0,4.0,-3.24,-4,-126,1,1,0,-0.0,0.5078,1,1
5099,2019-05-04,142.53,255.68,-4.0,0.0,-0.94,-1,-84,1,1,0,0.0,0.4039,0,1
5096,2019-05-04,56.11,162.55,3.0,3.0,4.09,18,-35,1,1,0,-0.0,0.5337,1,1
5098,2019-05-04,30.4,197.73,-5.0,-3.0,7.38,11,91,1,1,0,0.0,0.4623,0,1
5097,2019-05-04,17.65,184.58,-2.0,-0.0,-4.41,-5,-35,1,1,0,0.0,0.4909,0,0
5097,2019-05-04,-17.65,184.58,2.0,0.0,4.41,5,35,1,1,0,-0.0,0.5091,1,0
5096,2019-05-04,-56.11,162.55,-3.0,-3.0,-4.09,-18,35,1,1,0,0.0,0.4663,0,1
5098,2019-05-04,-30.4,197.73,5.0,3.0,-7.38,-11,-91,1,1,0,-0.0,0.5377,1,1
5113,2019-05-11,46.71,231.98,-4.0,-3.0,15.23,10,0,1,1,0,-0.0,0.4984,0,0
5116,2019-05-11,27.25,146.3,-0.0,-2.0,-2.99,0,203,1,1,0,0.0,0.5209,1,1
5116,2019-05-11,-27.25,146.3,0.0,2.0,2.99,0,-203,1,1,0,-0.0,0.4791,0,1
5115,2019-05-11,26.24,191.23,-0.0,1.0,8.45,2,-196,1,1,0,0.0,0.5157,0,1
5115,2019-05-11,-26.24,191.23,0.0,-1.0,-8.45,-2,196,1,1,0,-0.0,0.4843,1,1
5114,2019-05-11,71.89,266.23,0.0,-2.0,-8.54,-2,-7,1,0,0,0.0,0.5129,1,1
5113,2019-05-11,-46.71,231.98,4.0,3.0,-15.23,-10,0,1,1,0,0.0,0.5016,1,0
5112,2019-05-11,12.89,221.08,-4.0,-4.0,4.76,4,448,1,1,0,-0.0,0.4622,0,1
5114,2019-05-11,-71.89,266.23,-0.0,2.0,8.54,2,7,0,1,0,-0.0,0.4871,0,1
5111,2019-05-11,-48.15,214.25,1.0,4.0,-9.4,-24,77,1,1,0,0.0,0.4631,1,1
5111,2019-05-11,48.15,214.25,-1.0,-4.0,9.4,24,-77,1,1,0,-0.0,0.5369,0,1
5110,2019-05-11,-52.09,197.59,1.0,-1.0,-2.06,-7,35,1,1,0,0.0,0.5,1,1
5110,2019-05-11,52.09,197.59,-1.0,1.0,2.06,7,-35,1,1,0,-0.0,0.5,0,1
5109,2019-05-11,205.95,181.57,-0.0,3.0,8.92,14,-98,1,1,0,-0.0,0.5511,0,0
5109,2019-05-11,-205.95,181.57,0.0,-3.0,-8.92,-14,98,1,1,0,0.0,0.4489,1,0
5108,2019-05-11,-32.62,191.03,-3.0,-4.0,0.76,6,-154,1,1,1,0.125,0.4863,1,1
5108,2019-05-11,32.62,191.03,3.0,4.0,-0.76,-6,154,1,1,1,-0.125,0.5137,0,1
5112,2019-05-11,-12.89,221.08,4.0,4.0,-4.76,-4,-448,1,1,0,0.0,0.5378,1,1
5132,2019-05-18,-109.02,244.88,4.0,6.0,0.24,1,-126,1,1,0,-0.0,0.507,0,1
5132,2019-05-18,109.02,244.88,-4.0,-6.0,-0.24,-1,126,1,1,0,0.0,0.493,1,1
5131,2019-05-18,30.86,227.66,1.0,0.0,8.01,8,-371,1,1,0,0.0,0.4978,1,0
5130,2019-05-18,-8.78,169.42,1.0,-1.0,0.12,9,0,1,1,0,-0.0,0.5911,1,1
5130,2019-05-18,8.78,169.42,-1.0,1.0,-0.12,-9,0,1,1,0,0.0,0.4089,0,1
5129,2019-05-18,-60.15,271.37,1.0,-1.0,-2.14,-1,-119,1,0,0,-0.0,0.5956,1,0
5129,2019-05-18,60.15,271.37,-1.0,1.0,2.14,1,119,0,1,0,0.0,0.4044,0,0
5131,2019-05-18,-30.86,227.66,-1.0,-0.0,-8.01,-8,371,1,1,0,-0.0,0.5022,0,0
5126,2019-05-18,4.39,263.41,-1.0,2.0,-9.84,0,28,1,0,0,-0.0,0.4996,1,1
5124,2019-05-18,1.36,154.67,-6.0,-2.0,5.18,-1,-15,1,1,0,0.0,0.5671,0,1
5124,2019-05-18,-1.36,154.67,6.0,2.0,-5.18,1,15,1,1,0,-0.0,0.4329,1,1
5121,2019-05-18,-71.21,238.45,-7.0,-3.0,1.61,-8,-217,1,1,0,0.0,0.4058,1,1
5121,2019-05-18,71.21,238.45,7.0,3.0,-1.61,8,217,1,1,0,-0.0,0.5942,0,1
5120,2019-05-18,-27.49,159.81,7.0,1.0,-7.86,-12,-15,0,1,0,-0.0,0.5003,0,0
5120,2019-05-18,27.49,159.81,-7.0,-1.0,7.86,12,15,1,0,0,0.0,0.4997,1,0
5126,2019-05-18,-4.39,263.41,1.0,-2.0,9.84,0,-28,0,1,0,0.0,0.5004,0,1
5141,2019-06-01,-90.43,224.28,7.0,4.0,-5.07,-3,-48,1,1,0,-0.0,0.4999,1,0
5141,2019-06-01,90.43,224.28,-7.0,-4.0,5.07,3,48,1,1,0,0.0,0.5001,0,0
5140,2019-06-01,53.22,206.95,5.0,2.0,10.13,-3,749,1,1,0,-0.0,0.5626,1,0
5136,2019-06-01,-89.43,228.02,1.0,1.0,-3.46,0,84,1,1,0,-0.0,0.5959,1,1
5140,2019-06-01,-53.22,206.95,-5.0,-2.0,-10.13,3,-749,1,1,0,0.0,0.4374,0,0
5134,2019-06-01,68.02,216.74,-1.0,3.0,-11.97,-8,0,1,1,0,0.0,0.5,1,1
5134,2019-06-01,-68.02,216.74,1.0,-3.0,11.97,8,0,1,1,0,-0.0,0.5,0,1
5133,2019-06-01,-37.56,179.4,-3.0,-1.0,-1.53,-4,-63,1,1,0,-0.0,0.5387,1,1
5133,2019-06-01,37.56,179.4,3.0,1.0,1.53,4,63,1,1,0,0.0,0.4613,0,1
5136,2019-06-01,89.43,228.02,-1.0,-1.0,3.46,0,-84,1,1,0,0.0,0.4041,0,1
5151,2019-06-08,26.91,184.01,6.0,1.0,-2.9,0,13,1,1,0,0.0,0.5215,1,1
5157,2019-06-08,5.53,211.97,-3.0,-3.0,3.01,2,-42,1,1,0,-0.0,0.5378,0,1
5157,2019-06-08,-5.53,211.97,3.0,3.0,-3.01,-2,42,1,1,0,0.0,0.4622,1,1
5154,2019-06-08,-173.33,221.16,1.0,-2.0,4.42,7,-154,1,1,0,-0.0,0.5493,0,1
5154,2019-06-08,173.33,221.16,-1.0,2.0,-4.42,-7,154,1,1,0,0.0,0.4507,1,1
5153,2019-06-08,-64.19,203.5,1.0,3.0,-5.85,-11,21,1,1,0,0.0,0.4077,1,1
5153,2019-06-08,64.19,203.5,-1.0,-3.0,5.85,11,-21,1,1,0,-0.0,0.5923,0,1
5152,2019-06-08,-51.82,216.51,2.0,2.0,-7.82,-5,315,1,1,0,-0.0,0.5084,1,1
5152,2019-06-08,51.82,216.51,-2.0,-2.0,7.82,5,-315,1,1,0,0.0,0.4916,0,1
5151,2019-06-08,-26.91,184.01,-6.0,-1.0,2.9,0,-13,1,1,0,-0.0,0.4785,0,1
5150,2019-06-08,-112.58,227.56,-2.0,-0.0,5.04,2,-91,1,1,0,0.0,0.4905,0,0
5148,2019-06-08,-3.59,218.32,1.0,-3.0,3.62,4,6,1,1,0,0.0,0.5002,0,0
5149,2019-06-08,-62.77,250.8,-2.0,-3.0,6.43,-2,-98,1,1,0,0.0,0.5001,1,1
5150,2019-06-08,112.58,227.56,2.0,0.0,-5.04,-2,91,1,1,0,-0.0,0.5095,1,0
5145,2019-06-08,44.45,210.03,-3.0,-2.0,1.21,5,14,1,1,1,0.3,0.475,1,1
5145,2019-06-08,-44.45,210.03,3.0,2.0,-1.21,-5,-14,1,1,1,-0.3,0.525,0,1
5146,2019-06-08,144.25,205.89,0.0,-1.0,-1.61,-3,0,1,1,1,-0.0857,0.5947,1,0
5146,2019-06-08,-144.25,205.89,-0.0,1.0,1.61,3,0,1,1,1,0.0857,0.4053,0,0
5147,2019-06-08,57.58,157.39,3.0,-2.0,-0.88,-16,210,1,1,0,-0.0,0.5216,1,1
5147,2019-06-08,-57.58,157.39,-3.0,2.0,0.88,16,-210,1,1,0,0.0,0.4784,0,1
5149,2019-06-08,62.77,250.8,2.0,3.0,-6.43,2,98,1,1,0,-0.0,0.4999,0,1
5148,2019-06-08,3.59,218.32,-1.0,3.0,-3.62,-4,-6,1,1,0,-0.0,0.4998,1,0
5167,2019-06-22,-47.9,270.9,5.0,2.0,-3.73,-1,56,1,1,0,0.0,0.4958,0,1
5165,2019-06-22,-54.55,210.21,7.0,5.0,-9.79,-12,-1582,1,1,0,0.0,0.494,1,0
5165,2019-06-22,54.55,210.21,-7.0,-5.0,9.79,12,1582,1,1,0,-0.0,0.506,0,0
5163,2019-06-22,37.13,250.03,2.0,-0.0,2.91,-2,-14,1,1,0,0.0,0.4525,0,1
5163,2019-06-22,-37.13,250.03,-2.0,0.0,-2.91,2,14,1,1,0,-0.0,0.5475,1,1
5162,2019-06-22,24.22,237.92,7.0,3.0,-2.9,-2,-267,1,1,0,0.0,0.5705,1,1
5162,2019-06-22,-24.22,237.92,-7.0,-3.0,2.9,2,267,1,1,0,-0.0,0.4295,0,1
5161,2019-06-22,-45.39,256.17,1.0,-1.0,6.01,-1,-8,1,1,0,0.0,0.4893,1,1
5159,2019-06-22,-38.58,204.02,6.0,3.0,-1.18,-2,218,1,1,0,-0.0,0.5069,1,0
5159,2019-06-22,38.58,204.02,-6.0,-3.0,1.18,2,-218,1,1,0,0.0,0.4931,0,0
5158,2019-06-22,-37.62,212.56,-0.0,-4.0,2.18,-1,84,1,1,0,-0.0,0.4812,1,1
5158,2019-06-22,37.62,212.56,0.0,4.0,-2.18,1,-84,1,1,0,0.0,0.5188,0,1
5167,2019-06-22,47.9,270.9,-5.0,-2.0,3.73,1,-56,1,1,0,-0.0,0.5042,1,1
5161,2019-06-22,45.39,256.17,-1.0,1.0,-6.01,1,8,1,1,0,-0.0,0.5107,0,1
5174,2019-06-29,43.37,250.08,0.0,-3.0,0.11,-5,70,1,1,0,0.0,0.4921,1,1
5180,2019-06-29,139.79,249.98,6.0,4.0,4.69,-2,-35,1,1,0,0.0,0.5197,1,1
5173,2019-06-29,-29.16,203.92,-1.0,-3.0,-3.95,5,-14,1,1,0,0.0,0.5373,1,0
5180,2019-06-29,-139.79,249.98,-6.0,-4.0,-4.69,2,35,1,1,0,-0.0,0.4803,0,1
5174,2019-06-29,-43.37,250.08,-0.0,3.0,-0.11,5,-70,1,1,0,-0.0,0.5079,0,1
5172,2019-06-29,-1.76,240.53,-1.0,-4.0,11.22,4,330,1,1,0,-0.0,0.414,1,1
5173,2019-06-29,29.16,203.92,1.0,3.0,3.95,-5,14,1,1,0,-0.0,0.4627,0,0
5171,2019-06-29,-59.86,162.91,1.0,-1.0,-12.1,-17,-35,1,1,0,-0.0,0.4978,0,0
5171,2019-06-29,59.86,162.91,-1.0,1.0,12.1,17,35,1,1,0,0.0,0.5022,1,0
5170,2019-06-29,62.18,172.18,-2.0,-1.0,0.7,4,63,1,1,0,0.0,0.4999,1,0
5170,2019-06-29,-62.18,172.18,2.0,1.0,-0.7,-4,-63,1,1,0,-0.0,0.5001,0,0
5169,2019-06-29,25.61,175.59,-6.0,-0.0,2.6,9,-20,1,1,0,0.0,0.4277,0,1
5169,2019-06-29,-25.61,175.59,6.0,0.0,-2.6,-9,20,1,1,0,-0.0,0.5723,1,1
5172,2019-06-29,1.76,240.53,1.0,4.0,-11.22,-4,-330,1,1,0,0.0,0.586,0,1
5190,2019-07-06,-74.82,240.07,-1.0,-2.0,7.92,4,-14,1,1,0,-0.0,0.4668,0,1
5190,2019-07-06,74.82,240.07,1.0,2.0,-7.92,-4,14,1,1,0,0.0,0.5332,1,1
5189,2019-07-06,15.57,223.26,-0.0,2.0,-8.25,-5,98,1,1,0,-0.0,0.499,1,1
5189,2019-07-06,-15.57,223.26,0.0,-2.0,8.25,5,-98,1,1,0,0.0,0.501,0,1
5188,2019-07-06,53.99,192.77,0.0,0.0,-3.33,-1,105,1,1,0,0.0,0.5029,1,1
5186,2019-07-06,254.09,226.82,-3.0,-1.0,-11.78,-1,-553,1,1,0,-0.0,0.547,1,0
5186,2019-07-06,-254.09,226.82,3.0,1.0,11.78,1,553,1,1,0,0.0,0.453,0,0
5188,2019-07-06,-53.99,192.77,-0.0,-0.0,3.33,1,-105,1,1,0,-0.0,0.4971,0,1
5185,2019-07-06,-26.43,161.98,-3.0,-3.0,5.93,17,-63,1,1,0,0.0,0.4862,0,1
5184,2019-07-06,107.04,191.47,-1.0,1.0,-1.65,-2,378,0,1,0,-0.0,0.5053,0,0
5184,2019-07-06,-107.04,191.47,1.0,-1.0,1.65,2,-378,1,0,0,0.0,0.4947,1,0
5182,2019-07-06,-199.12,193.02,-0.0,-0.0,6.62,-2,203,1,1,1,0.4848,0.4184,0,0
5182,2019-07-06,199.12,193.02,0.0,0.0,-6.62,2,-203,1,1,1,-0.4848,0.5816,1,0
5181,2019-07-06,-210.09,162.63,-8.0,-2.0,3.53,-1,7,1,1,1,-0.2544,0.4043,0,1
5181,2019-07-06,210.09,162.63,8.0,2.0,-3.53,1,-7,1,1,1,0.2544,0.5957,1,1
5185,2019-07-06,26.43,161.98,3.0,3.0,-5.93,-17,63,1,1,0,-0.0,0.5138,1,1
5201,2019-07-13,-23.35,202.52,-1.0,-0.0,-0.77,-17,-42,1,1,0,0.0,0.4793,1,0
5201,2019-07-13,23.35,202.52,1.0,0.0,0.77,17,42,1,1,0,-0.0,0.5207,0,0
5199,2019-07-13,-53.71,210.2,-2.0,-3.0,-0.3,-8,-41,1,1,0,0.0,0.4999,0,1
5199,2019-07-13,53.71,210.2,2.0,3.0,0.3,8,41,1,1,0,-0.0,0.5001,1,1
5197,2019-07-13,87.57,201.07,4.0,1.0,8.59,10,-217,1,1,0,-0.0,0.5036,0,1
5197,2019-07-13,-87.57,201.07,-4.0,-1.0,-8.59,-10,217,1,1,0,0.0,0.4964,1,1
5194,2019-07-13,-8.21,208.42,-2.0,0.0,13.3,13,784,1,1,0,-0.0,0.4979,1,1
5195,2019-07-13,-51.36,209.54,0.0,-2.0,5.95,0,-294,1,1,0,0.0,0.4056,1,1
5194,2019-07-13,8.21,208.42,2.0,-0.0,-13.3,-13,-784,1,1,0,0.0,0.5021,0,1
5193,2019-07-13,-12.84,233.98,-5.0,-3.0,-10.85,-3,-189,1,1,0,-0.0,0.4622,0,1
5193,2019-07-13,12.84,233.98,5.0,3.0,10.85,3,189,1,1,0,0.0,0.5378,1,1
5195,2019-07-13,51.36,209.54,-0.0,2.0,-5.95,0,294,1,1,0,-0.0,0.5944,0,1
5211,2019-07-20,-47.35,205.39,-3.0,-0.0,-1.94,-17,-34,1,1,0,0.0,0.4622,0,0
5212,2019-07-20,38.51,209.65,-1.0,-2.0,-0.45,5,182,1,1,0,-0.0,0.509,1,1
5206,2019-07-20,-120.62,193.93,-3.0,3.0,-5.97,2,-14,1,1,0,0.0,0.5021,1,0
5214,2019-07-20,-40.35,246.58,5.0,3.0,6.03,3,-28,1,1,0,-0.0,0.447,0,1
5214,2019-07-20,40.35,246.58,-5.0,-3.0,-6.03,-3,28,1,1,0,0.0,0.553,1,1
5211,2019-07-20,47.35,205.39,3.0,0.0,1.94,17,34,1,1,0,-0.0,0.5378,1,0
5212,2019-07-20,-38.51,209.65,1.0,2.0,0.45,-5,-182,1,1,0,0.0,0.491,0,1
5210,2019-07-20,-12.06,165.57,1.0,1.0,-2.7,-17,49,1,1,0,0.0,0.492,0,1
5205,2019-07-20,6.24,165.54,-4.0,-6.0,6.83,16,-63,1,1,0,-0.0,0.5008,0,1
5209,2019-07-20,70.58,205.8,-2.0,-0.0,14.11,15,119,1,1,0,0.0,0.5753,0,0
5209,2019-07-20,-70.58,205.8,2.0,0.0,-14.11,-15,-119,1,1,0,-0.0,0.4247,1,0
5208,2019-07-20,-86.6,184.68,-1.0,-3.0,-2.97,-1,64,1,1,0,-0.0,0.499,1,0
5208,2019-07-20,86.6,184.68,1.0,3.0,2.97,1,-64,1,1,0,0.0,0.501,0,0
5206,2019-07-20,120.62,193.93,3.0,-3.0,5.97,-2,14,1,1,0,-0.0,0.4979,0,0
5205,2019-07-20,-6.24,165.54,4.0,6.0,-6.83,-16,63,1,1,0,0.0,0.4992,1,1
5210,2019-07-20,12.06,165.57,-1.0,-1.0,2.7,17,-49,1,1,0,-0.0,0.508,1,1
5226,2019-07-27,-8.74,221.31,1.0,-0.0,2.33,-1,21,1,1,0,-0.0,0.4597,1,1
5226,2019-07-27,8.74,221.31,-1.0,0.0,-2.33,1,-21,1,1,0,0.0,0.5403,0,1
5225,2019-07-27,-50.96,270.8,8.0,6.0,-6.38,-1,-588,1,1,0,-0.0,0.4039,0,0
5225,2019-07-27,50.96,270.8,-8.0,-6.0,6.38,1,588,1,1,0,0.0,0.5961,1,0
5223,2019-07-27,-0.79,236.81,-0.0,-2.0,-2.13,-9,-49,0,1,0,-0.0,0.4555,1,1
5223,2019-07-27,0.79,236.81,0.0,2.0,2.13,9,49,1,0,0,0.0,0.5445,0,1
5222,2019-07-27,132.27,232.94,3.0,-0.0,0.5,10,14,1,1,0,-0.0,0.4615,1,0
5222,2019-07-27,-132.27,232.94,-3.0,0.0,-0.5,-10,-14,1,1,0,0.0,0.5385,0,0
5221,2019-07-27,139.75,237.56,-2.0,2.0,7.63,9,133,1,1,0,-0.0,0.4944,0,0
5220,2019-07-27,-5.88,228.33,1.0,1.0,0.91,4,-49,1,1,0,-0.0,0.5003,0,0
5220,2019-07-27,5.88,228.33,-1.0,-1.0,-0.91,-4,49,1,1,0,0.0,0.4997,1,0
5219,2019-07-27,-110.41,249.64,-0.0,-2.0,-5.39,-5,-140,1,1,0,-0.0,0.5406,0,1
5219,2019-07-27,110.41,249.64,0.0,2.0,5.39,5,140,1,1,0,0.0,0.4594,1,1
5218,2019-07-27,-58.1,152.94,-1.0,-5.0,10.13,4,357,1,1,1,0.2667,0.5212,0,1
5218,2019-07-27,58.1,152.94,1.0,5.0,-10.13,-4,-357,1,1,1,-0.2667,0.4788,1,1
5221,2019-07-27,-139.75,237.56,2.0,-2.0,-7.63,-9,-133,1,1,0,0.0,0.5056,1,0
5233,2019-08-03,-64.25,211.02,1.0,2.0,-4.94,-2,8,1,1,0,-0.0,0.4206,0,1
5238,2019-08-03,110.19,235.03,2.0,1.0,-2.85,-3,-246,1,1,0,-0.0,0.5131,0,1
5238,2019-08-03,-110.19,235.03,-2.0,-1.0,2.85,3,246,1,1,0,0.0,0.4869,1,1
5237,2019-08-03,7.74,253.13,1.0,2.0,-0.19,4,14,1,1,0,-0.0,0.5635,1,1
5237,2019-08-03,-7.74,253.13,-1.0,-2.0,0.19,-4,-14,1,1,0,0.0,0.4365,0,1
5236,2019-08-03,-34.73,245.77,-0.0,-0.0,-9.56,3,56,1,1,0,-0.0,0.4276,0,0
5236,2019-08-03,34.73,245.77,0.0,0.0,9.56,-3,-56,1,1,0,0.0,0.5724,1,0
5233,2019-08-03,64.25,211.02,-1.0,-2.0,4.94,2,-8,1,1,0,0.0,0.5794,1,1
5232,2019-08-03,5.59,229.07,-3.0,-1.0,-4.64,-4,-49,1,1,0,-0.0,0.4965,0,0
5231,2019-08-03,-88.76,238.54,3.0,2.0,-6.54,-2,49,1,1,0,0.0,0.5001,1,1
5231,2019-08-03,88.76,238.54,-3.0,-2.0,6.54,2,-49,1,1,0,-0.0,0.4999,0,1
5230,2019-08-03,-20.52,143.13,-1.0,-1.0,1.72,-5,-14,1,1,0,0.0,0.5149,0,0
5230,2019-08-03,20.52,143.13,1.0,1.0,-1.72,5,14,1,1,0,-0.0,0.4851,1,0
5229,2019-08-03,-82.21,174.97,2.0,-0.0,5.93,10,-266,1,1,0,-0.0,0.404,0,0
5229,2019-08-03,82.21,174.97,-2.0,0.0,-5.93,-10,266,1,1,0,0.0,0.596,1,0
5232,2019-08-03,-5.59,229.07,3.0,1.0,4.64,4,49,1,1,0,0.0,0.5035,1,0
5249,2019-08-10,43.01,227.15,-5.0,-5.0,-2.3,9,28,1,1,0,-0.0,0.5397,0,1
5253,2019-08-10,73.59,250.06,3.0,1.0,3.38,0,-7,0,1,0,0.0,0.5045,0,0
5253,2019-08-10,-73.59,250.06,-3.0,-1.0,-3.38,0,7,1,0,0,-0.0,0.4955,1,0
5250,2019-08-10,-97.81,279.58,2.0,3.0,-3.48,0,-7,1,1,0,-0.0,0.5001,0,1
5250,2019-08-10,97.81,279.58,-2.0,-3.0,3.48,0,7,1,1,0,0.0,0.4999,1,1
5249,2019-08-10,-43.01,227.15,5.0,5.0,2.3,-9,-28,1,1,0,0.0,0.4603,1,1
5242,2019-08-10,-72.43,190.06,-4.0,-1.0,0.2,-1,21,1,1,0,0.0,0.462,0,1
5244,2019-08-10,-30.42,201.76,2.0,4.0,-7.15,-5,-77,1,1,0,-0.0,0.5061,1,1
5242,2019-08-10,72.43,190.06,4.0,1.0,-0.2,1,-21,1,1,0,-0.0,0.538,1,1
5241,2019-08-10,-145.79,202.18,-0.0,1.0,4.05,1,105,1,1,1,0.1528,0.4051,0,0
5241,2019-08-10,145.79,202.18,0.0,-1.0,-4.05,-1,-105,1,1,1,-0.1528,0.5949,1,0
5244,2019-08-10,30.42,201.76,-2.0,-4.0,7.15,5,77,1,1,0,0.0,0.4939,0,1
5261,2019-08-17,115.05,222.77,-1.0,-1.0,1.88,-1,168,1,1,0,0.0,0.4043,1,1
5261,2019-08-17,-115.05,222.77,1.0,1.0,-1.88,1,-168,1,1,0,-0.0,0.5957,0,1
5262,2019-08-17,50.94,264.25,3.0,3.0,-3.32,2,41,0,0,0,-0.0,0.4447,0,0
5260,2019-08-17,-28.49,207.08,4.0,6.0,-9.75,-10,-84,1,1,0,-0.0,0.4855,1,0
5264,2019-08-17,93.77,224.18,1.0,-1.0,2.66,2,63,1,1,0,-0.0,0.4915,1,1
5264,2019-08-17,-93.77,224.18,-1.0,1.0,-2.66,-2,-63,1,1,0,0.0,0.5085,0,1
5265,2019-08-17,-50.9,271.24,1.0,1.0,-7.99,-1,-350,1,1,0,0.0,0.5378,1,1
5262,2019-08-17,-50.94,264.25,-3.0,-3.0,3.32,-2,-41,0,0,0,0.0,0.5553,1,0
5260,2019-08-17,28.49,207.08,-4.0,-6.0,9.75,10,84,1,1,0,0.0,0.5145,0,0
5265,2019-08-17,50.9,271.24,-1.0,-1.0,7.99,1,350,1,1,0,-0.0,0.4622,0,1
5258,2019-08-17,38.99,216.19,5.0,2.0,4.59,13,14,1,1,0,-0.0,0.5091,1,0
5257,2019-08-17,0.48,236.87,-0.0,1.0,-4.93,-5,-315,1,1,0,0.0,0.5004,1,0
5257,2019-08-17,-0.48,236.87,0.0,-1.0,4.93,5,315,1,1,0,-0.0,0.4996,0,0
5256,2019-08-17,-105.03,210.71,-1.0,1.0,-13.97,-7,-28,1,1,0,-0.0,0.5001,1,0
5256,2019-08-17,105.03,210.71,1.0,-1.0,13.97,7,28,1,1,0,0.0,0.4999,0,0
5255,2019-08-17,-20.33,159.83,4.0,2.0,1.78,7,945,1,1,0,0.0,0.5134,1,0
5255,2019-08-17,20.33,159.83,-4.0,-2.0,-1.78,-7,-945,1,1,0,-0.0,0.4866,0,0
5254,2019-08-17,-74.89,175.24,8.0,5.0,-3.42,3,119,1,1,1,-0.0833,0.4047,1,1
5254,2019-08-17,74.89,175.24,-8.0,-5.0,3.42,-3,-119,1,1,1,0.0833,0.5953,0,1
5258,2019-08-17,-38.99,216.19,-5.0,-2.0,-4.59,-13,-14,1,1,0,0.0,0.4909,0,0
5274,2019-08-31,-85.23,264.08,-4.0,-1.0,-4.13,0,-77,1,1,0,-0.0,0.5795,0,1
5274,2019-08-31,85.23,264.08,4.0,1.0,4.13,0,77,1,1,0,0.0,0.4205,1,1
5272,2019-08-31,-5.3,249.0,-2.0,1.0,7.24,5,-140,1,1,0,0.0,0.4999,0,0
5272,2019-08-31,5.3,249.0,2.0,-1.0,-7.24,-5,140,1,1,0,-0.0,0.5001,1,0
5268,2019-08-31,-87.94,250.58,-4.0,2.0,-1.43,2,-49,1,1,0,-0.0,0.5435,0,1
5268,2019-08-31,87.94,250.58,4.0,-2.0,1.43,-2,49,1,1,0,0.0,0.4565,1,1
5267,2019-08-31,84.25,196.94,2.0,-1.0,1.27,-3,-105,1,1,0,0.0,0.5512,0,1
5267,2019-08-31,-84.25,196.94,-2.0,1.0,-1.27,3,105,1,1,0,-0.0,0.4488,1,1
5266,2019-08-31,-41.68,210.02,1.0,3.0,2.12,-12,70,1,1,1,0.2,0.5189,1,0
5266,2019-08-31,41.68,210.02,-1.0,-3.0,-2.12,12,-70,1,1,1,-0.2,0.4811,0,0
5288,2019-09-07,44.69,189.27,2.0,-0.0,3.19,2,-70,1,1,0,0.0,0.4326,0,0
5288,2019-09-07,-44.69,189.27,-2.0,0.0,-3.19,-2,70,1,1,0,-0.0,0.5674,1,0
5287,2019-09-07,-94.61,225.09,-4.0,-2.0,-3.0,-9,385,1,1,0,-0.0,0.5,1,1
5287,2019-09-07,94.61,225.09,4.0,2.0,3.0,9,-385,1,1,0,0.0,0.5,0,1
5286,2019-09-07,-53.44,237.53,1.0,-1.0,-1.92,-8,-14,1,1,0,-0.0,0.404,0,0
5286,2019-09-07,53.44,237.53,-1.0,1.0,1.92,8,14,1,1,0,0.0,0.596,1,0
5282,2019-09-07,96.48,223.5,4.0,-0.0,-3.14,-6,-14,1,1,0,0.0,0.5095,0,1
5282,2019-09-07,-96.48,223.5,-4.0,0.0,3.14,6,14,1,1,0,-0.0,0.4905,1,1
5281,2019-09-07,-19.01,205.05,1.0,-0.0,3.55,0,-161,1,1,0,-0.0,0.5502,1,1
5277,2019-09-07,-65.04,172.57,2.0,-1.0,-0.33,10,-189,1,1,1,-0.2121,0.4785,0,0
5280,2019-09-07,-47.87,205.54,-4.0,-1.0,9.46,-1,-28,1,1,0,0.0,0.5,0,1
5280,2019-09-07,47.87,205.54,4.0,1.0,-9.46,1,28,1,1,0,-0.0,0.5,1,1
5279,2019-09-07,-62.54,220.05,-0.0,-4.0,4.97,-2,-28,1,1,0,-0.0,0.5175,0,0
5279,2019-09-07,62.54,220.05,0.0,4.0,-4.97,2,28,1,1,0,0.0,0.4825,1,0
5278,2019-09-07,-22.74,168.5,-5.0,-0.0,1.74,-9,41,1,1,0,0.0,0.5675,1,1
5278,2019-09-07,22.74,168.5,5.0,0.0,-1.74,9,-41,1,1,0,-0.0,0.4325,0,1
5277,2019-09-07,65.04,172.57,-2.0,1.0,0.33,-10,189,1,1,1,0.2121,0.5215,1,0
5281,2019-09-07,19.01,205.05,-1.0,0.0,-3.55,0,161,1,1,0,0.0,0.4498,0,1
5295,2019-09-14,17.37,232.36,-3.0,-1.0,-9.02,-6,21,1,1,0,-0.0,0.5087,0,1
5299,2019-09-14,154.5,238.46,-1.0,1.0,4.8,8,581,1,1,0,-0.0,0.4552,1,0
5296,2019-09-14,50.18,231.39,-1.0,-0.0,-5.49,-6,-7,1,1,0,-0.0,0.4198,1,1
5299,2019-09-14,-154.5,238.46,1.0,-1.0,-4.8,-8,-581,1,1,0,0.0,0.5448,0,0
5296,2019-09-14,-50.18,231.39,1.0,0.0,5.49,6,7,1,1,0,0.0,0.5802,0,1
5295,2019-09-14,-17.37,232.36,3.0,1.0,9.02,6,-21,1,1,0,0.0,0.4913,1,1
5291,2019-09-14,96.93,175.38,-1.0,-1.0,12.36,6,-14,1,1,0,0.0,0.5023,1,1
5294,2019-09-14,-65.38,183.81,0.0,-2.0,5.62,4,140,1,1,0,-0.0,0.4058,1,1
5291,2019-09-14,-96.93,175.38,1.0,1.0,-12.36,-6,14,1,1,0,-0.0,0.4977,0,1
5290,2019-09-14,-124.97,186.18,-3.0,-2.0,-5.63,-27,70,1,1,0,-0.0,0.4662,1,1
5290,2019-09-14,124.97,186.18,3.0,2.0,5.63,27,-70,1,1,0,0.0,0.5338,0,1
5294,2019-09-14,65.38,183.81,-0.0,2.0,-5.62,-4,-140,1,1,0,0.0,0.5942,0,1
5312,2019-09-21,-58.23,223.56,-3.0,1.0,1.85,6,7,1,1,0,-0.0,0.4997,1,1
5308,2019-09-21,-119.59,237.72,-0.0,-0.0,-6.45,-5,56,1,0,0,-0.0,0.5,1,0
5312,2019-09-21,58.23,223.56,3.0,-1.0,-1.85,-6,-7,1,1,0,0.0,0.5003,0,1
5303,2019-09-21,-5.58,212.03,3.0,4.0,-5.83,-4,-42,1,1,0,0.0,0.4879,0,1
5303,2019-09-21,5.58,212.03,-3.0,-4.0,5.83,4,42,1,1,0,-0.0,0.5121,1,1
5308,2019-09-21,119.59,237.72,0.0,0.0,6.45,5,-56,0,1,0,0.0,0.5,0,0
5325,2019-09-28,-21.96,212.27,-2.0,-1.0,1.0,-2,35,1,1,0,-0.0,0.5405,0,1
5325,2019-09-28,21.96,212.27,2.0,1.0,-1.0,2,-35,1,1,0,0.0,0.4595,1,1
5324,2019-09-28,-85.63,241.15,-7.0,-4.0,9.37,4,-28,1,1,0,0.0,0.4051,1,1
5324,2019-09-28,85.63,241.15,7.0,4.0,-9.37,-4,28,1,1,0,-0.0,0.5949,0,1
5322,2019-09-28,-31.25,237.84,1.0,-1.0,-12.34,-5,-189,1,1,0,0.0,0.4763,1,1
5322,2019-09-28,31.25,237.84,-1.0,1.0,12.34,5,189,1,1,0,-0.0,0.5237,0,1
5319,2019-09-28,159.81,206.0,2.0,-0.0,-3.26,11,-966,1,1,0,-0.0,0.5903,0,1
5319,2019-09-28,-159.81,206.0,-2.0,0.0,3.26,-11,966,1,1,0,0.0,0.4097,1,1
5318,2019-09-28,-0.12,210.63,-6.0,-3.0,-11.88,-17,-7,1,1,0,-0.0,0.4504,0,1
5317,2019-09-28,-0.1,215.52,1.0,-0.0,3.8,1,14,1,1,0,-0.0,0.404,0,1
5317,2019-09-28,0.1,215.52,-1.0,0.0,-3.8,-1,-14,1,1,0,0.0,0.596,1,1
5316,2019-09-28,11.34,182.23,-1.0,-1.0,2.02,0,-147,1,1,0,0.0,0.5351,1,0
5316,2019-09-28,-11.34,182.23,1.0,1.0,-2.02,0,147,1,1,0,-0.0,0.4649,0,0
5314,2019-09-28,-112.51,197.34,-0.0,-2.0,4.24,0,-14,1,1,0,0.0,0.4143,1,0
5314,2019-09-28,112.51,197.34,0.0,2.0,-4.24,0,14,1,1,0,-0.0,0.5857,0,0
5318,2019-09-28,0.12,210.63,6.0,3.0,11.88,17,7,1,1,0,0.0,0.5496,1,1
5327,2019-10-05,8.25,198.48,-7.0,-4.0,-1.41,6,308,1,1,1,-0.1667,0.5,0,0
5327,2019-10-05,-8.25,198.48,7.0,4.0,1.41,-6,-308,1,1,1,0.1667,0.5,1,0
5328,2019-10-05,30.27,178.92,-5.0,-2.0,2.79,1,77,1,1,0,0.0,0.4621,0,0
5328,2019-10-05,-30.27,178.92,5.0,2.0,-2.79,-1,-77,1,1,0,-0.0,0.5379,1,0
5329,2019-10-05,118.16,252.05,-3.0,-1.0,1.86,4,-35,1,1,0,0.0,0.4305,0,0
5329,2019-10-05,-118.16,252.05,3.0,1.0,-1.86,-4,35,1,1,0,-0.0,0.5695,1,0
5346,2019-10-12,92.73,210.82,-4.0,-0.0,-4.71,0,35,1,1,0,-0.0,0.5441,1,1
5346,2019-10-12,-92.73,210.82,4.0,0.0,4.71,0,-35,1,1,0,0.0,0.4559,0,1
5347,2019-10-12,183.23,206.79,2.0,-2.0,-0.98,-4,-574,1,1,0,-0.0,0.4583,1,0
5344,2019-10-12,-62.96,236.46,-4.0,-5.0,1.37,5,-21,1,1,0,0.0,0.4984,0,1
5348,2019-10-12,40.62,216.52,-5.0,0.0,-4.87,9,-14,1,1,0,-0.0,0.5377,1,0
5348,2019-10-12,-40.62,216.52,5.0,-0.0,4.87,-9,14,1,1,0,0.0,0.4623,0,0
5350,2019-10-12,-15.9,218.09,0.0,-1.0,-5.45,-1,-70,1,1,0,0.0,0.5664,1,0
5347,2019-10-12,-183.23,206.79,-2.0,2.0,0.98,4,574,1,1,0,0.0,0.5417,0,0
5344,2019-10-12,62.96,236.46,4.0,5.0,-1.37,-5,21,1,1,0,-0.0,0.5016,1,1
5350,2019-10-12,15.9,218.09,-0.0,1.0,5.45,1,70,1,1,0,-0.0,0.4336,0,0
5343,2019-10-12,-48.51,202.97,-2.0,0.0,0.66,0,35,1,1,0,0.0,0.4964,1,1
5338,2019-10-12,68.54,197.59,3.0,3.0,-1.61,5,112,1,1,0,0.0,0.4165,1,1
5338,2019-10-12,-68.54,197.59,-3.0,-3.0,1.61,-5,-112,1,1,0,-0.0,0.5835,0,1
5340,2019-10-12,-66.24,190.54,0.0,-3.0,-2.6,-5,-7,1,0,0,-0.0,0.4991,1,1
5340,2019-10-12,66.24,190.54,-0.0,3.0,2.6,5,7,0,1,0,0.0,0.5009,0,1
5343,2019-10-12,48.51,202.97,2.0,-0.0,-0.66,0,-35,1,1,0,-0.0,0.5036,0,1
5341,2019-10-12,-19.07,271.35,3.0,-0.0,-0.42,-1,-413,1,1,0,-0.0,0.507,1,1
5342,2019-10-12,-81.97,242.66,-4.0,-6.0,3.07,-2,70,1,1,0,0.0,0.4212,1,0
5342,2019-10-12,81.97,242.66,4.0,6.0,-3.07,2,-70,1,1,0,-0.0,0.5788,0,0
5341,2019-10-12,19.07,271.35,-3.0,0.0,0.42,1,413,1,1,0,0.0,0.493,0,1
5358,2019-10-18,102.8,232.9,2.0,1.0,-7.89,-1,-861,0,1,0,-0.0,0.4326,0,0
5358,2019-10-18,-102.8,232.9,-2.0,-1.0,7.89,1,861,1,0,0,0.0,0.5674,1,0
5357,2019-10-18,-66.62,245.74,4.0,6.0,-1.55,6,14,1,1,0,-0.0,0.5922,1,1
5356,2019-10-18,-11.23,246.79,-2.0,-0.0,3.0,3,-126,1,1,0,-0.0,0.5921,0,0
5357,2019-10-18,66.62,245.74,-4.0,-6.0,1.55,-6,-14,1,1,0,0.0,0.4078,0,1
5353,2019-10-18,-115.17,175.59,-0.0,-2.0,6.37,23,-112,1,1,0,0.0,0.4552,0,1
5353,2019-10-18,115.17,175.59,0.0,2.0,-6.37,-23,112,1,1,0,-0.0,0.5448,1,1
5352,2019-10-18,46.22,199.79,1.0,-2.0,5.52,9,133,0,1,0,-0.0,0.5151,0,0
5352,2019-10-18,-46.22,199.79,-1.0,2.0,-5.52,-9,-133,1,0,0,0.0,0.4849,1,0
5356,2019-10-18,11.23,246.79,2.0,0.0,-3.0,-3,126,1,1,0,0.0,0.4079,1,0
5371,2019-10-26,12.55,238.59,0.0,4.0,4.37,8,42,1,1,0,0.0,0.5,0,0
5373,2019-10-26,-107.0,257.13,4.0,-4.0,-5.86,-1,70,1,1,0,-0.0,0.4803,1,0
5373,2019-10-26,107.0,257.13,-4.0,4.0,5.86,1,-70,1,1,0,0.0,0.5197,0,0
5372,2019-10-26,-33.05,246.32,2.0,-0.0,-4.79,-6,112,1,1,0,-0.0,0.5002,1,1
5372,2019-10-26,33.05,246.32,-2.0,0.0,4.79,6,-112,1,1,0,0.0,0.4998,0,1
5371,2019-10-26,-12.55,238.59,-0.0,-4.0,-4.37,-8,-42,1,1,0,-0.0,0.5,1,0
5370,2019-10-26,-18.75,205.36,6.0,3.0,-2.19,-6,14,1,1,0,0.0,0.4163,0,0
5369,2019-10-26,39.52,255.17,1.0,2.0,-8.72,-1,119,1,1,0,0.0,0.5002,0,1
5369,2019-10-26,-39.52,255.17,-1.0,-2.0,8.72,1,-119,1,1,0,-0.0,0.4998,1,1
5367,2019-10-26,193.72,198.65,-1.0,-0.0,0.03,9,84,1,1,0,-0.0,0.5828,1,0
5367,2019-10-26,-193.72,198.65,1.0,0.0,-0.03,-9,-84,1,1,0,0.0,0.4172,0,0
5366,2019-10-26,-8.38,173.26,-3.0,-0.0,-3.81,-11,-63,1,1,0,0.0,0.5001,1,1
5366,2019-10-26,8.38,173.26,3.0,0.0,3.81,11,63,1,1,0,-0.0,0.4999,0,1
5370,2019-10-26,18.75,205.36,-6.0,-3.0,2.19,6,-14,1,1,0,-0.0,0.5837,1,0
5382,2019-11-02,5.46,218.73,3.0,1.0,-2.36,0,28,1,1,0,0.0,0.4818,1,0
5382,2019-11-02,-5.46,218.73,-3.0,-1.0,2.36,0,-28,1,1,0,-0.0,0.5182,0,0
5383,2019-11-02,31.76,206.6,0.0,-1.0,9.92,14,365,1,1,0,0.0,0.4669,0,1
5383,2019-11-02,-31.76,206.6,-0.0,1.0,-9.92,-14,-365,1,1,0,-0.0,0.5331,1,1
5384,2019-11-02,6.83,202.74,-1.0,1.0,9.11,27,-28,1,1,0,0.0,0.5602,0,1
5385,2019-11-02,-43.72,229.57,-4.0,-5.0,0.23,-4,-42,1,1,0,-0.0,0.5529,0,1
5385,2019-11-02,43.72,229.57,4.0,5.0,-0.23,4,42,1,1,0,0.0,0.4471,1,1
5387,2019-11-02,-11.15,238.52,-3.0,-1.0,1.68,0,70,1,1,0,0.0,0.5695,0,0
5387,2019-11-02,11.15,238.52,3.0,1.0,-1.68,0,-70,1,1,0,-0.0,0.4305,1,0
5384,2019-11-02,-6.83,202.74,1.0,-1.0,-9.11,-27,28,1,1,0,-0.0,0.4398,1,1
5381,2019-11-02,2.1,212.36,3.0,3.0,-2.52,-10,-63,1,1,0,-0.0,0.5572,0,1
5378,2019-11-02,38.25,178.36,-0.0,-1.0,-8.79,-1,-140,1,1,0,-0.0,0.538,0,1
5380,2019-11-02,55.07,194.15,-6.0,-2.0,5.81,-9,119,1,1,0,-0.0,0.5095,0,1
5380,2019-11-02,-55.07,194.15,6.0,2.0,-5.81,9,-119,1,1,0,0.0,0.4905,1,1
5379,2019-11-02,-86.21,208.06,-6.0,-4.0,-1.67,-14,-91,1,1,0,0.0,0.5002,0,0
5379,2019-11-02,86.21,208.06,6.0,4.0,1.67,14,91,1,1,0,-0.0,0.4998,1,0
5378,2019-11-02,-38.25,178.36,0.0,1.0,8.79,1,140,1,1,0,0.0,0.462,1,1
5377,2019-11-02,-74.19,187.33,3.0,3.0,-1.17,-7,28,0,1,0,-0.0,0.4366,1,1
5377,2019-11-02,74.19,187.33,-3.0,-3.0,1.17,7,-28,1,0,0,0.0,0.5634,0,1
5376,2019-11-02,-23.34,157.45,2.0,1.0,-0.42,7,-42,1,1,0,-0.0,0.5189,0,0
5376,2019-11-02,23.34,157.45,-2.0,-1.0,0.42,-7,42,1,1,0,0.0,0.4811,1,0
5381,2019-11-02,-2.1,212.36,-3.0,-3.0,2.52,10,63,1,1,0,0.0,0.4428,1,1
5399,2019-11-09,-86.09,264.79,2.0,2.0,-4.03,-2,-378,1,0,0,-0.0,0.5,1,1
5399,2019-11-09,86.09,264.79,-2.0,-2.0,4.03,2,378,0,1,0,0.0,0.5,0,1
5398,2019-11-09,28.67,230.62,-1.0,-1.0,-9.57,-4,-70,1,1,0,0.0,0.4971,1,0
5398,2019-11-09,-28.67,230.62,1.0,1.0,9.57,4,70,1,1,0,-0.0,0.5029,0,0
5394,2019-11-09,18.67,264.71,1.0,-7.0,4.84,-2,-126,1,1,0,-0.0,0.5001,0,1
5394,2019-11-09,-18.67,264.71,-1.0,7.0,-4.84,2,126,1,1,0,0.0,0.4999,1,1
5389,2019-11-09,-131.11,236.24,-0.0,-2.0,0.24,-2,-287,1,1,0,-0.0,0.4598,0,1
5392,2019-11-09,37.39,214.64,3.0,-2.0,2.55,-10,287,1,1,0,0.0,0.4111,0,0
5389,2019-11-09,131.11,236.24,0.0,2.0,-0.24,2,287,1,1,0,0.0,0.5402,1,1
5388,2019-11-09,-32.24,227.44,-1.0,-2.0,2.93,0,-98,1,1,0,-0.0,0.4044,0,1
5388,2019-11-09,32.24,227.44,1.0,2.0,-2.93,0,98,1,1,0,0.0,0.5956,1,1
5392,2019-11-09,-37.39,214.64,-3.0,2.0,-2.55,10,-287,1,1,0,-0.0,0.5889,1,0
5406,2019-11-16,8.43,185.33,1.0,2.0,-3.87,-2,259,1,1,0,-0.0,0.483,1,1
5410,2019-11-16,-49.34,194.65,-2.0,1.0,1.61,-10,50,1,1,0,0.0,0.4785,1,1
5409,2019-11-16,-65.63,198.48,6.0,4.0,0.49,-2,-42,1,1,0,-0.0,0.5065,1,1
5408,2019-11-16,-86.36,175.7,1.0,1.0,-8.04,-10,217,1,1,0,0.0,0.4869,0,0
5408,2019-11-16,86.36,175.7,-1.0,-1.0,8.04,10,-217,1,1,0,-0.0,0.5131,1,0
5406,2019-11-16,-8.43,185.33,-1.0,-2.0,3.87,2,-259,1,1,0,0.0,0.517,0,1
5410,2019-11-16,49.34,194.65,2.0,-1.0,-1.61,10,-50,1,1,0,-0.0,0.5215,0,1
5405,2019-11-16,50.9,258.3,1.0,1.0,8.08,3,161,1,1,0,-0.0,0.5016,0,1
5405,2019-11-16,-50.9,258.3,-1.0,-1.0,-8.08,-3,-161,1,1,0,0.0,0.4984,1,1
5401,2019-11-16,-106.58,179.78,6.0,1.0,-3.22,-1,-70,1,0,0,0.0,0.5085,1,1
5401,2019-11-16,106.58,179.78,-6.0,-1.0,3.22,1,70,0,1,0,-0.0,0.4915,0,1
5409,2019-11-16,65.63,198.48,-6.0,-4.0,-0.49,2,42,1,1,0,0.0,0.4935,0,1
5403,2019-11-16,129.84,188.64,6.0,1.0,-1.11,19,42,1,1,0,-0.0,0.4983,1,1
5403,2019-11-16,-129.84,188.64,-6.0,-1.0,1.11,-19,-42,1,1,0,0.0,0.5017,0,1
5424,2019-12-07,-47.48,232.22,-0.0,1.0,9.09,10,287,1,1,0,-0.0,0.5,0,1
5424,2019-12-07,47.48,232.22,0.0,-1.0,-9.09,-10,-287,1,1,0,0.0,0.5,1,1
5419,2019-12-07,20.48,154.94,-5.0,-5.0,0.38,8,-63,1,1,0,-0.0,0.498,0,1
5418,2019-12-07,-27.65,215.95,-2.0,-2.0,-5.19,-5,-210,1,1,0,0.0,0.5145,0,1
5418,2019-12-07,27.65,215.95,2.0,2.0,5.19,5,210,1,1,0,-0.0,0.4855,1,1
5419,2019-12-07,-20.48,154.94,5.0,5.0,-0.38,-8,63,1,1,0,0.0,0.502,1,1
5416,2019-12-07,26.12,243.63,-2.0,0.0,-5.3,1,-126,1,1,0,-0.0,0.5,1,1
5415,2019-12-07,-39.94,167.57,-6.0,-7.0,6.34,-10,-147,1,1,0,0.0,0.5212,1,1
5415,2019-12-07,39.94,167.57,6.0,7.0,-6.34,10,147,1,1,0,-0.0,0.4788,0,1
5413,2019-12-07,-29.62,207.34,-2.0,-2.0,-7.83,-13,-196,1,1,0,-0.0,0.5,1,1
5413,2019-12-07,29.62,207.34,2.0,2.0,7.83,13,196,1,1,0,0.0,0.5,0,1
5416,2019-12-07,-26.12,243.63,2.0,-0.0,5.3,-1,126,1,1,0,0.0,0.5,0,1
5431,2019-12-14,121.23,223.53,0.0,-1.0,-3.42,-3,567,1,1,0,-0.0,0.5191,0,1
5436,2019-12-14,-112.39,228.25,-2.0,2.0,0.32,9,49,1,1,0,0.0,0.5,1,1
5435,2019-12-14,49.37,238.52,-1.0,-3.0,0.7,-2,-469,1,1,0,0.0,0.4133,0,1
5435,2019-12-14,-49.37,238.52,1.0,3.0,-0.7,2,469,1,1,0,-0.0,0.5867,1,1
5433,2019-12-14,-76.25,155.94,2.0,2.0,-2.25,-6,-532,1,1,0,0.0,0.513,0,1
5433,2019-12-14,76.25,155.94,-2.0,-2.0,2.25,6,532,1,1,0,-0.0,0.487,1,1
5432,2019-12-14,33.34,216.86,1.0,1.0,0.82,7,-21,1,1,0,-0.0,0.5953,1,1
5432,2019-12-14,-33.34,216.86,-1.0,-1.0,-0.82,-7,21,1,1,0,0.0,0.4047,0,1
5431,2019-12-14,-121.23,223.53,-0.0,1.0,3.42,3,-567,1,1,0,0.0,0.4809,1,1
5430,2019-12-14,-72.99,211.27,-4.0,-1.0,-1.05,7,-14,1,1,0,0.0,0.4624,0,0
5436,2019-12-14,112.39,228.25,2.0,-2.0,-0.32,-9,-49,1,1,0,-0.0,0.5,0,1
5429,2019-12-14,-56.41,195.11,-0.0,-1.0,13.75,12,-35,1,1,0,-0.0,0.5879,0,0
5430,2019-12-14,72.99,211.27,4.0,1.0,1.05,-7,14,1,1,0,-0.0,0.5376,1,0
5425,2019-12-14,-46.16,188.57,-4.0,-1.0,-0.79,1,-154,1,1,1,-0.2545,0.502,0,0
5426,2019-12-14,34.23,182.11,-2.0,5.0,-3.18,14,-77,1,1,1,-0.1429,0.5388,0,1
5426,2019-12-14,-34.23,182.11,2.0,-5.0,3.18,-14,77,1,1,1,0.1429,0.4612,1,1
5425,2019-12-14,46.16,188.57,4.0,1.0,0.79,-1,154,1,1,1,0.2545,0.498,1,0
5427,2019-12-14,-112.0,197.28,2.0,1.0,4.1,-5,-7,1,1,1,0.2619,0.4897,0,1
5428,2019-12-14,-94.86,197.12,-3.0,-1.0,-1.63,-8,-28,1,0,0,-0.0,0.5251,1,1
5428,2019-12-14,94.86,197.12,3.0,1.0,1.63,8,28,0,1,0,0.0,0.4749,0,1
5429,2019-12-14,56.41,195.11,0.0,1.0,-13.75,-12,35,1,1,0,0.0,0.4121,1,0
5427,2019-12-14,112.0,197.28,-2.0,-1.0,-4.1,5,7,1,1,1,-0.2619,0.5103,1,1
5444,2019-12-21,46.11,271.76,6.0,2.0,1.31,1,-8,1,1,0,-0.0,0.5387,1,1
5450,2019-12-21,-29.58,250.29,2.0,-0.0,2.3,5,651,0,1,0,-0.0,0.5,0,1
5450,2019-12-21,29.58,250.29,-2.0,0.0,-2.3,-5,-651,1,0,0,0.0,0.5,1,1
5448,2019-12-21,-9.33,256.47,3.0,1.0,-4.93,-1,98,1,1,0,0.0,0.4916,0,1
5447,2019-12-21,-27.69,213.74,3.0,3.0,0.25,-1,-7,1,1,0,-0.0,0.4894,0,1
5447,2019-12-21,27.69,213.74,-3.0,-3.0,-0.25,1,7,1,1,0,0.0,0.5106,1,1
5444,2019-12-21,-46.11,271.76,-6.0,-2.0,-1.31,-1,8,1,1,0,0.0,0.4613,0,1
5442,2019-12-21,-18.4,271.47,1.0,3.0,1.02,1,35,1,1,0,0.0,0.4804,0,1
5448,2019-12-21,9.33,256.47,-3.0,-1.0,4.93,1,-98,1,1,0,-0.0,0.5084,1,1
5441,2019-12-21,-50.91,271.26,4.0,-0.0,5.02,1,259,1,1,0,0.0,0.4683,0,0
5442,2019-12-21,18.4,271.47,-1.0,-3.0,-1.02,-1,-35,1,1,0,-0.0,0.5196,1,1
5438,2019-12-21,56.85,177.77,-4.0,-1.0,5.42,18,-35,1,1,0,0.0,0.5213,0,1
5438,2019-12-21,-56.85,177.77,4.0,1.0,-5.42,-18,35,1,1,0,-0.0,0.4787,1,1
5439,2019-12-21,-72.55,222.74,-3.0,-2.0,2.38,3,-70,1,1,0,-0.0,0.5377,1,1
5440,2019-12-21,101.32,251.25,1.0,1.0,4.63,4,489,1,0,0,-0.0,0.4618,0,0
5440,2019-12-21,-101.32,251.25,-1.0,-1.0,-4.63,-4,-489,0,1,0,0.0,0.5382,1,0
5439,2019-12-21,72.55,222.74,3.0,2.0,-2.38,-3,70,1,1,0,0.0,0.4623,0,1
5441,2019-12-21,50.91,271.26,-4.0,0.0,-5.02,-1,-259,1,1,0,-0.0,0.5317,1,0
5456,2020-01-18,203.73,234.74,-4.0,-2.0,-15.65,-3,-90,1,1,0,-0.0,0.5001,0,0
5461,2020-01-18,69.74,240.45,-3.0,-2.0,4.48,4,-56,1,1,0,-0.0,0.4623,0,0
5461,2020-01-18,-69.74,240.45,3.0,2.0,-4.48,-4,56,1,1,0,0.0,0.5377,1,0
5459,2020-01-18,12.49,210.22,2.0,2.0,-6.84,-8,-35,1,1,0,0.0,0.4627,0,1
5459,2020-01-18,-12.49,210.22,-2.0,-2.0,6.84,8,35,1,1,0,-0.0,0.5373,1,1
5457,2020-01-18,48.41,213.01,-3.0,-2.0,-2.9,-10,-35,1,1,0,-0.0,0.5407,1,1
5457,2020-01-18,-48.41,213.01,3.0,2.0,2.9,10,35,1,1,0,0.0,0.4593,0,1
5456,2020-01-18,-203.73,234.74,4.0,2.0,15.65,3,90,1,1,0,0.0,0.4999,1,0
5455,2020-01-18,-55.08,180.88,-2.0,1.0,-2.02,8,21,1,1,0,-0.0,0.5029,0,1
5453,2020-01-18,-7.74,215.93,-0.0,5.0,-9.04,-6,-98,1,1,0,0.0,0.5259,0,1
5453,2020-01-18,7.74,215.93,0.0,-5.0,9.04,6,98,1,1,0,-0.0,0.4741,1,1
5452,2020-01-18,46.68,190.74,-2.0,-1.0,-6.89,1,-14,1,1,0,0.0,0.5621,0,0
5452,2020-01-18,-46.68,190.74,2.0,1.0,6.89,-1,14,1,1,0,-0.0,0.4379,1,0
5451,2020-01-18,-35.33,163.39,-1.0,4.0,5.3,22,-343,1,1,0,0.0,0.5338,0,0
5451,2020-01-18,35.33,163.39,1.0,-4.0,-5.3,-22,343,1,1,0,-0.0,0.4662,1,0
5455,2020-01-18,55.08,180.88,2.0,-1.0,2.02,-8,-21,1,1,0,0.0,0.4971,1,1
5471,2020-01-25,13.78,202.42,-1.0,1.0,-1.46,-3,-581,1,1,0,0.0,0.4054,0,1
5471,2020-01-25,-13.78,202.42,1.0,-1.0,1.46,3,581,1,1,0,-0.0,0.5946,1,1
5470,2020-01-25,-52.53,256.82,-6.0,-2.0,-1.93,-1,-98,1,1,0,0.0,0.4349,0,0
5470,2020-01-25,52.53,256.82,6.0,2.0,1.93,1,98,1,1,0,-0.0,0.5651,1,0
5469,2020-01-25,-64.35,228.59,3.0,3.0,-6.17,2,-553,1,1,0,-0.0,0.5003,0,1
5469,2020-01-25,64.35,228.59,-3.0,-3.0,6.17,-2,553,1,1,0,0.0,0.4997,1,1
5468,2020-01-25,-50.7,188.66,-2.0,-0.0,9.44,17,49,1,1,0,-0.0,0.5184,0,0
5468,2020-01-25,50.7,188.66,2.0,0.0,-9.44,-17,-49,1,1,0,0.0,0.4816,1,0
5465,2020-01-25,73.16,217.54,-2.0,-2.0,-7.45,-9,35,1,1,0,-0.0,0.4506,0,1
5464,2020-01-25,112.71,244.33,-4.0,-0.0,-2.37,3,126,1,1,0,-0.0,0.501,1,1
5464,2020-01-25,-112.71,244.33,4.0,0.0,2.37,-3,-126,1,1,0,0.0,0.499,0,1
5463,2020-01-25,-43.25,159.96,5.0,5.0,-3.11,-15,14,1,1,0,-0.0,0.4434,1,1
5463,2020-01-25,43.25,159.96,-5.0,-5.0,3.11,15,-14,1,1,0,0.0,0.5566,0,1
5462,2020-01-25,35.59,176.72,-3.0,-0.0,7.05,11,70,1,1,0,-0.0,0.5,0,1
5462,2020-01-25,-35.59,176.72,3.0,0.0,-7.05,-11,-70,1,1,0,0.0,0.5,1,1
5465,2020-01-25,-73.16,217.54,2.0,2.0,7.45,9,-35,1,1,0,0.0,0.5494,1,1
5484,2020-02-08,8.88,243.42,-5.0,-0.0,-6.25,-1,91,1,1,0,0.0,0.5,0,1
5484,2020-02-08,-8.88,243.42,5.0,0.0,6.25,1,-91,1,1,0,-0.0,0.5,1,1
5482,2020-02-08,-52.82,271.96,1.0,2.0,0.74,1,56,1,1,0,-0.0,0.5959,1,0
5482,2020-02-08,52.82,271.96,-1.0,-2.0,-0.74,-1,-56,1,1,0,0.0,0.4041,0,0
5480,2020-02-08,114.09,224.92,2.0,1.0,-5.55,-3,-35,1,1,0,0.0,0.5027,0,1
5480,2020-02-08,-114.09,224.92,-2.0,-1.0,5.55,3,35,1,1,0,-0.0,0.4973,1,1
5479,2020-02-08,133.72,211.04,-1.0,2.0,6.17,7,-105,0,1,0,0.0,0.539,0,1
5479,2020-02-08,-133.72,211.04,1.0,-2.0,-6.17,-7,105,1,0,0,-0.0,0.461,1,1
5478,2020-02-08,-107.43,171.89,-6.0,-5.0,2.53,-6,84,0,1,0,0.0,0.5601,0,1
5478,2020-02-08,107.43,171.89,6.0,5.0,-2.53,6,-84,1,0,0,-0.0,0.4399,1,1
5477,2020-02-08,-26.06,215.62,1.0,-1.0,-0.47,-3,21,1,1,0,0.0,0.4832,1,1
5477,2020-02-08,26.06,215.62,-1.0,1.0,0.47,3,-21,1,1,0,-0.0,0.5168,0,1
5475,2020-02-08,-80.69,201.56,2.0,4.0,-0.81,-1,-84,1,1,1,0.3333,0.4052,0,0
5475,2020-02-08,80.69,201.56,-2.0,-4.0,0.81,1,84,1,1,1,-0.3333,0.5948,1,0
5474,2020-02-08,-169.43,188.36,-7.0,-0.0,-2.44,-14,-104,1,1,1,-0.1167,0.4788,0,0
5474,2020-02-08,169.43,188.36,7.0,0.0,2.44,14,104,1,1,1,0.1167,0.5212,1,0
5498,2020-02-15,-47.97,245.91,4.0,2.0,-1.13,-3,21,1,1,0,-0.0,0.4566,1,1
5498,2020-02-15,47.97,245.91,-4.0,-2.0,1.13,3,-21,1,1,0,0.0,0.5434,0,1
5496,2020-02-15,-117.2,250.45,-0.0,-1.0,0.19,2,105,1,1,0,-0.0,0.5188,1,0
5496,2020-02-15,117.2,250.45,0.0,1.0,-0.19,-2,-105,1,1,0,0.0,0.4812,0,0
5494,2020-02-15,33.76,168.79,2.0,-1.0,0.08,24,0,1,1,0,-0.0,0.4906,0,0
5493,2020-02-15,53.8,210.02,3.0,3.0,-8.61,-12,-21,1,1,0,-0.0,0.5432,0,1
5493,2020-02-15,-53.8,210.02,-3.0,-3.0,8.61,12,21,1,1,0,0.0,0.4568,1,1
5491,2020-02-15,93.07,194.46,4.0,1.0,4.52,7,252,1,1,0,-0.0,0.473,0,1
5494,2020-02-15,-33.76,168.79,-2.0,1.0,-0.08,-24,0,1,1,0,0.0,0.5094,1,0
5490,2020-02-15,-8.14,229.04,-4.0,-1.0,-1.28,8,21,1,1,0,0.0,0.596,1,1
5490,2020-02-15,8.14,229.04,4.0,1.0,1.28,-8,-21,1,1,0,-0.0,0.404,0,1
5488,2020-02-15,-98.08,238.09,1.0,-1.0,8.7,0,-42,1,1,0,0.0,0.4998,0,1
5488,2020-02-15,98.08,238.09,-1.0,1.0,-8.7,0,42,1,1,0,-0.0,0.5002,1,1
5487,2020-02-15,-86.73,202.55,1.0,3.0,-11.76,-28,-70,1,1,0,-0.0,0.5504,0,0
5487,2020-02-15,86.73,202.55,-1.0,-3.0,11.76,28,70,1,1,0,0.0,0.4496,1,0
5486,2020-02-15,-37.46,175.77,-1.0,-1.0,6.58,-1,-14,1,1,0,0.0,0.5524,1,1
5486,2020-02-15,37.46,175.77,1.0,1.0,-6.58,1,14,1,1,0,-0.0,0.4476,0,1
5491,2020-02-15,-93.07,194.46,-4.0,-1.0,-4.52,-7,-252,1,1,0,0.0,0.527,1,1
5510,2020-02-22,70.63,250.24,4.0,-1.0,-0.61,0,-98,1,1,0,-0.0,0.5,0,1
5510,2020-02-22,-70.63,250.24,-4.0,1.0,0.61,0,98,1,1,0,0.0,0.5,1,1
5509,2020-02-22,-74.72,229.64,3.0,2.0,11.01,12,-91,1,1,0,-0.0,0.4835,1,1
5508,2020-02-22,-110.82,258.47,-1.0,3.0,9.47,-3,84,1,1,0,-0.0,0.5,0,1
5508,2020-02-22,110.82,258.47,1.0,-3.0,-9.47,3,-84,1,1,0,0.0,0.5,1,1
5504,2020-02-22,6.86,243.62,-5.0,1.0,-2.35,1,1134,1,1,0,-0.0,0.5003,1,1
5504,2020-02-22,-6.86,243.62,5.0,-1.0,2.35,-1,-1134,1,1,0,0.0,0.4997,0,1
5509,2020-02-22,74.72,229.64,-3.0,-2.0,-11.01,-12,91,1,1,0,0.0,0.5165,0,1
5503,2020-02-22,-41.07,258.06,0.0,-1.0,-3.16,-3,-168,1,1,0,0.0,0.5,1,1
5501,2020-02-22,99.21,215.41,-1.0,2.0,-3.67,-6,0,1,1,0,0.0,0.4597,1,1
5501,2020-02-22,-99.21,215.41,1.0,-2.0,3.67,6,0,1,1,0,-0.0,0.5403,0,1
5500,2020-02-22,-4.35,246.14,-0.0,-2.0,1.03,0,-14,1,1,0,-0.0,0.4376,0,0
5500,2020-02-22,4.35,246.14,0.0,2.0,-1.03,0,14,1,1,0,0.0,0.5624,1,0
5499,2020-02-22,-14.78,176.38,5.0,1.0,-5.8,0,-28,1,1,0,-0.0,0.489,1,0
5499,2020-02-22,14.78,176.38,-5.0,-1.0,5.8,0,28,1,1,0,0.0,0.511,0,0
5503,2020-02-22,41.07,258.06,-0.0,1.0,3.16,3,168,1,1,0,-0.0,0.5,0,1
5522,2020-02-29,15.2,264.21,2.0,-0.0,-3.73,2,20,1,1,0,-0.0,0.4044,0,1
5522,2020-02-29,-15.2,264.21,-2.0,0.0,3.73,-2,-20,1,1,0,0.0,0.5956,1,1
5518,2020-02-29,-22.65,229.24,-0.0,-0.0,-9.21,-7,-21,1,1,0,-0.0,0.4883,0,1
5518,2020-02-29,22.65,229.24,0.0,0.0,9.21,7,21,1,1,0,0.0,0.5117,1,1
5517,2020-02-29,58.68,253.34,-2.0,1.0,4.25,4,509,1,1,0,0.0,0.4074,0,0
5517,2020-02-29,-58.68,253.34,2.0,-1.0,-4.25,-4,-509,1,1,0,-0.0,0.5926,1,0
5513,2020-02-29,-10.44,224.25,0.0,-2.0,-1.53,3,42,1,1,0,0.0,0.596,0,0
5511,2020-02-29,-55.76,187.3,3.0,1.0,-3.38,-11,-105,1,1,0,-0.0,0.4596,1,0
5511,2020-02-29,55.76,187.3,-3.0,-1.0,3.38,11,105,1,1,0,0.0,0.5404,0,0
5513,2020-02-29,10.44,224.25,-0.0,2.0,1.53,-3,-42,1,1,0,-0.0,0.404,1,0
5528,2020-03-07,-54.52,242.25,3.0,3.0,-4.24,-4,567,1,1,0,0.0,0.4973,1,0
5533,2020-03-07,-32.89,253.49,2.0,1.0,-9.54,-4,-287,1,1,0,0.0,0.4044,1,0
5531,2020-03-07,-53.36,229.16,-7.0,-7.0,-1.49,-7,-6,1,1,0,0.0,0.4965,0,0
5531,2020-03-07,53.36,229.16,7.0,7.0,1.49,7,6,1,1,0,-0.0,0.5035,1,0
5529,2020-03-07,-37.0,271.8,-1.0,2.0,-7.24,1,14,1,1,0,0.0,0.5001,0,1
5529,2020-03-07,37.0,271.8,1.0,-2.0,7.24,-1,-14,1,1,0,-0.0,0.4999,1,1
5533,2020-03-07,32.89,253.49,-2.0,-1.0,9.54,4,287,1,1,0,-0.0,0.5956,0,0
5527,2020-03-07,-121.61,188.52,-0.0,-0.0,2.23,-7,-14,1,1,0,0.0,0.4097,0,1
5528,2020-03-07,54.52,242.25,-3.0,-3.0,4.24,4,-567,1,1,0,-0.0,0.5027,0,0
5526,2020-03-07,-39.93,171.24,-9.0,-3.0,-0.63,-8,-287,1,1,0,-0.0,0.404,0,1
5523,2020-03-07,53.37,194.3,7.0,4.0,-12.23,-5,-49,1,1,1,0.1548,0.5,1,0
5523,2020-03-07,-53.37,194.3,-7.0,-4.0,12.23,5,49,1,1,1,-0.1548,0.5,0,0
5524,2020-03-07,-33.5,208.49,-2.0,-2.0,-1.99,-9,42,1,1,1,-0.2692,0.5942,1,0
5527,2020-03-07,121.61,188.52,0.0,0.0,-2.23,7,14,1,1,0,-0.0,0.5903,1,1
5525,2020-03-07,29.38,193.41,2.0,1.0,-1.16,9,-70,1,1,0,-0.0,0.5829,1,0
5525,2020-03-07,-29.38,193.41,-2.0,-1.0,1.16,-9,70,1,1,0,0.0,0.4171,0,0
5526,2020-03-07,39.93,171.24,9.0,3.0,0.63,8,287,1,1,0,0.0,0.596,1,1
5524,2020-03-07,33.5,208.49,2.0,2.0,1.99,9,-42,1,1,1,0.2692,0.4058,0,0
5538,2020-03-14,-74.88,163.36,-2.0,-1.0,-6.69,-4,238,1,1,0,0.0,0.4248,0,0
5543,2020-03-14,-32.48,246.22,1.0,1.0,-0.05,6,-189,1,1,0,0.0,0.4845,1,1
5543,2020-03-14,32.48,246.22,-1.0,-1.0,0.05,-6,189,1,1,0,-0.0,0.5155,0,1
5540,2020-03-14,-106.4,220.67,-3.0,-0.0,8.04,10,-14,1,1,0,0.0,0.4956,0,1
5540,2020-03-14,106.4,220.67,3.0,0.0,-8.04,-10,14,1,1,0,-0.0,0.5044,1,1
5539,2020-03-14,-51.21,192.24,3.0,2.0,-8.65,-8,-168,1,1,0,0.0,0.498,1,1
5539,2020-03-14,51.21,192.24,-3.0,-2.0,8.65,8,168,1,1,0,-0.0,0.502,0,1
5538,2020-03-14,74.88,163.36,2.0,1.0,6.69,4,-238,1,1,0,-0.0,0.5752,1,0
5537,2020-03-14,-28.5,208.05,-5.0,-3.0,0.06,8,49,1,1,0,0.0,0.5085,1,1
5537,2020-03-14,28.5,208.05,5.0,3.0,-0.06,-8,-49,1,1,0,-0.0,0.4915,0,1
5536,2020-03-14,-92.12,210.46,-2.0,-2.0,2.78,-2,21,1,0,0,0.0,0.4072,0,1
5536,2020-03-14,92.12,210.46,2.0,2.0,-2.78,2,-21,0,1,0,-0.0,0.5928,1,1
5535,2020-03-14,-33.36,160.4,-1.0,-3.0,-8.7,-18,28,1,1,0,-0.0,0.5003,1,0
5535,2020-03-14,33.36,160.4,1.0,3.0,8.7,18,-28,1,1,0,0.0,0.4997,0,0
5534,2020-03-14,1.65,157.74,-3.0,1.0,2.88,9,-14,1,1,0,-0.0,0.4329,1,1
5534,2020-03-14,-1.65,157.74,3.0,-1.0,-2.88,-9,14,1,1,0,0.0,0.5671,0,1
5556,2020-05-09,74.21,205.32,4.0,3.0,-5.3,-15,-84,1,1,0,-0.0,0.4486,1,0
5555,2020-05-09,-107.86,235.18,-1.0,-1.0,8.11,3,50,1,1,0,-0.0,0.4989,0,0
5556,2020-05-09,-74.21,205.32,-4.0,-3.0,5.3,15,84,1,1,0,0.0,0.5514,0,0
5554,2020-05-09,-51.67,187.2,1.0,1.0,2.16,-4,21,1,1,0,-0.0,0.5046,0,1
5554,2020-05-09,51.67,187.2,-1.0,-1.0,-2.16,4,-21,1,1,0,0.0,0.4954,1,1
5553,2020-05-09,10.99,197.26,-1.0,2.0,1.76,-2,-21,1,1,0,-0.0,0.4954,0,1
5553,2020-05-09,-10.99,197.26,1.0,-2.0,-1.76,2,21,1,1,0,0.0,0.5046,1,1
5552,2020-05-09,93.49,177.62,-3.0,2.0,-0.11,5,672,1,1,0,0.0,0.5594,0,1
5552,2020-05-09,-93.49,177.62,3.0,-2.0,0.11,-5,-672,1,1,0,-0.0,0.4406,1,1
5555,2020-05-09,107.86,235.18,1.0,1.0,-8.11,-3,-50,1,1,0,0.0,0.5011,1,0
5551,2020-05-09,-89.7,150.45,-1.0,-3.0,-3.83,-16,0,1,1,0,0.0,0.5128,1,1
5549,2020-05-09,54.09,179.64,1.0,2.0,-1.84,-25,-22,1,1,0,-0.0,0.5,1,1
5549,2020-05-09,-54.09,179.64,-1.0,-2.0,1.84,25,22,1,1,0,0.0,0.5,0,1
5548,2020-05-09,-58.06,209.87,-5.0,-2.0,-1.53,-7,-161,1,1,0,-0.0,0.4276,0,1
5548,2020-05-09,58.06,209.87,5.0,2.0,1.53,7,161,1,1,0,0.0,0.5724,1,1
5547,2020-05-09,-55.23,200.77,4.0,4.0,1.92,-5,890,1,1,1,0.197,0.5004,0,1
5547,2020-05-09,55.23,200.77,-4.0,-4.0,-1.92,5,-890,1,1,1,-0.197,0.4996,1,1
5546,2020-05-09,-164.65,195.38,-6.0,-0.0,-4.76,-10,-98,1,1,1,-0.3125,0.417,1,1
5546,2020-05-09,164.65,195.38,6.0,0.0,4.76,10,98,1,1,1,0.3125,0.583,0,1
5551,2020-05-09,89.7,150.45,1.0,3.0,3.83,16,0,1,1,0,-0.0,0.4872,0,1
5564,2020-05-13,19.91,241.1,-2.0,-3.0,-2.66,7,126,0,1,0,-0.0,0.5397,0,0
5563,2020-05-13,-25.84,224.21,-0.0,3.0,-3.01,3,14,1,1,0,-0.0,0.5735,0,1
5563,2020-05-13,25.84,224.21,0.0,-3.0,3.01,-3,-14,1,1,0,0.0,0.4265,1,1
5562,2020-05-13,-93.43,202.09,-3.0,-1.0,-8.8,-19,56,1,1,0,0.0,0.5795,1,0
5562,2020-05-13,93.43,202.09,3.0,1.0,8.8,19,-56,1,1,0,-0.0,0.4205,0,0
5560,2020-05-13,43.08,207.15,-6.0,-2.0,-0.93,6,-70,1,1,0,0.0,0.5034,0,1
5564,2020-05-13,-19.91,241.1,2.0,3.0,2.66,-7,-126,1,0,0,0.0,0.4603,1,0
5559,2020-05-13,-68.2,207.51,-2.0,-1.0,3.95,9,-182,1,1,0,-0.0,0.5374,1,0
5559,2020-05-13,68.2,207.51,2.0,1.0,-3.95,-9,182,1,1,0,0.0,0.4626,0,0
5558,2020-05-13,44.6,167.69,2.0,-1.0,-1.47,7,70,0,1,0,-0.0,0.502,0,0
5558,2020-05-13,-44.6,167.69,-2.0,1.0,1.47,-7,-70,1,0,0,0.0,0.498,1,0
5557,2020-05-13,59.28,172.37,-0.0,-2.0,8.74,6,-105,1,1,0,0.0,0.4955,1,1
5557,2020-05-13,-59.28,172.37,0.0,2.0,-8.74,-6,105,1,1,0,-0.0,0.5045,0,1
5560,2020-05-13,-43.08,207.15,6.0,2.0,0.93,-6,70,1,1,0,-0.0,0.4966,1,1
5576,2020-05-16,5.39,210.49,2.0,-1.0,0.92,-5,-363,1,0,0,-0.0,0.5125,0,1
5576,2020-05-16,-5.39,210.49,-2.0,1.0,-0.92,5,363,0,1,0,0.0,0.4875,1,1
5575,2020-05-16,-197.02,218.1,1.0,-1.0,-4.06,-20,-196,1,1,0,-0.0,0.4806,1,1
5575,2020-05-16,197.02,218.1,-1.0,1.0,4.06,20,196,1,1,0,0.0,0.5194,0,1
5573,2020-05-16,54.98,245.44,6.0,3.0,0.95,3,-48,1,1,0,0.0,0.4908,1,1
5573,2020-05-16,-54.98,245.44,-6.0,-3.0,-0.95,-3,48,1,1,0,-0.0,0.5092,0,1
5572,2020-05-16,-72.07,214.09,-1.0,2.0,-11.62,-24,63,1,1,0,-0.0,0.5018,1,1
5572,2020-05-16,72.07,214.09,1.0,-2.0,11.62,24,-63,1,1,0,0.0,0.4982,0,1
5571,2020-05-16,-40.63,208.04,3.0,-0.0,5.0,9,-98,1,1,0,0.0,0.4977,0,0
5571,2020-05-16,40.63,208.04,-3.0,0.0,-5.0,-9,98,1,1,0,-0.0,0.5023,1,0
5570,2020-05-16,-45.36,190.01,-2.0,0.0,2.33,-3,-77,1,1,0,-0.0,0.4997,0,1
5569,2020-05-16,-0.64,186.29,4.0,4.0,5.54,16,154,0,1,0,-0.0,0.4525,0,1
5569,2020-05-16,0.64,186.29,-4.0,-4.0,-5.54,-16,-154,1,0,0,0.0,0.5475,1,1
5568,2020-05-16,-69.99,184.25,1.0,-1.0,3.9,4,-231,1,1,0,-0.0,0.4845,0,1
5568,2020-05-16,69.99,184.25,-1.0,1.0,-3.9,-4,231,1,1,0,0.0,0.5155,1,1
5567,2020-05-16,-123.7,175.57,-3.0,1.0,-3.06,-5,140,1,1,0,-0.0,0.5,0,0
5567,2020-05-16,123.7,175.57,3.0,-1.0,3.06,5,-140,1,1,0,0.0,0.5,1,0
5570,2020-05-16,45.36,190.01,2.0,-0.0,-2.33,3,77,1,1,0,0.0,0.5003,1,1
5588,2020-05-30,-80.75,249.84,3.0,-2.0,0.44,0,28,0,0,0,0.0,0.5001,0,1
5588,2020-05-30,80.75,249.84,-3.0,2.0,-0.44,0,-28,0,0,0,-0.0,0.4999,1,1
5587,2020-05-30,28.63,214.67,-0.0,-2.0,0.32,-10,-154,1,1,0,0.0,0.4923,1,0
5587,2020-05-30,-28.63,214.67,0.0,2.0,-0.32,10,154,1,1,0,-0.0,0.5077,0,0
5583,2020-05-30,-53.52,223.49,-1.0,-1.0,4.1,-6,189,1,1,0,-0.0,0.5726,0,0
5583,2020-05-30,53.52,223.49,1.0,1.0,-4.1,6,-189,1,1,0,0.0,0.4274,1,0
5582,2020-05-30,53.91,243.91,1.0,3.0,-0.74,-1,105,1,1,0,0.0,0.5779,1,1
5579,2020-05-30,78.08,242.73,4.0,4.0,-4.58,-1,49,1,1,0,-0.0,0.4999,1,0
5579,2020-05-30,-78.08,242.73,-4.0,-4.0,4.58,1,-49,1,1,0,0.0,0.5001,0,0
5578,2020-05-30,-48.12,176.0,-3.0,1.0,-4.28,2,-378,1,1,0,-0.0,0.5226,1,1
5578,2020-05-30,48.12,176.0,3.0,-1.0,4.28,-2,378,1,1,0,0.0,0.4774,0,1
5582,2020-05-30,-53.91,243.91,-1.0,-3.0,0.74,1,-105,1,1,0,-0.0,0.4221,0,1
5600,2020-06-06,-46.27,217.95,3.0,-1.0,-6.12,-18,-490,0,0,0,-0.0,0.4355,1,0
5600,2020-06-06,46.27,217.95,-3.0,1.0,6.12,18,490,0,0,0,0.0,0.5645,0,0
5599,2020-06-06,-59.0,231.04,-1.0,-0.0,-2.48,7,-231,1,1,0,0.0,0.4627,1,1
5599,2020-06-06,59.0,231.04,1.0,0.0,2.48,-7,231,1,1,0,-0.0,0.5373,0,1
5598,2020-06-06,14.93,194.66,-2.0,1.0,-6.93,-9,49,1,1,0,-0.0,0.437,1,1
5598,2020-06-06,-14.93,194.66,2.0,-1.0,6.93,9,-49,1,1,0,0.0,0.563,0,1
5596,2020-06-06,-52.99,214.66,2.0,-0.0,3.23,3,-438,1,1,0,-0.0,0.5575,0,0
5596,2020-06-06,52.99,214.66,-2.0,0.0,-3.23,-3,438,1,1,0,0.0,0.4425,1,0
5595,2020-06-06,8.08,213.2,5.0,2.0,0.63,6,-84,1,1,0,-0.0,0.5036,0,0
5595,2020-06-06,-8.08,213.2,-5.0,-2.0,-0.63,-6,84,1,1,0,0.0,0.4964,1,0
5594,2020-06-06,30.64,219.29,1.0,3.0,-11.23,-20,-147,1,1,0,-0.0,0.5206,0,1
5594,2020-06-06,-30.64,219.29,-1.0,-3.0,11.23,20,147,1,1,0,0.0,0.4794,1,1
5593,2020-06-06,99.36,214.75,3.0,4.0,-10.33,-10,-273,1,1,0,0.0,0.5,1,0
5593,2020-06-06,-99.36,214.75,-3.0,-4.0,10.33,10,273,1,1,0,-0.0,0.5,0,0
5592,2020-06-06,-54.17,165.2,-7.0,-3.0,-2.36,-7,119,1,1,0,0.0,0.4968,0,1
5592,2020-06-06,54.17,165.2,7.0,3.0,2.36,7,-119,1,1,0,-0.0,0.5032,1,1
5591,2020-06-06,1.28,201.74,-1.0,4.0,-2.72,-8,-70,1,1,0,-0.0,0.485,0,0
5591,2020-06-06,-1.28,201.74,1.0,-4.0,2.72,8,70,1,1,0,0.0,0.515,1,0
5590,2020-06-06,-38.11,184.73,-1.0,3.0,-8.97,-6,168,1,1,0,-0.0,0.4049,1,1
5590,2020-06-06,38.11,184.73,1.0,-3.0,8.97,6,-168,1,1,0,0.0,0.5951,0,1
5589,2020-06-06,-246.29,215.03,-1.0,-2.0,-2.5,-10,-77,1,1,1,0.1026,0.4906,0,1
5589,2020-06-06,246.29,215.03,1.0,2.0,2.5,10,77,1,1,1,-0.1026,0.5094,1,1
5608,2020-06-13,-124.83,258.81,-0.0,-1.0,-0.27,3,126,1,1,0,-0.0,0.4331,0,0
5608,2020-06-13,124.83,258.81,0.0,1.0,0.27,-3,-126,1,1,0,0.0,0.5669,1,0
5605,2020-06-13,40.89,233.55,4.0,0.0,4.81,-3,21,0,1,0,-0.0,0.4565,1,1
5604,2020-06-13,-58.54,218.4,-5.0,-2.0,-5.42,-12,28,1,1,0,-0.0,0.5382,0,0
5604,2020-06-13,58.54,218.4,5.0,2.0,5.42,12,-28,1,1,0,0.0,0.4618,1,0
5605,2020-06-13,-40.89,233.55,-4.0,-0.0,-4.81,3,-21,1,0,0,0.0,0.5435,0,1
5603,2020-06-13,-37.65,223.94,-4.0,2.0,2.04,3,-77,0,0,0,-0.0,0.5932,1,0
5602,2020-06-13,2.73,213.91,-0.0,-1.0,-2.96,0,28,1,1,0,0.0,0.4926,1,1
5602,2020-06-13,-2.73,213.91,0.0,1.0,2.96,0,-28,1,1,0,-0.0,0.5074,0,1
5601,2020-06-13,122.08,204.64,-2.0,-2.0,-0.96,-6,300,0,1,0,-0.0,0.5957,1,1
5601,2020-06-13,-122.08,204.64,2.0,2.0,0.96,6,-300,1,0,0,0.0,0.4043,0,1
5603,2020-06-13,37.65,223.94,4.0,-2.0,-2.04,-3,77,0,0,0,0.0,0.4068,0,0
5621,2020-06-20,22.85,210.72,-2.0,-2.0,-0.84,1,-21,1,1,0,-0.0,0.5563,1,1
5619,2020-06-20,74.42,204.47,-4.0,-2.0,-8.03,-5,211,1,1,0,-0.0,0.5112,1,1
5619,2020-06-20,-74.42,204.47,4.0,2.0,8.03,5,-211,1,1,0,0.0,0.4888,0,1
5616,2020-06-20,-21.67,165.06,1.0,3.0,-4.75,-18,-105,1,1,0,0.0,0.4798,1,1
5616,2020-06-20,21.67,165.06,-1.0,-3.0,4.75,18,105,1,1,0,-0.0,0.5202,0,1
5615,2020-06-20,5.91,182.7,2.0,6.0,-10.45,-29,-105,0,1,0,0.0,0.5118,0,0
5615,2020-06-20,-5.91,182.7,-2.0,-6.0,10.45,29,105,1,0,0,-0.0,0.4882,1,0
5621,2020-06-20,-22.85,210.72,2.0,2.0,0.84,-1,21,1,1,0,0.0,0.4437,0,1
5614,2020-06-20,64.22,208.78,-2.0,-1.0,-3.12,5,56,1,1,0,0.0,0.5961,1,1
5613,2020-06-20,-12.21,187.84,1.0,-1.0,11.21,-2,315,1,1,0,-0.0,0.491,0,1
5613,2020-06-20,12.21,187.84,-1.0,1.0,-11.21,2,-315,1,1,0,0.0,0.509,1,1
5612,2020-06-20,19.9,206.12,5.0,5.0,-6.04,-1,-112,1,1,0,-0.0,0.5378,0,1
5612,2020-06-20,-19.9,206.12,-5.0,-5.0,6.04,1,112,1,1,0,0.0,0.4622,1,1
5611,2020-06-20,-28.5,202.72,-0.0,3.0,2.32,-4,77,1,1,0,0.0,0.5402,0,1
5611,2020-06-20,28.5,202.72,0.0,-3.0,-2.32,4,-77,1,1,0,-0.0,0.4598,1,1
5614,2020-06-20,-64.22,208.78,2.0,1.0,3.12,-5,-56,1,1,0,-0.0,0.4039,0,1
5632,2020-06-27,83.03,265.61,-1.0,-0.0,-6.52,-2,21,1,1,0,0.0,0.5002,1,0
5632,2020-06-27,-83.03,265.61,1.0,0.0,6.52,2,-21,1,1,0,-0.0,0.4998,0,0
5630,2020-06-27,45.82,270.51,-3.0,-0.0,-5.96,1,144,1,1,0,-0.0,0.4999,1,1
5630,2020-06-27,-45.82,270.51,3.0,0.0,5.96,-1,-144,1,1,0,0.0,0.5001,0,1
5629,2020-06-27,-10.34,249.53,-1.0,-4.0,6.72,-5,196,1,1,0,-0.0,0.4442,1,0
5629,2020-06-27,10.34,249.53,1.0,4.0,-6.72,5,-196,1,1,0,0.0,0.5558,0,0
5628,2020-06-27,-145.72,254.01,-4.0,-1.0,2.85,4,153,0,0,0,-0.0,0.5828,1,0
5625,2020-06-27,27.73,199.52,4.0,4.0,-0.88,-10,-329,1,0,0,-0.0,0.5196,1,1
5625,2020-06-27,-27.73,199.52,-4.0,-4.0,0.88,10,329,0,1,0,0.0,0.4804,0,1
5624,2020-06-27,22.87,196.6,3.0,4.0,-0.35,-5,133,1,1,0,-0.0,0.4988,0,0
5624,2020-06-27,-22.87,196.6,-3.0,-4.0,0.35,5,-133,1,1,0,0.0,0.5012,1,0
5623,2020-06-27,-69.05,163.66,3.0,3.0,-1.07,-8,-168,1,1,0,0.0,0.5,0,0
5623,2020-06-27,69.05,163.66,-3.0,-3.0,1.07,8,168,1,1,0,-0.0,0.5,1,0
5628,2020-06-27,145.72,254.01,4.0,1.0,-2.85,-4,-153,0,0,0,0.0,0.4172,0,0
5637,2020-07-11,74.45,227.14,1.0,0.0,0.58,-5,-420,0,1,0,0.0,0.5028,1,1
5639,2020-07-11,-77.72,215.07,-3.0,-0.0,2.51,-6,140,1,1,0,-0.0,0.4488,1,1
5639,2020-07-11,77.72,215.07,3.0,0.0,-2.51,6,-140,1,1,0,0.0,0.5512,0,1
5637,2020-07-11,-74.45,227.14,-1.0,-0.0,-0.58,5,420,1,0,0,-0.0,0.4972,0,1
5636,2020-07-11,1.77,184.12,3.0,4.0,-0.76,-7,112,1,1,0,-0.0,0.5137,1,1
5636,2020-07-11,-1.77,184.12,-3.0,-4.0,0.76,7,-112,1,1,0,0.0,0.4863,0,1
5635,2020-07-11,-0.44,193.27,-3.0,0.0,-6.43,-9,0,1,1,1,-0.0333,0.4999,1,0
5634,2020-07-11,-14.42,177.39,-2.0,5.0,-3.18,14,0,1,1,1,-0.1705,0.5388,0,1
5634,2020-07-11,14.42,177.39,2.0,-5.0,3.18,-14,0,1,1,1,0.1705,0.4612,1,1
5633,2020-07-11,-160.23,173.77,-2.0,-1.0,2.49,7,42,1,1,1,-0.1162,0.4827,0,0
5633,2020-07-11,160.23,173.77,2.0,1.0,-2.49,-7,-42,1,1,1,0.1162,0.5173,1,0
5635,2020-07-11,0.44,193.27,3.0,-0.0,6.43,9,0,1,1,1,0.0333,0.5001,0,0
5648,2020-07-15,-31.88,201.91,4.0,-2.0,0.36,3,364,0,1,0,-0.0,0.4998,1,1
5646,2020-07-15,-40.6,209.35,1.0,4.0,3.36,0,7,1,1,0,-0.0,0.4524,1,1
5646,2020-07-15,40.6,209.35,-1.0,-4.0,-3.36,0,-7,1,1,0,0.0,0.5476,0,1
5647,2020-07-15,-61.86,198.0,-2.0,2.0,2.67,6,-161,1,1,0,0.0,0.5961,1,0
5647,2020-07-15,61.86,198.0,2.0,-2.0,-2.67,-6,161,1,1,0,-0.0,0.4039,0,0
5648,2020-07-15,31.88,201.91,-4.0,2.0,-0.36,-3,-364,1,0,0,0.0,0.5002,0,1
5649,2020-07-15,121.41,258.84,-6.0,-2.0,3.13,3,-258,1,1,0,-0.0,0.5555,0,1
5649,2020-07-15,-121.41,258.84,6.0,2.0,-3.13,-3,258,1,1,0,0.0,0.4445,1,1
5664,2020-07-18,-45.18,237.14,4.0,5.0,-5.03,-5,-77,1,1,0,0.0,0.4373,1,1
5665,2020-07-18,-8.15,227.68,-4.0,-3.0,0.17,2,0,1,1,0,-0.0,0.4984,1,0
5659,2020-07-18,51.93,232.98,2.0,2.0,-0.03,6,28,1,1,0,0.0,0.5014,0,0
5667,2020-07-18,64.76,242.88,-2.0,-1.0,9.93,4,-42,1,1,0,-0.0,0.454,0,1
5667,2020-07-18,-64.76,242.88,2.0,1.0,-9.93,-4,42,1,1,0,0.0,0.546,1,1
5664,2020-07-18,45.18,237.14,-4.0,-5.0,5.03,5,77,1,1,0,-0.0,0.5627,0,1
5665,2020-07-18,8.15,227.68,4.0,3.0,-0.17,-2,0,1,1,0,0.0,0.5016,0,0
5661,2020-07-18,-88.63,231.53,-0.0,1.0,-2.48,-7,-28,1,1,0,0.0,0.406,1,1
5657,2020-07-18,2.13,182.27,-3.0,-1.0,3.38,11,0,1,1,1,0.2039,0.5405,0,0
5660,2020-07-18,77.82,264.84,2.0,-0.0,0.63,-2,189,1,1,0,-0.0,0.4486,0,1
5660,2020-07-18,-77.82,264.84,-2.0,0.0,-0.63,2,-189,1,1,0,0.0,0.5514,1,1
5659,2020-07-18,-51.93,232.98,-2.0,-2.0,0.03,-6,-28,1,1,0,-0.0,0.4986,1,0
5658,2020-07-18,46.68,179.6,-6.0,-4.0,-3.37,5,-35,1,1,0,0.0,0.491,0,0
5658,2020-07-18,-46.68,179.6,6.0,4.0,3.37,-5,35,1,1,0,-0.0,0.509,1,0
5657,2020-07-18,-2.13,182.27,3.0,1.0,-3.38,-11,0,1,1,1,-0.2039,0.4595,1,0
5661,2020-07-18,88.63,231.53,0.0,-1.0,2.48,7,28,1,1,0,-0.0,0.594,0,1
5673,2020-07-25,8.25,221.69,-6.0,-4.0,0.8,-4,154,1,1,0,-0.0,0.4449,0,1
5674,2020-07-25,103.42,183.97,1.0,-1.0,-1.11,7,-721,1,1,0,-0.0,0.5098,1,0
5673,2020-07-25,-8.25,221.69,6.0,4.0,-0.8,4,-154,1,1,0,0.0,0.5551,1,1
5681,2020-07-25,4.12,228.22,-2.0,-2.0,8.46,8,49,1,1,0,-0.0,0.4999,0,1
5681,2020-07-25,-4.12,228.22,2.0,2.0,-8.46,-8,-49,1,1,0,0.0,0.5001,1,1
5674,2020-07-25,-103.42,183.97,-1.0,1.0,1.11,-7,721,1,1,0,0.0,0.4902,0,0
5672,2020-07-25,-29.12,217.06,2.0,5.0,0.45,-9,273,1,1,0,0.0,0.4041,0,1
5671,2020-07-25,-29.15,166.72,2.0,1.0,-9.46,-1,343,0,1,0,-0.0,0.4536,0,1
5671,2020-07-25,29.15,166.72,-2.0,-1.0,9.46,1,-343,1,0,0,0.0,0.5464,1,1
5670,2020-07-25,-27.44,170.09,-1.0,1.0,5.48,-7,-161,1,1,0,0.0,0.5,0,0
5670,2020-07-25,27.44,170.09,1.0,-1.0,-5.48,7,161,1,1,0,-0.0,0.5,1,0
5669,2020-07-25,-75.35,186.62,1.0,-0.0,-2.01,-5,-28,1,1,0,0.0,0.5,0,0
5669,2020-07-25,75.35,186.62,-1.0,0.0,2.01,5,28,1,1,0,-0.0,0.5,1,0
5672,2020-07-25,29.12,217.06,-2.0,-5.0,-0.45,9,-273,1,1,0,-0.0,0.5959,1,1
5688,2020-08-01,-41.44,217.66,4.0,2.0,-13.69,-5,-322,1,1,0,-0.0,0.4999,1,0
5688,2020-08-01,41.44,217.66,-4.0,-2.0,13.69,5,322,1,1,0,0.0,0.5001,0,0
5687,2020-08-01,59.82,190.21,-0.0,1.0,5.51,4,-126,1,1,0,0.0,0.5006,1,1
5687,2020-08-01,-59.82,190.21,0.0,-1.0,-5.51,-4,126,1,1,0,-0.0,0.4994,0,1
5686,2020-08-01,-87.13,186.59,3.0,4.0,1.39,-5,175,1,1,0,0.0,0.511,0,1
5685,2020-08-01,-56.33,214.75,-1.0,-2.0,-2.79,-6,-56,1,1,0,0.0,0.5056,1,1
5685,2020-08-01,56.33,214.75,1.0,2.0,2.79,6,56,1,1,0,-0.0,0.4944,0,1
5684,2020-08-01,-22.14,201.22,-3.0,1.0,-13.88,-12,-77,1,1,0,-0.0,0.5392,0,0
5684,2020-08-01,22.14,201.22,3.0,-1.0,13.88,12,77,1,1,0,0.0,0.4608,1,0
5686,2020-08-01,87.13,186.59,-3.0,-4.0,-1.39,5,-175,1,1,0,-0.0,0.489,1,1
5696,2020-08-08,86.72,178.59,3.0,1.0,-5.6,6,-21,1,1,0,-0.0,0.4972,1,0
5700,2020-08-08,-33.39,236.35,-2.0,-1.0,-8.29,-5,-35,1,1,0,0.0,0.5845,0,1
5700,2020-08-08,33.39,236.35,2.0,1.0,8.29,5,35,1,1,0,-0.0,0.4155,1,1
5697,2020-08-08,-2.24,202.78,-4.0,-1.0,-9.02,-17,112,1,1,0,0.0,0.4602,0,1
5697,2020-08-08,2.24,202.78,4.0,1.0,9.02,17,-112,1,1,0,-0.0,0.5398,1,1
5696,2020-08-08,-86.72,178.59,-3.0,-1.0,5.6,-6,21,1,1,0,0.0,0.5028,0,0
5695,2020-08-08,-78.06,258.94,-2.0,1.0,-3.41,-3,372,0,1,0,0.0,0.5757,0,1
5692,2020-08-08,70.94,171.01,-1.0,1.0,-7.64,7,91,1,1,0,0.0,0.502,1,1
5694,2020-08-08,22.51,234.45,-1.0,2.0,-0.1,6,232,1,1,0,-0.0,0.5921,1,1
5694,2020-08-08,-22.51,234.45,1.0,-2.0,0.1,-6,-232,1,1,0,0.0,0.4079,0,1
5693,2020-08-08,67.9,176.18,5.0,2.0,3.32,4,57,1,1,0,-0.0,0.4947,1,1
5693,2020-08-08,-67.9,176.18,-5.0,-2.0,-3.32,-4,-57,1,1,0,0.0,0.5053,0,1
5692,2020-08-08,-70.94,171.01,1.0,-1.0,7.64,-7,-91,1,1,0,-0.0,0.498,0,1
5701,2020-08-08,-12.18,263.39,-2.0,-1.0,3.15,2,329,1,0,0,0.0,0.596,1,0
5695,2020-08-08,78.06,258.94,2.0,-1.0,3.41,3,-372,1,0,0,-0.0,0.4243,1,1
5701,2020-08-08,12.18,263.39,2.0,1.0,-3.15,-2,-329,0,1,0,-0.0,0.404,0,0
5709,2020-08-15,2.85,174.04,-1.0,-2.0,-0.77,28,-357,1,1,0,-0.0,0.5735,0,0
5712,2020-08-15,102.68,234.32,-6.0,-4.0,-3.39,-3,105,1,1,0,-0.0,0.5929,1,0
5708,2020-08-15,-41.51,194.62,2.0,3.0,-6.29,-10,-119,1,1,0,0.0,0.5961,1,1
5710,2020-08-15,-64.28,233.27,-1.0,-1.0,-3.7,-6,-427,1,1,0,-0.0,0.5052,1,1
5712,2020-08-15,-102.68,234.32,6.0,4.0,3.39,3,-105,1,1,0,0.0,0.4071,0,0
5710,2020-08-15,64.28,233.27,1.0,1.0,3.7,6,427,1,1,0,0.0,0.4948,0,1
5708,2020-08-15,41.51,194.62,-2.0,-3.0,6.29,10,119,1,1,0,-0.0,0.4039,0,1
5709,2020-08-15,-2.85,174.04,1.0,2.0,0.77,-28,357,1,1,0,0.0,0.4265,1,0
5707,2020-08-15,140.47,237.14,4.0,2.0,-2.49,-5,-2275,1,1,0,-0.0,0.4422,0,1
5706,2020-08-15,-50.47,189.89,1.0,-2.0,-4.13,-16,-105,1,1,0,-0.0,0.5,1,1
5706,2020-08-15,50.47,189.89,-1.0,2.0,4.13,16,105,1,1,0,0.0,0.5,0,1
5705,2020-08-15,-57.89,206.22,-2.0,-3.0,1.89,10,21,1,1,0,-0.0,0.5378,1,1
5705,2020-08-15,57.89,206.22,2.0,3.0,-1.89,-10,-21,1,1,0,0.0,0.4622,0,1
5704,2020-08-15,25.64,171.61,-8.0,-5.0,3.42,-3,0,1,1,1,0.0721,0.5953,0,1
5704,2020-08-15,-25.64,171.61,8.0,5.0,-3.42,3,0,1,1,1,-0.0721,0.4047,1,1
5707,2020-08-15,-140.47,237.14,-4.0,-2.0,2.49,5,2275,1,1,0,0.0,0.5578,1,1
5719,2020-08-22,-44.28,255.49,2.0,-0.0,2.29,1,413,1,1,0,0.0,0.4623,0,0
5719,2020-08-22,44.28,255.49,-2.0,0.0,-2.29,-1,-413,1,1,0,-0.0,0.5377,1,0
5718,2020-08-22,-138.54,258.74,1.0,-0.0,8.02,3,112,1,1,0,0.0,0.4276,1,0
5718,2020-08-22,138.54,258.74,-1.0,0.0,-8.02,-3,-112,1,1,0,-0.0,0.5724,0,0
5717,2020-08-22,55.81,258.42,-1.0,-1.0,-1.68,-3,196,1,1,0,0.0,0.595,1,1
5716,2020-08-22,50.87,255.82,9.0,1.0,-0.38,1,-462,1,1,0,0.0,0.5,1,0
5716,2020-08-22,-50.87,255.82,-9.0,-1.0,0.38,-1,462,1,1,0,-0.0,0.5,0,0
5715,2020-08-22,38.2,163.36,3.0,-0.0,4.89,13,-196,0,1,0,0.0,0.5216,1,1
5715,2020-08-22,-38.2,163.36,-3.0,0.0,-4.89,-13,196,1,0,0,-0.0,0.4784,0,1
5717,2020-08-22,-55.81,258.42,1.0,1.0,1.68,3,-196,1,1,0,-0.0,0.405,0,1
5729,2020-08-29,-143.68,196.54,-1.0,0.0,-5.36,-5,-21,1,1,0,0.0,0.5025,0,0
5732,2020-08-29,97.18,238.23,-4.0,-0.0,1.06,0,42,1,1,0,-0.0,0.4379,0,1
5732,2020-08-29,-97.18,238.23,4.0,0.0,-1.06,0,-42,1,1,0,0.0,0.5621,1,1
5729,2020-08-29,143.68,196.54,1.0,-0.0,5.36,5,21,1,1,0,-0.0,0.4975,1,0
5726,2020-08-29,-13.05,222.44,-6.0,-2.0,-3.81,1,14,0,1,0,0.0,0.563,1,1
5725,2020-08-29,46.73,155.07,6.0,4.0,-5.37,1,-308,1,1,0,0.0,0.596,1,0
5725,2020-08-29,-46.73,155.07,-6.0,-4.0,5.37,-1,308,1,1,0,-0.0,0.404,0,0
5724,2020-08-29,5.82,202.18,2.0,-0.0,-3.53,-8,144,1,1,0,0.0,0.4625,1,1
5724,2020-08-29,-5.82,202.18,-2.0,0.0,3.53,8,-144,1,1,0,-0.0,0.5375,0,1
5726,2020-08-29,13.05,222.44,6.0,2.0,3.81,-1,-14,1,0,0,-0.0,0.437,0,1
5737,2020-09-05,44.14,258.59,-3.0,-1.0,3.81,3,364,1,1,0,-0.0,0.4095,0,0
5734,2020-09-05,-7.53,198.89,3.0,1.0,10.98,14,14,1,1,0,-0.0,0.5,1,1
5734,2020-09-05,7.53,198.89,-3.0,-1.0,-10.98,-14,-14,1,1,0,0.0,0.5,0,1
5735,2020-09-05,55.85,201.96,4.0,3.0,4.53,18,24,1,1,0,0.0,0.503,1,0
5735,2020-09-05,-55.85,201.96,-4.0,-3.0,-4.53,-18,-24,1,1,0,-0.0,0.497,0,0
5737,2020-09-05,-44.14,258.59,3.0,1.0,-3.81,-3,-364,1,1,0,0.0,0.5905,1,0
5739,2020-09-05,-76.08,238.04,0.0,-3.0,8.23,-2,63,1,1,0,0.0,0.4058,1,1
5739,2020-09-05,76.08,238.04,-0.0,3.0,-8.23,2,-63,1,1,0,-0.0,0.5942,0,1
5746,2020-09-12,127.34,256.65,-1.0,-1.0,2.36,-1,-252,1,1,0,0.0,0.5379,1,0
5746,2020-09-12,-127.34,256.65,1.0,1.0,-2.36,1,252,1,1,0,-0.0,0.4621,0,0
5747,2020-09-12,55.07,245.25,1.0,3.0,-3.04,-3,-31,1,1,0,-0.0,0.5667,0,1
5745,2020-09-12,13.99,194.36,3.0,1.0,3.14,-5,665,1,1,0,-0.0,0.4608,0,0
5752,2020-09-12,25.46,238.02,6.0,2.0,-8.95,-2,7,1,1,0,0.0,0.5377,1,1
5752,2020-09-12,-25.46,238.02,-6.0,-2.0,8.95,2,-7,1,1,0,-0.0,0.4623,0,1
5747,2020-09-12,-55.07,245.25,-1.0,-3.0,3.04,3,31,1,1,0,0.0,0.4333,1,1
5745,2020-09-12,-13.99,194.36,-3.0,-1.0,-3.14,5,-665,1,1,0,0.0,0.5392,1,0
5741,2020-09-12,-79.76,184.27,2.0,-0.0,0.98,6,-7,1,1,0,0.0,0.4875,0,1
5744,2020-09-12,57.05,195.33,-5.0,-3.0,8.16,19,287,1,1,0,0.0,0.5912,1,0
5743,2020-09-12,81.48,217.18,-0.0,-1.0,-6.38,-3,133,1,1,0,0.0,0.5636,0,1
5743,2020-09-12,-81.48,217.18,0.0,1.0,6.38,3,-133,1,1,0,-0.0,0.4364,1,1
5742,2020-09-12,66.28,270.93,3.0,3.0,3.35,1,-294,1,1,0,-0.0,0.5071,0,0
5742,2020-09-12,-66.28,270.93,-3.0,-3.0,-3.35,-1,294,1,1,0,0.0,0.4929,1,0
5741,2020-09-12,79.76,184.27,-2.0,0.0,-0.98,-6,7,1,1,0,-0.0,0.5125,1,1
5744,2020-09-12,-57.05,195.33,5.0,3.0,-8.16,-19,-287,1,1,0,-0.0,0.4088,0,0
5764,2020-09-19,25.17,271.34,6.0,4.0,-5.33,1,-111,1,1,0,-0.0,0.5,1,0
5764,2020-09-19,-25.17,271.34,-6.0,-4.0,5.33,-1,111,1,1,0,0.0,0.5,0,0
5761,2020-09-19,-81.82,240.61,3.0,-0.0,5.22,4,-63,1,1,0,-0.0,0.4993,0,1
5761,2020-09-19,81.82,240.61,-3.0,0.0,-5.22,-4,63,1,1,0,0.0,0.5007,1,1
5760,2020-09-19,-171.61,238.45,1.0,3.0,2.52,-8,1988,0,1,0,-0.0,0.5011,1,0
5760,2020-09-19,171.61,238.45,-1.0,-3.0,-2.52,8,-1988,1,0,0,0.0,0.4989,0,0
5759,2020-09-19,43.63,258.13,-1.0,-1.0,-2.57,-3,91,1,1,0,0.0,0.5754,1,1
5759,2020-09-19,-43.63,258.13,1.0,1.0,2.57,3,-91,1,1,0,-0.0,0.4246,0,1
5758,2020-09-19,-63.96,205.64,-7.0,-3.0,1.85,2,0,1,1,0,0.0,0.5075,0,1
5757,2020-09-19,-81.65,206.47,-0.0,-0.0,7.62,9,77,1,1,0,0.0,0.5026,0,1
5757,2020-09-19,81.65,206.47,0.0,0.0,-7.62,-9,-77,1,1,0,-0.0,0.4974,1,1
5756,2020-09-19,94.37,229.4,-3.0,-1.0,0.6,-1,-56,1,1,0,0.0,0.5214,0,1
5756,2020-09-19,-94.37,229.4,3.0,1.0,-0.6,1,56,1,1,0,-0.0,0.4786,1,1
5755,2020-09-19,-41.14,224.98,2.0,-1.0,6.37,9,49,1,1,0,0.0,0.4727,0,0
5755,2020-09-19,41.14,224.98,-2.0,1.0,-6.37,-9,-49,1,1,0,-0.0,0.5273,1,0
5753,2020-09-19,-20.63,177.18,2.0,-2.0,5.88,1,-168,1,1,0,0.0,0.4765,0,1
5753,2020-09-19,20.63,177.18,-2.0,2.0,-5.88,-1,168,1,1,0,-0.0,0.5235,1,1
5758,2020-09-19,63.96,205.64,7.0,3.0,-1.85,-2,0,1,1,0,-0.0,0.4925,1,1
5770,2020-09-26,-42.86,222.44,-1.0,-4.0,6.33,1,-273,1,1,0,0.0,0.409,0,1
5773,2020-09-26,19.99,160.21,1.0,1.0,-12.63,-18,-7,1,1,0,-0.0,0.5904,1,0
5771,2020-09-26,-6.86,223.79,-5.0,-0.0,0.46,0,-112,1,1,0,-0.0,0.5004,0,1
5771,2020-09-26,6.86,223.79,5.0,0.0,-0.46,0,112,1,1,0,0.0,0.4996,1,1
5770,2020-09-26,42.86,222.44,1.0,4.0,-6.33,-1,273,1,1,0,-0.0,0.591,1,1
5773,2020-09-26,-19.99,160.21,-1.0,-1.0,12.63,18,7,1,1,0,0.0,0.4096,0,0
5769,2020-09-26,49.58,253.4,1.0,-5.0,-0.61,4,98,1,1,0,0.0,0.4615,0,0
5768,2020-09-26,-50.48,191.62,1.0,-2.0,6.84,7,-7,1,1,1,0.1429,0.5065,1,0
5768,2020-09-26,50.48,191.62,-1.0,2.0,-6.84,-7,7,1,1,1,-0.1429,0.4935,0,0
5767,2020-09-26,-114.16,213.34,-8.0,-3.0,-1.75,-3,203,1,1,1,-0.425,0.5,0,0
5767,2020-09-26,114.16,213.34,8.0,3.0,1.75,3,-203,1,1,1,0.425,0.5,1,0
5769,2020-09-26,-49.58,253.4,-1.0,5.0,0.61,-4,-98,1,1,0,-0.0,0.5385,1,0
5787,2020-10-03,-5.01,249.6,-2.0,-2.0,-0.74,-2,161,1,1,0,0.0,0.4554,0,0
5787,2020-10-03,5.01,249.6,2.0,2.0,0.74,2,-161,1,1,0,-0.0,0.5446,1,0
5786,2020-10-03,-49.81,270.91,4.0,2.0,10.66,-1,-126,1,1,0,-0.0,0.4059,0,0
5786,2020-10-03,49.81,270.91,-4.0,-2.0,-10.66,1,126,1,1,0,0.0,0.5941,1,0
5783,2020-10-03,-37.62,167.85,-0.0,-3.0,-0.63,0,-293,1,1,0,0.0,0.5954,0,1
5783,2020-10-03,37.62,167.85,0.0,3.0,0.63,0,293,1,1,0,-0.0,0.4046,1,1
5780,2020-10-03,-24.6,215.65,-2.0,-3.0,-5.32,-3,154,1,1,0,0.0,0.5106,0,1
5780,2020-10-03,24.6,215.65,2.0,3.0,5.32,3,-154,1,1,0,-0.0,0.4894,1,1
5778,2020-10-03,-4.66,196.22,-1.0,1.0,-6.44,-3,35,1,1,0,0.0,0.5378,0,0
5778,2020-10-03,4.66,196.22,1.0,-1.0,6.44,3,-35,1,1,0,-0.0,0.4622,1,0
5799,2020-10-10,-19.14,255.44,-1.0,-1.0,2.86,-1,3,0,1,0,-0.0,0.5,0,1
5799,2020-10-10,19.14,255.44,1.0,1.0,-2.86,1,-3,1,0,0,0.0,0.5,1,1
5796,2020-10-10,-5.48,280.0,4.0,-1.0,-3.17,0,91,1,1,0,-0.0,0.5672,0,1
5796,2020-10-10,5.48,280.0,-4.0,1.0,3.17,0,-91,1,1,0,0.0,0.4328,1,1
5791,2020-10-10,-28.83,179.75,-0.0,-1.0,-4.06,-3,-59,1,1,0,0.0,0.5154,1,1
5789,2020-10-10,13.47,214.22,-3.0,-5.0,3.98,1,175,1,1,0,0.0,0.4769,0,0
5790,2020-10-10,-2.08,178.01,-3.0,-1.0,-2.8,-15,-56,1,1,0,-0.0,0.5916,0,0
5790,2020-10-10,2.08,178.01,3.0,1.0,2.8,15,56,1,1,0,0.0,0.4084,1,0
5789,2020-10-10,-13.47,214.22,3.0,5.0,-3.98,-1,-175,1,1,0,-0.0,0.5231,1,0
5791,2020-10-10,28.83,179.75,0.0,1.0,4.06,3,59,1,1,0,-0.0,0.4846,0,1
5808,2020-10-17,4.32,225.13,-4.0,-3.0,-6.42,3,-434,1,1,0,-0.0,0.592,1,1
5811,2020-10-17,-22.81,252.52,8.0,4.0,2.77,-4,14,0,1,0,0.0,0.5028,1,1
5810,2020-10-17,6.27,280.04,1.0,1.0,-2.59,0,28,1,1,0,-0.0,0.5001,1,1
5810,2020-10-17,-6.27,280.04,-1.0,-1.0,2.59,0,-28,1,1,0,0.0,0.4999,0,1
5809,2020-10-17,-92.78,246.03,2.0,1.0,5.72,3,-207,1,1,0,-0.0,0.4083,0,0
5809,2020-10-17,92.78,246.03,-2.0,-1.0,-5.72,-3,207,1,1,0,0.0,0.5917,1,0
5808,2020-10-17,-4.32,225.13,4.0,3.0,6.42,-3,434,1,1,0,0.0,0.408,0,1
5806,2020-10-17,-45.39,215.46,-0.0,1.0,-2.72,-3,-924,0,0,0,0.0,0.5,1,1
5811,2020-10-17,22.81,252.52,-8.0,-4.0,-2.77,4,-14,1,0,0,-0.0,0.4972,0,1
5805,2020-10-17,-78.54,205.64,2.0,3.0,-3.74,7,-189,1,1,0,0.0,0.4804,1,0
5805,2020-10-17,78.54,205.64,-2.0,-3.0,3.74,-7,189,1,1,0,-0.0,0.5196,0,0
5804,2020-10-17,-48.67,257.42,2.0,1.0,2.06,-3,-144,1,1,0,-0.0,0.5313,0,0
5804,2020-10-17,48.67,257.42,-2.0,-1.0,-2.06,3,144,1,1,0,0.0,0.4687,1,0
5803,2020-10-17,24.04,178.88,-6.0,-8.0,-2.74,7,-42,0,1,0,-0.0,0.543,1,1
5803,2020-10-17,-24.04,178.88,6.0,8.0,2.74,-7,42,1,0,0,0.0,0.457,0,1
5802,2020-10-17,-41.77,203.85,3.0,-1.0,3.93,0,-378,1,1,0,-0.0,0.5014,0,0
5802,2020-10-17,41.77,203.85,-3.0,1.0,-3.93,0,378,1,1,0,0.0,0.4986,1,0
5806,2020-10-17,45.39,215.46,0.0,-1.0,2.72,3,924,0,0,0,-0.0,0.5,0,1
5824,2020-10-24,-63.2,227.37,-3.0,-0.0,8.62,5,252,1,1,0,0.0,0.4918,0,0
5824,2020-10-24,63.2,227.37,3.0,0.0,-8.62,-5,-252,1,1,0,-0.0,0.5082,1,0
5820,2020-10-24,4.78,226.67,-1.0,1.0,2.14,0,-70,1,0,0,0.0,0.5006,1,0
5820,2020-10-24,-4.78,226.67,1.0,-1.0,-2.14,0,70,0,1,0,-0.0,0.4994,0,0
5819,2020-10-24,-52.06,184.84,-9.0,-9.0,-5.07,-17,63,1,1,0,0.0,0.4578,1,0
5819,2020-10-24,52.06,184.84,9.0,9.0,5.07,17,-63,1,1,0,-0.0,0.5422,0,0
5818,2020-10-24,-71.72,215.3,-0.0,-2.0,-1.53,3,0,1,1,0,0.0,0.596,0,0
5815,2020-10-24,-146.16,194.91,-3.0,-2.0,5.37,6,35,1,1,0,-0.0,0.4598,0,0
5815,2020-10-24,146.16,194.91,3.0,2.0,-5.37,-6,-35,1,1,0,0.0,0.5402,1,0
5814,2020-10-24,-166.57,183.78,4.0,-1.0,6.76,-4,301,1,1,0,-0.0,0.5,0,0
5814,2020-10-24,166.57,183.78,-4.0,1.0,-6.76,4,-301,1,1,0,0.0,0.5,1,0
5813,2020-10-24,-147.7,198.96,-0.0,1.0,-0.15,-5,-245,1,1,1,-0.5,0.4039,0,1
5813,2020-10-24,147.7,198.96,0.0,-1.0,0.15,5,245,1,1,1,0.5,0.5961,1,1
5818,2020-10-24,71.72,215.3,0.0,2.0,1.53,-3,0,1,1,0,-0.0,0.404,1,0
5830,2020-10-31,-94.17,231.61,-4.0,-1.0,6.29,-1,767,1,1,0,-0.0,0.4999,0,1
5834,2020-10-31,-91.6,241.81,-4.0,-1.0,0.48,-4,2912,0,1,0,-0.0,0.4605,1,1
5834,2020-10-31,91.6,241.81,4.0,1.0,-0.48,4,-2912,1,0,0,0.0,0.5395,0,1
5832,2020-10-31,-158.57,200.78,-3.0,-1.0,1.19,-3,-252,1,1,0,-0.0,0.462,0,1
5832,2020-10-31,158.57,200.78,3.0,1.0,-1.19,3,252,1,1,0,0.0,0.538,1,1
5830,2020-10-31,94.17,231.61,4.0,1.0,-6.29,1,-767,1,1,0,0.0,0.5001,1,1
5829,2020-10-31,-92.96,205.79,-1.0,-1.0,-8.53,-9,122,1,1,0,-0.0,0.514,1,1
5825,2020-10-31,138.78,164.74,-2.0,2.0,9.3,8,126,1,1,0,-0.0,0.5511,0,0
5827,2020-10-31,-23.63,223.6,-0.0,-2.0,-2.06,-1,49,1,1,0,0.0,0.4803,1,1
5827,2020-10-31,23.63,223.6,0.0,2.0,2.06,1,-49,1,1,0,-0.0,0.5197,0,1
5826,2020-10-31,-59.09,205.07,4.0,1.0,4.28,11,-35,1,1,0,-0.0,0.4041,0,0
5826,2020-10-31,59.09,205.07,-4.0,-1.0,-4.28,-11,35,1,1,0,0.0,0.5959,1,0
5825,2020-10-31,-138.78,164.74,2.0,-2.0,-9.3,-8,-126,1,1,0,0.0,0.4489,1,0
5829,2020-10-31,92.96,205.79,1.0,1.0,8.53,9,-122,1,1,0,0.0,0.486,0,1
5842,2020-11-07,13.81,235.96,-0.0,-1.0,5.46,9,203,1,1,0,0.0,0.4794,0,0
5842,2020-11-07,-13.81,235.96,0.0,1.0,-5.46,-9,-203,1,1,0,-0.0,0.5206,1,0
5840,2020-11-07,69.14,207.95,-0.0,1.0,-0.52,-6,84,1,1,0,0.0,0.4063,1,1
5840,2020-11-07,-69.14,207.95,0.0,-1.0,0.52,6,-84,1,1,0,-0.0,0.5937,0,1
5838,2020-11-07,-154.63,251.46,2.0,-2.0,-4.79,-2,252,1,1,0,0.0,0.4132,0,1
5837,2020-11-07,-20.26,189.35,-2.0,-1.0,-12.49,-27,-73,1,1,0,0.0,0.4399,0,1
5837,2020-11-07,20.26,189.35,2.0,1.0,12.49,27,73,1,1,0,-0.0,0.5601,1,1
5836,2020-11-07,62.42,160.48,-0.0,-0.0,4.19,0,-312,1,1,0,0.0,0.5612,1,1
5836,2020-11-07,-62.42,160.48,0.0,0.0,-4.19,0,312,1,1,0,-0.0,0.4388,0,1
5838,2020-11-07,154.63,251.46,-2.0,2.0,4.79,2,-252,1,1,0,-0.0,0.5868,1,1
5849,2020-11-14,13.04,218.78,1.0,-1.0,4.83,8,-126,0,0,0,0.0,0.4812,1,1
5853,2020-11-14,128.71,238.93,-6.0,-3.0,5.07,8,168,1,1,0,0.0,0.5441,1,1
5849,2020-11-14,-13.04,218.78,-1.0,1.0,-4.83,-8,126,0,0,0,-0.0,0.5188,0,1
5853,2020-11-14,-128.71,238.93,6.0,3.0,-5.07,-8,-168,1,1,0,-0.0,0.4559,0,1
5847,2020-11-14,-4.29,249.88,-4.0,-2.0,8.63,5,-158,1,1,0,0.0,0.5,0,1
5846,2020-11-14,40.99,157.36,-0.0,-3.0,-0.5,15,28,1,1,0,0.0,0.5102,1,0
5846,2020-11-14,-40.99,157.36,0.0,3.0,0.5,-15,-28,1,1,0,-0.0,0.4898,0,0
5847,2020-11-14,4.29,249.88,4.0,2.0,-8.63,-5,158,1,1,0,-0.0,0.5,1,1
5863,2020-11-21,-117.99,238.29,-0.0,-2.0,2.12,1,329,1,1,0,0.0,0.4624,1,0
5863,2020-11-21,117.99,238.29,0.0,2.0,-2.12,-1,-329,1,1,0,-0.0,0.5376,0,0
5862,2020-11-21,-8.02,237.63,0.0,2.0,9.18,0,49,1,1,0,0.0,0.5079,1,0
5861,2020-11-21,28.73,271.87,1.0,4.0,2.55,-1,49,0,1,0,-0.0,0.5,0,0
5861,2020-11-21,-28.73,271.87,-1.0,-4.0,-2.55,1,-49,1,0,0,0.0,0.5,1,0
5860,2020-11-21,-28.97,232.37,-2.0,2.0,1.31,-5,-196,1,1,0,-0.0,0.4823,0,0
5860,2020-11-21,28.97,232.37,2.0,-2.0,-1.31,5,196,1,1,0,0.0,0.5177,1,0
5859,2020-11-21,-72.85,173.95,-0.0,2.0,-6.0,-11,0,1,1,0,-0.0,0.5773,1,1
5862,2020-11-21,8.02,237.63,-0.0,-2.0,-9.18,0,-49,1,1,0,-0.0,0.4921,0,0
5858,2020-11-21,65.41,195.45,-4.0,-5.0,1.46,-4,126,1,1,0,-0.0,0.5958,0,1
5858,2020-11-21,-65.41,195.45,4.0,5.0,-1.46,4,-126,1,1,0,0.0,0.4042,1,1
5857,2020-11-21,-20.94,166.7,4.0,4.0,7.57,8,-42,1,1,0,-0.0,0.54,1,1
5857,2020-11-21,20.94,166.7,-4.0,-4.0,-7.57,-8,42,1,1,0,0.0,0.46,0,1
5856,2020-11-21,-167.29,209.73,-2.0,-1.0,-0.58,-5,-175,1,1,1,0.2,0.485,0,0
5856,2020-11-21,167.29,209.73,2.0,1.0,0.58,5,175,1,1,1,-0.2,0.515,1,0
5855,2020-11-21,-82.94,203.54,-3.0,1.0,-4.26,-2,42,1,1,1,-0.0476,0.4813,0,1
5855,2020-11-21,82.94,203.54,3.0,-1.0,4.26,2,-42,1,1,1,0.0476,0.5187,1,1
5859,2020-11-21,72.85,173.95,0.0,-2.0,6.0,11,0,1,1,0,0.0,0.4227,0,1
5876,2020-11-28,33.19,248.81,5.0,4.0,-5.54,-5,-531,0,0,0,0.0,0.4996,1,0
5876,2020-11-28,-33.19,248.81,-5.0,-4.0,5.54,5,531,0,0,0,-0.0,0.5004,0,0
5875,2020-11-28,-46.33,270.38,-1.0,-1.0,5.67,-1,-322,0,0,0,-0.0,0.4999,0,0
5875,2020-11-28,46.33,270.38,1.0,1.0,-5.67,1,322,0,0,0,0.0,0.5001,1,0
5872,2020-11-28,97.97,278.78,-2.0,-5.0,-2.68,0,-302,1,0,0,0.0,0.4039,0,0
5872,2020-11-28,-97.97,278.78,2.0,5.0,2.68,0,302,0,1,0,-0.0,0.5961,1,0
5868,2020-11-28,-40.49,254.82,-1.0,-4.0,2.21,1,-42,1,1,0,-0.0,0.4627,0,0
5871,2020-11-28,29.07,244.87,0.0,1.0,3.23,6,377,1,0,0,0.0,0.5001,0,1
5868,2020-11-28,40.49,254.82,1.0,4.0,-2.21,-1,42,1,1,0,0.0,0.5373,1,0
5867,2020-11-28,-47.77,184.14,-1.0,-4.0,-1.71,-4,84,1,1,0,0.0,0.4625,0,1
5867,2020-11-28,47.77,184.14,1.0,4.0,1.71,4,-84,1,1,0,-0.0,0.5375,1,1
5871,2020-11-28,-29.07,244.87,-0.0,-1.0,-3.23,-6,-377,0,1,0,-0.0,0.4999,1,1
5883,2020-12-05,60.4,265.98,-2.0,-4.0,-8.45,-1,-21,1,1,0,0.0,0.4766,1,0
5884,2020-12-05,-20.74,189.61,2.0,-0.0,-3.19,-9,-28,1,1,0,-0.0,0.5398,1,1
5884,2020-12-05,20.74,189.61,-2.0,0.0,3.19,9,28,1,1,0,0.0,0.4602,0,1
5883,2020-12-05,-60.4,265.98,2.0,4.0,8.45,1,21,1,1,0,-0.0,0.5234,0,0
5882,2020-12-05,-84.11,194.5,-1.0,1.0,-0.97,7,-84,1,1,0,-0.0,0.5567,1,0
5882,2020-12-05,84.11,194.5,1.0,-1.0,0.97,-7,84,1,1,0,0.0,0.4433,0,0
5879,2020-12-05,41.88,229.79,3.0,1.0,1.15,7,87,1,1,0,0.0,0.5397,1,0
5879,2020-12-05,-41.88,229.79,-3.0,-1.0,-1.15,-7,-87,1,1,0,-0.0,0.4603,0,0
5878,2020-12-05,-67.03,216.59,-1.0,1.0,-8.11,-21,224,1,1,0,0.0,0.4504,1,1
5878,2020-12-05,67.03,216.59,1.0,-1.0,8.11,21,-224,1,1,0,-0.0,0.5496,0,1
5877,2020-12-05,-57.03,193.52,-3.0,-1.0,-5.28,-4,35,1,1,0,0.0,0.4929,1,0
5877,2020-12-05,57.03,193.52,3.0,1.0,5.28,4,-35,1,1,0,-0.0,0.5071,0,0
5892,2020-12-12,51.57,243.7,4.0,4.0,-2.48,-1,-35,1,1,0,-0.0,0.4786,0,0
5892,2020-12-12,-51.57,243.7,-4.0,-4.0,2.48,1,35,1,1,0,0.0,0.5214,1,0
5891,2020-12-12,-84.74,221.52,-1.0,-3.0,-3.79,-6,-126,1,1,0,0.0,0.4071,1,0
5891,2020-12-12,84.74,221.52,1.0,3.0,3.79,6,126,1,1,0,-0.0,0.5929,0,0
5890,2020-12-12,-127.77,184.07,-1.0,-1.0,-1.76,-10,-308,1,1,0,-0.0,0.5848,0,1
5890,2020-12-12,127.77,184.07,1.0,1.0,1.76,10,308,1,1,0,0.0,0.4152,1,1
5889,2020-12-12,-51.38,202.04,4.0,-0.0,-6.2,-19,238,1,1,0,0.0,0.5387,1,1
5888,2020-12-12,37.81,186.76,-9.0,-2.0,12.91,5,350,1,1,0,-0.0,0.4864,0,1
5888,2020-12-12,-37.81,186.76,9.0,2.0,-12.91,-5,-350,1,1,0,0.0,0.5136,1,1
5887,2020-12-12,-43.11,237.6,1.0,-1.0,4.82,-2,35,1,1,0,-0.0,0.5067,0,1
5887,2020-12-12,43.11,237.6,-1.0,1.0,-4.82,2,-35,1,1,0,0.0,0.4933,1,1
5886,2020-12-12,-97.6,156.96,-2.0,-1.0,-5.68,9,56,1,1,0,-0.0,0.4359,1,1
5886,2020-12-12,97.6,156.96,2.0,1.0,5.68,-9,-56,1,1,0,0.0,0.5641,0,1
5889,2020-12-12,51.38,202.04,-4.0,0.0,6.2,19,-238,1,1,0,-0.0,0.4613,0,1
5899,2020-12-19,-18.18,200.15,2.0,2.0,-2.72,-6,-21,1,1,0,-0.0,0.4197,0,1
5903,2020-12-19,100.56,234.68,-5.0,-1.0,-1.9,6,-94,1,1,0,-0.0,0.5593,0,1
5903,2020-12-19,-100.56,234.68,5.0,1.0,1.9,-6,94,1,1,0,0.0,0.4407,1,1
5901,2020-12-19,11.84,229.15,-1.0,3.0,-6.61,-4,63,1,1,0,-0.0,0.4997,1,1
5901,2020-12-19,-11.84,229.15,1.0,-3.0,6.61,4,-63,1,1,0,0.0,0.5003,0,1
5900,2020-12-19,-35.17,176.17,-0.0,1.0,-3.55,-9,-189,1,1,0,0.0,0.4948,0,1
5900,2020-12-19,35.17,176.17,0.0,-1.0,3.55,9,189,1,1,0,-0.0,0.5052,1,1
5899,2020-12-19,18.18,200.15,-2.0,-2.0,2.72,6,21,1,1,0,0.0,0.5803,1,1
5895,2020-12-19,7.23,197.54,-0.0,-1.0,-7.54,-9,-42,1,1,0,-0.0,0.5377,0,0
5898,2020-12-19,23.49,197.65,-4.0,-2.0,-0.84,-2,-308,1,1,0,-0.0,0.48,0,1
5897,2020-12-19,108.2,249.66,4.0,-1.0,-0.48,-2,-70,1,1,0,-0.0,0.4496,0,1
5897,2020-12-19,-108.2,249.66,-4.0,1.0,0.48,2,70,1,1,0,0.0,0.5504,1,1
5896,2020-12-19,-81.93,169.67,-0.0,1.0,-6.23,-1,-35,1,1,0,-0.0,0.5377,0,0
5896,2020-12-19,81.93,169.67,0.0,-1.0,6.23,1,35,1,1,0,0.0,0.4623,1,0
5895,2020-12-19,-7.23,197.54,0.0,1.0,7.54,9,42,1,1,0,0.0,0.4623,1,0
5898,2020-12-19,-23.49,197.65,4.0,2.0,0.84,2,308,1,1,0,0.0,0.52,1,1
5911,2021-01-16,17.47,280.0,-2.0,-2.0,1.49,0,294,1,1,0,0.0,0.4319,1,0
5914,2021-01-16,159.11,239.6,1.0,-2.0,3.19,2,-259,1,1,0,0.0,0.4385,1,0
5914,2021-01-16,-159.11,239.6,-1.0,2.0,-3.19,-2,259,1,1,0,-0.0,0.5615,0,0
5913,2021-01-16,0.94,262.81,-1.0,-0.0,1.08,0,238,1,1,0,-0.0,0.5,0,0
5913,2021-01-16,-0.94,262.81,1.0,0.0,-1.08,0,-238,1,1,0,0.0,0.5,1,0
5911,2021-01-16,-17.47,280.0,2.0,2.0,-1.49,0,-294,1,1,0,-0.0,0.5681,0,0
5910,2021-01-16,-103.24,227.09,-2.0,2.0,4.37,5,84,1,1,0,0.0,0.5001,1,0
5908,2021-01-16,34.2,155.26,-0.0,-2.0,3.29,9,140,1,1,0,-0.0,0.5375,0,1
5909,2021-01-16,-96.39,182.94,-2.0,-0.0,-1.48,2,-476,1,1,0,0.0,0.5,1,1
5909,2021-01-16,96.39,182.94,2.0,0.0,1.48,-2,476,1,1,0,-0.0,0.5,0,1
5910,2021-01-16,103.24,227.09,2.0,-2.0,-4.37,-5,-84,1,1,0,-0.0,0.4999,0,0
5908,2021-01-16,-34.2,155.26,0.0,2.0,-3.29,-9,-140,1,1,0,0.0,0.4625,1,1
5907,2021-01-16,-87.21,176.47,3.0,-0.0,3.69,-15,-4,1,1,0,0.0,0.4612,0,1
5907,2021-01-16,87.21,176.47,-3.0,0.0,-3.69,15,4,1,1,0,-0.0,0.5388,1,1
5926,2021-01-20,-67.73,241.21,-3.0,5.0,-0.9,4,-336,1,0,0,0.0,0.5918,0,1
5926,2021-01-20,67.73,241.21,3.0,-5.0,0.9,-4,336,0,1,0,-0.0,0.4082,1,1
5923,2021-01-20,-16.16,194.44,-0.0,3.0,-3.96,-5,-63,1,1,0,-0.0,0.4047,0,0
5923,2021-01-20,16.16,194.44,0.0,-3.0,3.96,5,63,1,1,0,0.0,0.5953,1,0
5922,2021-01-20,22.3,236.7,5.0,2.0,-6.08,-6,-242,1,1,0,-0.0,0.4606,1,1
5922,2021-01-20,-22.3,236.7,-5.0,-2.0,6.08,6,242,1,1,0,0.0,0.5394,0,1
5921,2021-01-20,44.01,224.69,2.0,1.0,-6.28,3,273,1,1,0,-0.0,0.5635,1,1
5920,2021-01-20,94.75,218.54,-1.0,-3.0,-4.16,-5,7,1,1,0,-0.0,0.5002,1,1
5920,2021-01-20,-94.75,218.54,1.0,3.0,4.16,5,-7,1,1,0,0.0,0.4998,0,1
5917,2021-01-20,39.21,161.98,5.0,2.0,0.34,9,-217,1,1,0,0.0,0.5567,0,0
5917,2021-01-20,-39.21,161.98,-5.0,-2.0,-0.34,-9,217,1,1,0,-0.0,0.4433,1,0
5921,2021-01-20,-44.01,224.69,-2.0,-1.0,6.28,-3,-273,1,1,0,0.0,0.4365,0,1
5937,2021-01-23,-46.49,174.42,5.0,1.0,-2.23,-7,49,1,1,0,-0.0,0.5941,0,1
5941,2021-01-23,107.51,279.62,2.0,1.0,-5.16,0,-7,0,1,0,-0.0,0.5058,1,0
5940,2021-01-23,15.25,200.72,4.0,-1.0,-9.5,-21,-182,0,0,0,0.0,0.4057,1,1
5940,2021-01-23,-15.25,200.72,-4.0,1.0,9.5,21,182,0,0,0,-0.0,0.5943,0,1
5939,2021-01-23,-123.95,226.63,-3.0,2.0,1.62,-5,-329,1,1,0,-0.0,0.5,1,0
5939,2021-01-23,123.95,226.63,3.0,-2.0,-1.62,5,329,1,1,0,0.0,0.5,0,0
5938,2021-01-23,-43.04,202.79,-3.0,-0.0,8.9,5,252,1,1,0,-0.0,0.5099,0,1
5938,2021-01-23,43.04,202.79,3.0,0.0,-8.9,-5,-252,1,1,0,0.0,0.4901,1,1
5937,2021-01-23,46.49,174.42,-5.0,-1.0,2.23,7,-49,1,1,0,0.0,0.4059,1,1
5941,2021-01-23,-107.51,279.62,-2.0,-1.0,5.16,0,7,1,0,0,0.0,0.4942,0,0
5936,2021-01-23,32.65,244.23,1.0,-2.0,-6.34,0,-280,1,1,0,0.0,0.5959,1,1
5935,2021-01-23,115.09,230.6,1.0,-2.0,-6.33,1,14,1,1,0,-0.0,0.5958,0,1
5935,2021-01-23,-115.09,230.6,-1.0,2.0,6.33,-1,-14,1,1,0,0.0,0.4042,1,1
5934,2021-01-23,31.88,232.34,1.0,1.0,-1.84,-6,245,1,1,0,-0.0,0.4999,1,1
5934,2021-01-23,-31.88,232.34,-1.0,-1.0,1.84,6,-245,1,1,0,0.0,0.5001,0,1
5933,2021-01-23,43.17,187.04,-1.0,-0.0,0.59,-2,-49,1,1,0,-0.0,0.5377,1,1
5933,2021-01-23,-43.17,187.04,1.0,0.0,-0.59,2,49,1,1,0,0.0,0.4623,0,1
5931,2021-01-23,16.56,167.11,2.0,-0.0,0.52,-11,161,1,1,0,-0.0,0.4622,0,1
5931,2021-01-23,-16.56,167.11,-2.0,0.0,-0.52,11,-161,1,1,0,0.0,0.5378,1,1
5936,2021-01-23,-32.65,244.23,-1.0,2.0,6.34,0,280,1,1,0,-0.0,0.4041,0,1
5951,2021-02-06,-115.74,245.02,2.0,2.0,3.84,-1,294,1,1,0,-0.0,0.4056,1,0
5949,2021-02-06,-34.12,272.24,3.0,3.0,-0.75,-1,-189,1,1,0,-0.0,0.5784,0,1
5949,2021-02-06,34.12,272.24,-3.0,-3.0,0.75,1,189,1,1,0,0.0,0.4216,1,1
5948,2021-02-06,-81.32,248.27,-8.0,-2.0,3.97,0,-476,0,0,0,-0.0,0.5,0,1
5948,2021-02-06,81.32,248.27,8.0,2.0,-3.97,0,476,0,0,0,0.0,0.5,1,1
5946,2021-02-06,10.28,177.24,-2.0,1.0,-4.3,7,-203,1,1,0,-0.0,0.5071,1,0
5951,2021-02-06,115.74,245.02,-2.0,-2.0,-3.84,1,-294,1,1,0,0.0,0.5944,0,0
5944,2021-02-06,11.43,147.13,-3.0,-3.0,4.49,6,-38,1,1,0,-0.0,0.5952,1,0
5944,2021-02-06,-11.43,147.13,3.0,3.0,-4.49,-6,38,1,1,0,0.0,0.4048,0,0
5943,2021-02-06,-16.37,176.24,-2.0,-5.0,10.51,20,49,1,1,0,0.0,0.5151,0,0
5943,2021-02-06,16.37,176.24,2.0,5.0,-10.51,-20,-49,1,1,0,-0.0,0.4849,1,0
5942,2021-02-06,-5.41,180.85,-0.0,3.0,-8.44,-11,-49,1,1,0,0.0,0.5402,1,1
5942,2021-02-06,5.41,180.85,0.0,-3.0,8.44,11,49,1,1,0,-0.0,0.4598,0,1
5946,2021-02-06,-10.28,177.24,2.0,-1.0,4.3,-7,203,1,1,0,0.0,0.4929,0,0
5962,2021-02-13,-4.68,228.32,-8.0,1.0,-3.25,-2,112,0,0,0,-0.0,0.5,1,0
5962,2021-02-13,4.68,228.32,8.0,-1.0,3.25,2,-112,0,0,0,0.0,0.5,0,0
5960,2021-02-13,-152.03,194.07,3.0,3.0,-0.56,-2,259,1,1,0,-0.0,0.4042,0,1
5960,2021-02-13,152.03,194.07,-3.0,-3.0,0.56,2,-259,1,1,0,0.0,0.5958,1,1
5959,2021-02-13,-133.97,256.15,2.0,-0.0,-4.06,1,-70,1,1,0,-0.0,0.55,1,1
5959,2021-02-13,133.97,256.15,-2.0,0.0,4.06,-1,70,1,1,0,0.0,0.45,0,1
5958,2021-02-13,69.55,250.08,-3.0,4.0,0.55,-2,785,1,1,0,-0.0,0.4995,1,1
5958,2021-02-13,-69.55,250.08,3.0,-4.0,-0.55,2,-785,1,1,0,0.0,0.5005,0,1
5957,2021-02-13,32.62,200.9,3.0,0.0,-6.03,-3,-137,0,1,0,0.0,0.5207,1,0
5956,2021-02-13,-74.62,195.2,1.0,2.0,3.22,-11,42,1,1,0,0.0,0.4366,0,0
5956,2021-02-13,74.62,195.2,-1.0,-2.0,-3.22,11,-42,1,1,0,-0.0,0.5634,1,0
5955,2021-02-13,-29.18,223.96,1.0,-0.0,4.77,3,-224,1,1,0,0.0,0.563,1,0
5955,2021-02-13,29.18,223.96,-1.0,0.0,-4.77,-3,224,1,1,0,-0.0,0.437,0,0
5954,2021-02-13,-136.28,176.72,-5.0,-2.0,0.81,3,42,1,1,1,-0.2833,0.5011,0,0
5954,2021-02-13,136.28,176.72,5.0,2.0,-0.81,-3,-42,1,1,1,0.2833,0.4989,1,0
5957,2021-02-13,-32.62,200.9,-3.0,-0.0,6.03,3,137,1,0,0,-0.0,0.4793,0,0
5968,2021-02-20,-0.0,280.1,-2.0,3.0,-7.14,0,21,1,1,0,0.0,0.5,0,1
5972,2021-02-20,-79.46,243.75,2.0,4.0,-1.15,4,-42,1,1,0,-0.0,0.5147,1,0
5972,2021-02-20,79.46,243.75,-2.0,-4.0,1.15,-4,42,1,1,0,0.0,0.4853,0,0
5971,2021-02-20,-51.68,228.45,2.0,-1.0,-7.48,-13,-49,1,1,0,0.0,0.5376,1,0
5971,2021-02-20,51.68,228.45,-2.0,1.0,7.48,13,49,1,1,0,-0.0,0.4624,0,0
5969,2021-02-20,-14.96,201.4,1.0,2.0,-14.18,-30,28,1,1,0,-0.0,0.4859,1,1
5969,2021-02-20,14.96,201.4,-1.0,-2.0,14.18,30,-28,1,1,0,0.0,0.5141,0,1
5968,2021-02-20,0.0,280.1,2.0,-3.0,7.14,0,-21,1,1,0,-0.0,0.5,1,1
5964,2021-02-20,-15.72,171.07,-1.0,-1.0,6.03,9,-49,1,1,0,-0.0,0.5,1,1
5967,2021-02-20,13.66,220.66,4.0,-1.0,12.27,11,63,1,1,0,0.0,0.498,0,1
5966,2021-02-20,-11.31,234.68,-0.0,-2.0,-3.68,-6,-98,1,1,0,-0.0,0.5003,1,0
5966,2021-02-20,11.31,234.68,0.0,2.0,3.68,6,98,1,1,0,0.0,0.4997,0,0
5965,2021-02-20,-80.47,223.15,-0.0,-2.0,1.79,-1,49,1,1,0,-0.0,0.4086,1,1
5965,2021-02-20,80.47,223.15,0.0,2.0,-1.79,1,-49,1,1,0,0.0,0.5914,0,1
5967,2021-02-20,-13.66,220.66,-4.0,1.0,-12.27,-11,-63,1,1,0,-0.0,0.502,1,1
5964,2021-02-20,15.72,171.07,1.0,1.0,-6.03,-9,49,1,1,0,0.0,0.5,0,1
5984,2021-02-27,37.01,255.11,2.0,-0.0,3.92,-1,14,1,1,0,0.0,0.5001,0,1
5984,2021-02-27,-37.01,255.11,-2.0,0.0,-3.92,1,-14,1,1,0,-0.0,0.4999,1,1
5982,2021-02-27,61.07,212.65,2.0,1.0,-12.47,-7,-413,0,1,0,0.0,0.4975,0,1
5982,2021-02-27,-61.07,212.65,-2.0,-1.0,12.47,7,413,1,0,0,-0.0,0.5025,1,1
5981,2021-02-27,67.28,222.71,2.0,0.0,2.47,1,0,1,1,0,-0.0,0.4204,0,1
5981,2021-02-27,-67.28,222.71,-2.0,-0.0,-2.47,-1,0,1,1,0,0.0,0.5796,1,1
5979,2021-02-27,-36.32,183.16,-3.0,2.0,2.81,4,-38,1,1,0,-0.0,0.5376,1,1
5977,2021-02-27,28.31,197.66,-2.0,-0.0,-0.24,-7,-224,1,1,0,0.0,0.44,1,1
5977,2021-02-27,-28.31,197.66,2.0,0.0,0.24,7,224,1,1,0,-0.0,0.56,0,1
5976,2021-02-27,-10.89,226.09,3.0,2.0,-2.07,-2,-119,1,1,0,0.0,0.5387,1,1
5976,2021-02-27,10.89,226.09,-3.0,-2.0,2.07,2,119,1,1,0,-0.0,0.4613,0,1
5979,2021-02-27,36.32,183.16,3.0,-2.0,-2.81,-4,38,1,1,0,0.0,0.4624,0,1
5992,2021-03-06,96.15,203.13,-2.0,-2.0,8.19,18,0,1,1,0,-0.0,0.5927,0,0
5992,2021-03-06,-96.15,203.13,2.0,2.0,-8.19,-18,0,1,1,0,0.0,0.4073,1,0
5993,2021-03-06,-16.3,234.3,-2.0,1.0,0.92,-3,224,1,1,0,-0.0,0.5,0,1
5997,2021-03-06,-9.88,244.19,2.0,1.0,3.8,-1,-7,1,1,0,-0.0,0.4808,1,0
5996,2021-03-06,-8.28,211.42,-1.0,-1.0,1.74,-11,28,1,1,0,0.0,0.5034,1,1
5994,2021-03-06,19.86,202.76,3.0,-1.0,-2.87,-9,-66,1,1,0,-0.0,0.404,0,0
5996,2021-03-06,8.28,211.42,1.0,1.0,-1.74,11,-28,1,1,0,-0.0,0.4966,0,1
5997,2021-03-06,9.88,244.19,-2.0,-1.0,-3.8,1,7,1,1,0,0.0,0.5192,0,0
5991,2021-03-06,-99.85,240.45,5.0,-0.0,2.48,-3,-140,1,1,0,0.0,0.5193,1,1
5994,2021-03-06,-19.86,202.76,-3.0,1.0,2.87,9,66,1,1,0,0.0,0.596,1,0
5991,2021-03-06,99.85,240.45,-5.0,0.0,-2.48,3,140,1,1,0,-0.0,0.4807,0,1
5993,2021-03-06,16.3,234.3,2.0,-1.0,-0.92,3,-224,1,1,0,0.0,0.5,1,1
5990,2021-03-06,10.73,212.89,0.0,1.0,6.03,1,168,1,1,0,-0.0,0.4556,1,0
5990,2021-03-06,-10.73,212.89,-0.0,-1.0,-6.03,-1,-168,1,1,0,0.0,0.5444,0,0
5985,2021-03-06,-167.46,182.61,-2.0,-2.0,6.41,6,0,1,0,1,-0.0222,0.5552,1,0
5985,2021-03-06,167.46,182.61,2.0,2.0,-6.41,-6,0,0,1,1,0.0222,0.4448,0,0
5986,2021-03-06,-270.29,202.81,3.0,4.0,-1.7,-9,98,1,1,1,-0.0857,0.4974,0,1
5987,2021-03-06,28.01,190.68,-4.0,0.0,-3.53,-7,-35,1,1,1,-0.1429,0.4039,0,0
5986,2021-03-06,270.29,202.81,-3.0,-4.0,1.7,9,-98,1,1,1,0.0857,0.5026,1,1
5988,2021-03-06,106.68,189.32,0.0,2.0,-3.02,-6,249,1,1,0,0.0,0.4555,1,1
5988,2021-03-06,-106.68,189.32,-0.0,-2.0,3.02,6,-249,1,1,0,-0.0,0.5445,0,1
5989,2021-03-06,-22.25,187.74,-2.0,-2.0,8.08,14,-70,1,1,0,-0.0,0.5,0,1
5989,2021-03-06,22.25,187.74,2.0,2.0,-8.08,-14,70,1,1,0,0.0,0.5,1,1
5987,2021-03-06,-28.01,190.68,4.0,-0.0,3.53,7,35,1,1,1,0.1429,0.5961,1,0
6006,2021-03-13,30.96,186.94,-5.0,-4.0,2.77,8,63,1,1,0,-0.0,0.5493,1,0
6012,2021-03-13,-52.45,271.49,-5.0,-3.0,6.05,1,-70,1,1,0,-0.0,0.5779,0,0
6012,2021-03-13,52.45,271.49,5.0,3.0,-6.05,-1,70,1,1,0,0.0,0.4221,1,0
6010,2021-03-13,69.44,197.12,-0.0,-2.0,-5.4,-5,154,1,1,0,0.0,0.4423,1,0
6010,2021-03-13,-69.44,197.12,0.0,2.0,5.4,5,-154,1,1,0,-0.0,0.5577,0,0
6004,2021-03-13,128.36,257.6,-2.0,1.0,0.85,3,924,1,1,0,-0.0,0.5428,1,0
6006,2021-03-13,-30.96,186.94,5.0,4.0,-2.77,-8,-63,1,1,0,0.0,0.4507,0,0
6003,2021-03-13,-77.77,218.51,-1.0,-0.0,8.34,0,98,1,1,0,-0.0,0.5453,1,0
6003,2021-03-13,77.77,218.51,1.0,0.0,-8.34,0,-98,1,1,0,0.0,0.4547,0,0
6002,2021-03-13,-34.85,214.69,-5.0,-1.0,5.14,-3,-150,1,1,0,-0.0,0.5181,0,0
6002,2021-03-13,34.85,214.69,5.0,1.0,-5.14,3,150,1,1,0,0.0,0.4819,1,0
6001,2021-03-13,6.37,211.45,2.0,2.0,-4.49,-4,-371,1,1,0,0.0,0.5631,1,1
6001,2021-03-13,-6.37,211.45,-2.0,-2.0,4.49,4,371,1,1,0,-0.0,0.4369,0,1
6004,2021-03-13,-128.36,257.6,2.0,-1.0,-0.85,-3,-924,1,1,0,0.0,0.4572,0,0
6020,2021-03-20,-2.21,241.25,2.0,2.0,4.06,-4,-28,0,1,0,0.0,0.4999,0,1
6020,2021-03-20,2.21,241.25,-2.0,-2.0,-4.06,4,28,1,0,0,-0.0,0.5001,1,1
6019,2021-03-20,-30.94,221.59,-3.0,-2.0,-14.04,-4,-7,0,1,0,-0.0,0.5154,1,0
6019,2021-03-20,30.94,221.59,3.0,2.0,14.04,4,7,1,0,0,0.0,0.4846,0,0
6018,2021-03-20,32.78,212.56,4.0,5.0,-14.1,-7,126,1,1,0,-0.0,0.521,1,1
6018,2021-03-20,-32.78,212.56,-4.0,-5.0,14.1,7,-126,1,1,0,0.0,0.479,0,1
6014,2021-03-20,103.88,210.87,-5.0,1.0,-4.28,-5,259,1,1,0,-0.0,0.5,0,1
6013,2021-03-20,-31.36,178.52,4.0,2.0,-8.84,-7,-133,1,1,0,0.0,0.5532,0,0
6013,2021-03-20,31.36,178.52,-4.0,-2.0,8.84,7,133,1,1,0,-0.0,0.4468,1,0
6014,2021-03-20,-103.88,210.87,5.0,-1.0,4.28,5,-259,1,1,0,0.0,0.5,1,1
6031,2021-03-27,58.67,242.34,1.0,3.0,7.79,-1,-14,1,1,0,0.0,0.4999,1,1
6031,2021-03-27,-58.67,242.34,-1.0,-3.0,-7.79,1,14,1,1,0,-0.0,0.5001,0,1
6030,2021-03-27,11.99,248.6,-2.0,-3.0,-1.03,2,238,1,1,0,-0.0,0.4616,1,0
6030,2021-03-27,-11.99,248.6,2.0,3.0,1.03,-2,-238,1,1,0,0.0,0.5384,0,0
6027,2021-03-27,161.21,256.42,-0.0,-1.0,7.84,1,35,1,1,0,-0.0,0.507,0,1
6027,2021-03-27,-161.21,256.42,0.0,1.0,-7.84,-1,-35,1,1,0,0.0,0.493,1,1
6026,2021-03-27,-27.71,239.56,2.0,-2.0,-2.12,-8,56,1,1,0,-0.0,0.5027,1,0
6025,2021-03-27,-67.4,212.11,-2.0,-4.0,3.23,4,-63,1,1,0,-0.0,0.5,0,0
6025,2021-03-27,67.4,212.11,2.0,4.0,-3.23,-4,63,1,1,0,0.0,0.5,1,0
6024,2021-03-27,-1.04,170.61,1.0,2.0,-9.64,1,49,1,1,0,-0.0,0.4977,1,1
6024,2021-03-27,1.04,170.61,-1.0,-2.0,9.64,-1,-49,1,1,0,0.0,0.5023,0,1
6023,2021-03-27,-63.59,172.03,3.0,-0.0,-4.05,-5,98,1,1,1,-0.1863,0.5724,1,1
6023,2021-03-27,63.59,172.03,-3.0,0.0,4.05,5,-98,1,1,1,0.1863,0.4276,0,1
6026,2021-03-27,27.71,239.56,-2.0,2.0,2.12,8,-56,1,1,0,0.0,0.4973,0,0
6044,2021-04-10,-31.42,271.75,-5.0,-6.0,5.68,-1,-280,1,1,0,0.0,0.4683,0,1
6039,2021-04-10,-146.36,233.25,1.0,1.0,-7.2,-10,-70,1,1,0,0.0,0.5062,1,0
6039,2021-04-10,146.36,233.25,-1.0,-1.0,7.2,10,70,1,1,0,-0.0,0.4938,0,0
6038,2021-04-10,-0.44,199.39,-1.0,1.0,-9.99,-34,-7,1,1,0,0.0,0.5151,1,0
6038,2021-04-10,0.44,199.39,1.0,-1.0,9.99,34,7,1,1,0,-0.0,0.4849,0,0
6037,2021-04-10,17.76,205.6,3.0,3.0,4.71,-10,0,1,1,0,-0.0,0.5378,1,0
6037,2021-04-10,-17.76,205.6,-3.0,-3.0,-4.71,10,0,1,1,0,0.0,0.4622,0,0
6044,2021-04-10,31.42,271.75,5.0,6.0,-5.68,1,280,1,1,0,-0.0,0.5317,1,1
6036,2021-04-10,-83.89,214.28,1.0,1.0,7.3,1,553,1,1,0,0.0,0.4942,0,1
6035,2021-04-10,-25.88,205.16,-3.0,-0.0,-4.01,-16,-280,1,1,0,-0.0,0.4483,1,0
6035,2021-04-10,25.88,205.16,3.0,0.0,4.01,16,280,1,1,0,0.0,0.5517,0,0
6034,2021-04-10,-42.74,224.74,1.0,1.0,0.68,-3,7,1,1,0,-0.0,0.4982,0,0
6034,2021-04-10,42.74,224.74,-1.0,-1.0,-0.68,3,-7,1,1,0,0.0,0.5018,1,0
6033,2021-04-10,6.34,191.63,7.0,3.0,0.87,3,-105,1,1,0,-0.0,0.5015,0,0
6033,2021-04-10,-6.34,191.63,-7.0,-3.0,-0.87,-3,105,1,1,0,0.0,0.4985,1,0
6036,2021-04-10,83.89,214.28,-1.0,-1.0,-7.3,-1,-553,1,1,0,-0.0,0.5058,1,1
6055,2021-04-17,-47.81,245.61,-0.0,3.0,5.37,3,7,1,1,0,-0.0,0.4999,0,1
6055,2021-04-17,47.81,245.61,0.0,-3.0,-5.37,-3,-7,1,1,0,0.0,0.5001,1,1
6053,2021-04-17,-36.32,204.61,2.0,1.0,-1.65,7,-14,1,1,0,-0.0,0.5035,1,0
6053,2021-04-17,36.32,204.61,-2.0,-1.0,1.65,-7,14,1,1,0,0.0,0.4965,0,0
6049,2021-04-17,-90.33,241.44,-1.0,-0.0,5.66,4,28,1,0,0,-0.0,0.4999,0,1
6049,2021-04-17,90.33,241.44,1.0,0.0,-5.66,-4,-28,0,1,0,0.0,0.5001,1,1
6048,2021-04-17,-87.59,246.06,-0.0,-1.0,-10.04,-6,21,1,0,0,-0.0,0.5006,1,1
6047,2021-04-17,-153.57,172.81,1.0,1.0,-10.78,-25,283,1,1,0,-0.0,0.4399,0,1
6047,2021-04-17,153.57,172.81,-1.0,-1.0,10.78,25,-283,1,1,0,0.0,0.5601,1,1
6046,2021-04-17,-91.63,167.04,-2.0,-3.0,-0.84,2,-112,1,1,0,0.0,0.5633,0,0
6046,2021-04-17,91.63,167.04,2.0,3.0,0.84,-2,112,1,1,0,-0.0,0.4367,1,0
6048,2021-04-17,87.59,246.06,0.0,1.0,10.04,6,-21,0,1,0,0.0,0.4994,0,1
6060,2021-04-24,-1.75,198.01,2.0,2.0,7.61,10,-42,1,1,0,0.0,0.5321,1,1
6063,2021-04-24,-59.95,223.96,-1.0,-1.0,5.23,3,154,1,1,0,0.0,0.499,0,0
6063,2021-04-24,59.95,223.96,1.0,1.0,-5.23,-3,-154,1,1,0,-0.0,0.501,1,0
6061,2021-04-24,-19.88,178.17,2.0,4.0,-2.38,-8,84,1,1,0,-0.0,0.4908,1,1
6061,2021-04-24,19.88,178.17,-2.0,-4.0,2.38,8,-84,1,1,0,0.0,0.5092,0,1
6060,2021-04-24,1.75,198.01,-2.0,-2.0,-7.61,-10,42,1,1,0,-0.0,0.4679,0,1
6059,2021-04-24,127.19,168.25,-1.0,2.0,0.12,0,84,1,1,0,-0.0,0.5876,0,1
6056,2021-04-24,-210.54,168.97,-2.0,-1.0,2.49,6,217,1,1,1,-0.0607,0.4827,0,0
6058,2021-04-24,-88.81,176.14,-4.0,-4.0,-3.55,7,35,1,1,1,-0.1919,0.4814,0,0
6058,2021-04-24,88.81,176.14,4.0,4.0,3.55,-7,-35,1,1,1,0.1919,0.5186,1,0
6057,2021-04-24,-39.99,208.88,2.0,1.0,-2.88,5,-126,1,1,1,-0.2,0.4949,1,0
6057,2021-04-24,39.99,208.88,-2.0,-1.0,2.88,-5,126,1,1,1,0.2,0.5051,0,0
6056,2021-04-24,210.54,168.97,2.0,1.0,-2.49,-6,-217,1,1,1,0.0607,0.5173,1,0
6059,2021-04-24,-127.19,168.25,1.0,-2.0,-0.12,0,-84,1,1,0,0.0,0.4124,1,1
6079,2021-05-01,-26.51,230.03,2.0,2.0,-8.3,-4,308,1,1,0,0.0,0.4623,1,0
6079,2021-05-01,26.51,230.03,-2.0,-2.0,8.3,4,-308,1,1,0,-0.0,0.5377,0,0
6077,2021-05-01,-77.01,263.46,3.0,4.0,3.56,-2,-70,1,1,0,-0.0,0.4878,0,1
6077,2021-05-01,77.01,263.46,-3.0,-4.0,-3.56,2,70,1,1,0,0.0,0.5122,1,1
6076,2021-05-01,-59.57,245.13,2.0,-2.0,-4.49,-3,91,1,1,0,-0.0,0.5001,1,1
6076,2021-05-01,59.57,245.13,-2.0,2.0,4.49,3,-91,1,1,0,0.0,0.4999,0,1
6075,2021-05-01,-94.5,264.38,3.0,2.0,4.62,0,105,1,1,0,-0.0,0.5959,1,0
6075,2021-05-01,94.5,264.38,-3.0,-2.0,-4.62,0,-105,1,1,0,0.0,0.4041,0,0
6073,2021-05-01,-28.2,206.7,4.0,0.0,-1.17,0,-31,1,1,0,0.0,0.5957,1,1
6072,2021-05-01,-63.02,180.73,1.0,-0.0,1.52,1,182,1,1,0,0.0,0.4622,0,0
6072,2021-05-01,63.02,180.73,-1.0,0.0,-1.52,-1,-182,1,1,0,-0.0,0.5378,1,0
6070,2021-05-01,-32.22,194.66,-4.0,-4.0,4.81,14,-35,1,1,0,-0.0,0.5,0,1
6070,2021-05-01,32.22,194.66,4.0,4.0,-4.81,-14,35,1,1,0,0.0,0.5,1,1
6069,2021-05-01,-95.79,241.53,3.0,-1.0,-2.8,-7,77,1,1,0,-0.0,0.5,1,0
6069,2021-05-01,95.79,241.53,-3.0,1.0,2.8,7,-77,1,1,0,0.0,0.5,0,0
6073,2021-05-01,28.2,206.7,-4.0,-0.0,1.17,0,31,1,1,0,-0.0,0.4043,0,1
6084,2021-05-08,-6.24,198.29,-3.0,-2.0,-1.82,-4,462,1,1,0,-0.0,0.4794,1,1
6087,2021-05-08,-34.76,264.78,-4.0,-2.0,3.63,2,63,1,1,0,-0.0,0.5916,1,1
6086,2021-05-08,-0.0,264.6,-1.0,4.0,3.15,2,497,1,1,0,0.0,0.5,1,0
6086,2021-05-08,0.0,264.6,1.0,-4.0,-3.15,-2,-497,1,1,0,-0.0,0.5,0,0
6085,2021-05-08,-83.12,264.15,-1.0,2.0,-4.14,0,91,1,1,0,0.0,0.5412,0,0
6085,2021-05-08,83.12,264.15,1.0,-2.0,4.14,0,-91,1,1,0,-0.0,0.4588,1,0
6084,2021-05-08,6.24,198.29,3.0,2.0,1.82,4,-462,1,1,0,0.0,0.5206,0,1
6087,2021-05-08,34.76,264.78,4.0,2.0,-3.63,-2,-63,1,1,0,0.0,0.4084,0,1
6083,2021-05-08,-9.71,198.9,5.0,6.0,-1.03,-4,7,1,1,0,0.0,0.4868,0,1
6082,2021-05-08,-45.45,183.05,-5.0,-4.0,-3.07,-18,32,1,1,0,-0.0,0.4784,0,0
6082,2021-05-08,45.45,183.05,5.0,4.0,3.07,18,-32,1,1,0,0.0,0.5216,1,0
6081,2021-05-08,-108.25,163.01,-1.0,-2.0,-7.38,-24,-224,1,1,0,0.0,0.5079,1,1
6081,2021-05-08,108.25,163.01,1.0,2.0,7.38,24,224,1,1,0,-0.0,0.4921,0,1
6080,2021-05-08,-6.16,203.37,-3.0,-3.0,1.31,6,133,0,0,0,-0.0,0.5834,0,1
6080,2021-05-08,6.16,203.37,3.0,3.0,-1.31,-6,-133,0,0,0,0.0,0.4166,1,1
6083,2021-05-08,9.71,198.9,-5.0,-6.0,1.03,4,-7,1,1,0,-0.0,0.5132,1,1
6096,2021-05-15,-44.07,271.73,3.0,-0.0,3.1,-1,-28,1,1,0,0.0,0.5001,0,1
6097,2021-05-15,-36.78,222.41,2.0,-2.0,-4.23,1,70,1,1,0,0.0,0.4966,1,0
6097,2021-05-15,36.78,222.41,-2.0,2.0,4.23,-1,-70,1,1,0,-0.0,0.5034,0,0
6100,2021-05-15,-144.43,227.46,-1.0,-1.0,0.3,-5,2162,0,1,0,-0.0,0.4043,0,1
6098,2021-05-15,-13.53,228.98,-3.0,1.0,-0.0,-2,280,1,1,0,0.0,0.4999,1,0
6100,2021-05-15,144.43,227.46,1.0,1.0,-0.3,5,-2162,1,0,0,0.0,0.5957,1,1
6096,2021-05-15,44.07,271.73,-3.0,0.0,-3.1,1,28,1,1,0,-0.0,0.4999,1,1
6098,2021-05-15,13.53,228.98,3.0,-1.0,0.0,2,-280,1,1,0,-0.0,0.5001,0,0
6094,2021-05-15,-54.35,216.86,6.0,-0.0,-10.2,-13,98,1,1,0,0.0,0.5183,1,0
6093,2021-05-15,5.44,176.7,-0.0,-0.0,5.16,16,-112,1,1,0,-0.0,0.4623,1,1
6093,2021-05-15,-5.44,176.7,0.0,0.0,-5.16,-16,112,1,1,0,0.0,0.5377,0,1
6092,2021-05-15,-0.84,204.12,-0.0,-5.0,2.1,-7,-60,1,1,0,-0.0,0.5001,0,1
6092,2021-05-15,0.84,204.12,0.0,5.0,-2.1,7,60,1,1,0,0.0,0.4999,1,1
6090,2021-05-15,-35.42,161.96,-4.0,-1.0,-5.23,0,-56,1,1,0,-0.0,0.4956,1,0
6090,2021-05-15,35.42,161.96,4.0,1.0,5.23,0,56,1,1,0,0.0,0.5044,0,0
6089,2021-05-15,-134.93,213.47,-3.0,-2.0,3.48,-26,-42,1,1,1,-0.1111,0.5017,0,1
6089,2021-05-15,134.93,213.47,3.0,2.0,-3.48,26,42,1,1,1,0.1111,0.4983,1,1
6094,2021-05-15,54.35,216.86,-6.0,0.0,10.2,13,-98,1,1,0,-0.0,0.4817,0,0
6105,2021-05-22,-86.33,238.11,1.0,3.0,6.14,-5,-136,1,1,0,0.0,0.5216,0,0
6108,2021-05-22,164.07,192.58,-4.0,-0.0,2.27,-11,-14,1,1,0,-0.0,0.4989,0,0
6108,2021-05-22,-164.07,192.58,4.0,0.0,-2.27,11,14,1,1,0,0.0,0.5011,1,0
6106,2021-05-22,-12.76,202.56,-3.0,1.0,-9.45,-7,126,1,1,0,-0.0,0.4766,0,1
6106,2021-05-22,12.76,202.56,3.0,-1.0,9.45,7,-126,1,1,0,0.0,0.5234,1,1
6104,2021-05-22,-29.18,251.39,-1.0,1.0,0.16,-2,-175,1,1,0,-0.0,0.4594,1,1
6105,2021-05-22,86.33,238.11,-1.0,-3.0,-6.14,5,136,1,1,0,-0.0,0.4784,1,0
6103,2021-05-22,-6.82,263.81,6.0,4.0,1.59,-2,-35,1,1,0,-0.0,0.5,1,0
6103,2021-05-22,6.82,263.81,-6.0,-4.0,-1.59,2,35,1,1,0,0.0,0.5,0,0
6102,2021-05-22,-60.7,201.08,-0.0,-4.0,1.68,6,105,1,1,0,-0.0,0.5959,1,1
6102,2021-05-22,60.7,201.08,0.0,4.0,-1.68,-6,-105,1,1,0,0.0,0.4041,0,1
6101,2021-05-22,5.12,187.77,-6.0,-0.0,-4.03,-1,196,1,1,0,-0.0,0.454,0,1
6101,2021-05-22,-5.12,187.77,6.0,0.0,4.03,1,-196,1,1,0,0.0,0.546,1,1
6104,2021-05-22,29.18,251.39,1.0,-1.0,-0.16,2,175,1,1,0,0.0,0.5406,0,1
6125,2021-06-05,-23.51,270.95,-1.0,-1.0,0.89,-1,-441,1,1,0,-0.0,0.499,0,1
6125,2021-06-05,23.51,270.95,1.0,1.0,-0.89,1,441,1,1,0,0.0,0.501,1,1
6124,2021-06-05,43.49,247.17,-6.0,-4.0,-4.24,3,-224,1,1,0,0.0,0.5942,0,0
6124,2021-06-05,-43.49,247.17,6.0,4.0,4.24,-3,224,1,1,0,-0.0,0.4058,1,0
6120,2021-06-05,-46.36,190.38,-0.0,2.0,-5.79,-17,14,1,0,0,-0.0,0.4248,1,0
6120,2021-06-05,46.36,190.38,0.0,-2.0,5.79,17,-14,0,1,0,0.0,0.5752,0,0
6119,2021-06-05,23.59,201.87,-2.0,-4.0,9.01,8,273,1,1,0,-0.0,0.5601,1,1
6118,2021-06-05,-104.27,223.53,-1.0,-1.0,1.05,-1,-77,1,1,0,0.0,0.4848,0,1
6119,2021-06-05,-23.59,201.87,2.0,4.0,-9.01,-8,-273,1,1,0,0.0,0.4399,0,1
6116,2021-06-05,-49.14,215.01,1.0,2.0,-5.91,-9,49,1,1,0,-0.0,0.5374,0,1
6116,2021-06-05,49.14,215.01,-1.0,-2.0,5.91,9,-49,1,1,0,0.0,0.4626,1,1
6115,2021-06-05,-22.94,242.06,-5.0,-1.0,-4.62,1,224,0,1,0,0.0,0.5001,0,1
6115,2021-06-05,22.94,242.06,5.0,1.0,4.62,-1,-224,1,0,0,-0.0,0.4999,1,1
6114,2021-06-05,121.87,177.85,1.0,-2.0,-2.42,-1,-56,1,1,0,0.0,0.5803,1,0
6114,2021-06-05,-121.87,177.85,-1.0,2.0,2.42,1,56,1,1,0,-0.0,0.4197,0,0
6113,2021-06-05,-25.29,215.87,-1.0,1.0,-3.14,-2,175,1,1,0,0.0,0.5,0,1
6113,2021-06-05,25.29,215.87,1.0,-1.0,3.14,2,-175,1,1,0,-0.0,0.5,1,1
6118,2021-06-05,104.27,223.53,1.0,1.0,-1.05,1,77,1,1,0,-0.0,0.5152,1,1
6133,2021-06-12,-5.15,188.75,2.0,-1.0,2.41,-2,91,1,1,0,0.0,0.5067,1,1
6133,2021-06-12,5.15,188.75,-2.0,1.0,-2.41,2,-91,1,1,0,-0.0,0.4933,0,1
6134,2021-06-12,38.09,226.85,-1.0,-1.0,-2.61,-2,-119,1,1,0,0.0,0.5017,1,1
6134,2021-06-12,-38.09,226.85,1.0,1.0,2.61,2,119,1,1,0,-0.0,0.4983,0,1
6139,2021-06-12,-39.16,226.54,3.0,3.0,6.21,5,42,1,1,0,-0.0,0.5398,0,1
6137,2021-06-12,78.63,237.1,4.0,3.0,-9.29,-2,-448,1,1,0,-0.0,0.595,0,0
6137,2021-06-12,-78.63,237.1,-4.0,-3.0,9.29,2,448,1,1,0,0.0,0.405,1,0
6139,2021-06-12,39.16,226.54,-3.0,-3.0,-6.21,-5,-42,1,1,0,0.0,0.4602,1,1
6132,2021-06-12,-17.84,192.35,-1.0,-1.0,-3.69,0,-126,1,1,0,-0.0,0.5922,0,0
6135,2021-06-12,35.66,210.42,-2.0,1.0,-7.18,-8,70,1,1,0,0.0,0.4554,1,1
6132,2021-06-12,17.84,192.35,1.0,1.0,3.69,0,126,1,1,0,0.0,0.4078,1,0
6135,2021-06-12,-35.66,210.42,2.0,-1.0,7.18,8,-70,1,1,0,-0.0,0.5446,0,1
6131,2021-06-12,-39.2,210.56,-1.0,1.0,2.95,12,-161,1,1,0,-0.0,0.5373,0,0
6126,2021-06-12,133.01,190.27,6.0,4.0,4.16,1,35,1,1,1,-0.1778,0.4336,1,0
6126,2021-06-12,-133.01,190.27,-6.0,-4.0,-4.16,-1,-35,1,1,1,0.1778,0.5664,0,0
6127,2021-06-12,-123.78,194.27,2.0,2.0,-5.97,-2,0,1,1,1,0.325,0.5395,1,1
6131,2021-06-12,39.2,210.56,1.0,-1.0,-2.95,-12,161,1,1,0,0.0,0.4627,1,0
6128,2021-06-12,102.29,164.71,-2.0,2.0,-6.36,-13,105,1,1,0,0.0,0.4995,1,1
6127,2021-06-12,123.78,194.27,-2.0,-2.0,5.97,2,0,1,1,1,-0.325,0.4605,0,1
6129,2021-06-12,30.32,161.65,0.0,2.0,10.67,20,336,1,1,0,-0.0,0.499,0,0
6129,2021-06-12,-30.32,161.65,-0.0,-2.0,-10.67,-20,-336,1,1,0,0.0,0.501,1,0
6130,2021-06-12,-36.25,224.61,-3.0,-1.0,3.47,8,14,1,1,0,-0.0,0.5772,1,0
6130,2021-06-12,36.25,224.61,3.0,1.0,-3.47,-8,-14,1,1,0,0.0,0.4228,0,0
6128,2021-06-12,-102.29,164.71,2.0,-2.0,6.36,13,-105,1,1,0,-0.0,0.5005,0,1
6145,2021-06-19,93.86,170.44,0.0,-2.0,8.06,17,28,1,1,0,-0.0,0.5375,1,1
6150,2021-06-19,-48.25,218.56,1.0,4.0,-0.18,0,246,1,1,0,0.0,0.5001,1,1
6150,2021-06-19,48.25,218.56,-1.0,-4.0,0.18,0,-246,1,1,0,-0.0,0.4999,0,1
6148,2021-06-19,28.0,256.3,-2.0,1.0,1.35,-1,-84,1,1,0,0.0,0.5,0,0
6148,2021-06-19,-28.0,256.3,2.0,-1.0,-1.35,1,84,1,1,0,-0.0,0.5,1,0
6145,2021-06-19,-93.86,170.44,-0.0,2.0,-8.06,-17,-28,1,1,0,0.0,0.4625,0,1
6143,2021-06-19,24.08,226.2,-0.0,-1.0,-3.26,-3,14,1,1,0,0.0,0.4169,1,0
6142,2021-06-19,78.56,190.02,1.0,0.0,-6.96,9,84,1,1,0,0.0,0.497,1,0
6142,2021-06-19,-78.56,190.02,-1.0,-0.0,6.96,-9,-84,1,1,0,-0.0,0.503,0,0
6141,2021-06-19,-52.52,200.59,-2.0,1.0,-17.6,-9,0,1,1,0,0.0,0.5348,1,1
6141,2021-06-19,52.52,200.59,2.0,-1.0,17.6,9,0,1,1,0,-0.0,0.4652,0,1
6140,2021-06-19,17.66,195.85,-1.0,-0.0,-4.39,0,-147,1,1,0,0.0,0.5033,0,1
6140,2021-06-19,-17.66,195.85,1.0,0.0,4.39,0,147,1,1,0,-0.0,0.4967,1,1
6143,2021-06-19,-24.08,226.2,0.0,1.0,3.26,3,-14,1,1,0,-0.0,0.5831,0,0
6161,2021-06-26,-5.78,243.52,0.0,2.0,-4.28,1,-3,1,1,0,0.0,0.5,1,1
6164,2021-06-26,-44.06,195.48,-5.0,-1.0,1.08,-7,-28,1,1,0,0.0,0.4304,1,1
6163,2021-06-26,-61.72,217.33,-1.0,-2.0,-2.96,-5,14,1,1,0,-0.0,0.4067,0,0
6163,2021-06-26,61.72,217.33,1.0,2.0,2.96,5,-14,1,1,0,0.0,0.5933,1,0
6162,2021-06-26,-121.91,256.69,-2.0,-0.0,-4.91,-1,35,1,1,0,0.0,0.5029,0,1
6162,2021-06-26,121.91,256.69,2.0,0.0,4.91,1,-35,1,1,0,-0.0,0.4971,1,1
6161,2021-06-26,5.78,243.52,-0.0,-2.0,4.28,-1,3,1,1,0,-0.0,0.5,0,1
6159,2021-06-26,91.73,230.36,-10.0,-7.0,13.25,12,609,1,1,0,0.0,0.5656,0,1
6164,2021-06-26,44.06,195.48,5.0,1.0,-1.08,7,28,1,1,0,-0.0,0.5696,0,1
6157,2021-06-26,-137.13,236.32,5.0,2.0,1.02,-9,140,1,1,0,-0.0,0.4071,0,1
6157,2021-06-26,137.13,236.32,-5.0,-2.0,-1.02,9,-140,1,1,0,0.0,0.5929,1,1
6156,2021-06-26,-26.65,186.6,-1.0,-3.0,-0.74,-17,0,1,1,0,0.0,0.4602,0,1
6156,2021-06-26,26.65,186.6,1.0,3.0,0.74,17,0,1,1,0,-0.0,0.5398,1,1
6153,2021-06-26,85.63,184.46,5.0,1.0,8.32,17,182,1,1,0,-0.0,0.5496,0,0
6153,2021-06-26,-85.63,184.46,-5.0,-1.0,-8.32,-17,-182,1,1,0,0.0,0.4504,1,0
6152,2021-06-26,-12.74,210.9,-1.0,3.0,1.46,4,21,1,1,0,0.0,0.5006,0,1
6152,2021-06-26,12.74,210.9,1.0,-3.0,-1.46,-4,-21,1,1,0,-0.0,0.4994,1,1
6159,2021-06-26,-91.73,230.36,10.0,7.0,-13.25,-12,-609,1,1,0,-0.0,0.4344,1,1
6172,2021-07-10,72.66,249.06,1.0,3.0,11.91,2,511,1,1,0,0.0,0.5075,0,0
6172,2021-07-10,-72.66,249.06,-1.0,-3.0,-11.91,-2,-511,1,1,0,-0.0,0.4925,1,0
6173,2021-07-10,65.09,244.67,-2.0,-1.0,1.44,6,-161,1,1,0,0.0,0.4432,0,0
6175,2021-07-10,1.99,166.61,1.0,1.0,-0.19,6,-3,1,1,0,0.0,0.4049,1,1
6174,2021-07-10,-49.49,199.75,2.0,2.0,2.2,8,-63,1,1,0,-0.0,0.4471,0,1
6175,2021-07-10,-1.99,166.61,-1.0,-1.0,0.19,-6,3,1,1,0,-0.0,0.5951,0,1
6171,2021-07-10,-49.14,208.53,-3.0,1.0,-4.02,-5,-224,1,1,0,0.0,0.5043,1,1
6173,2021-07-10,-65.09,244.67,2.0,1.0,-1.44,-6,161,1,1,0,-0.0,0.5568,1,0
6171,2021-07-10,49.14,208.53,3.0,-1.0,4.02,5,224,1,1,0,-0.0,0.4957,0,1
6174,2021-07-10,49.49,199.75,-2.0,-2.0,-2.2,-8,63,1,1,0,0.0,0.5529,1,1
6170,2021-07-10,62.28,174.78,-1.0,3.0,1.59,7,63,1,1,0,-0.0,0.5,0,1
6170,2021-07-10,-62.28,174.78,1.0,-3.0,-1.59,-7,-63,1,1,0,0.0,0.5,1,1
6165,2021-07-10,-22.8,163.88,2.0,-0.0,0.52,-11,0,1,1,0,-0.0,0.4622,0,1
6166,2021-07-10,7.96,167.39,-4.0,-2.0,-3.44,1,-56,1,1,0,-0.0,0.5947,1,1
6166,2021-07-10,-7.96,167.39,4.0,2.0,3.44,-1,56,1,1,0,0.0,0.4053,0,1
6165,2021-07-10,22.8,163.88,-2.0,0.0,-0.52,11,0,1,1,0,0.0,0.5378,1,1
6167,2021-07-10,-32.13,206.94,5.0,3.0,4.63,-1,91,1,1,0,0.0,0.5,0,0
6168,2021-07-10,-52.19,208.18,0.0,3.0,1.63,3,140,1,1,0,0.0,0.5379,1,1
6168,2021-07-10,52.19,208.18,-0.0,-3.0,-1.63,-3,-140,1,1,0,-0.0,0.4621,0,1
6167,2021-07-10,32.13,206.94,-5.0,-3.0,-4.63,1,-91,1,1,0,-0.0,0.5,1,0
6184,2021-07-17,-25.07,265.93,-2.0,1.0,2.67,-2,-74,1,1,0,-0.0,0.5003,1,1
6184,2021-07-17,25.07,265.93,2.0,-1.0,-2.67,2,74,1,1,0,0.0,0.4997,0,1
6183,2021-07-17,-39.52,258.71,-4.0,-4.0,-5.71,-3,-14,1,1,0,0.0,0.4619,0,1
6183,2021-07-17,39.52,258.71,4.0,4.0,5.71,3,14,1,1,0,-0.0,0.5381,1,1
6181,2021-07-17,17.41,215.48,-1.0,2.0,-0.48,-6,-7,1,1,0,0.0,0.4993,1,0
6181,2021-07-17,-17.41,215.48,1.0,-2.0,0.48,6,7,1,1,0,-0.0,0.5007,0,0
6180,2021-07-17,-92.8,265.2,2.0,-0.0,-2.14,-2,84,1,1,0,0.0,0.5508,0,1
6179,2021-07-17,-30.35,202.69,-1.0,1.0,-4.55,-30,-336,1,1,0,-0.0,0.5952,1,0
6179,2021-07-17,30.35,202.69,1.0,-1.0,4.55,30,336,1,1,0,0.0,0.4048,0,0
6178,2021-07-17,40.64,190.6,-3.0,-0.0,-9.16,-3,1589,1,1,0,-0.0,0.5194,1,1
6178,2021-07-17,-40.64,190.6,3.0,0.0,9.16,3,-1589,1,1,0,0.0,0.4806,0,1
6177,2021-07-17,-129.05,208.25,-0.0,-1.0,-3.4,-3,7,1,1,0,0.0,0.5537,0,0
6177,2021-07-17,129.05,208.25,0.0,1.0,3.4,3,-7,1,1,0,-0.0,0.4463,1,0
6180,2021-07-17,92.8,265.2,-2.0,0.0,2.14,2,-84,1,1,0,-0.0,0.4492,1,1
6192,2021-07-24,-44.41,244.72,-3.0,-3.0,3.1,-3,98,1,1,0,-0.0,0.4075,0,0
6197,2021-07-24,-43.27,271.41,7.0,3.0,-4.11,1,-347,0,0,0,-0.0,0.4566,1,1
6195,2021-07-24,27.66,219.35,5.0,1.0,1.77,2,-469,1,0,0,0.0,0.4305,0,1
6195,2021-07-24,-27.66,219.35,-5.0,-1.0,-1.77,-2,469,0,1,0,-0.0,0.5695,1,1
6197,2021-07-24,43.27,271.41,-7.0,-3.0,4.11,-1,347,0,0,0,0.0,0.5434,0,1
6193,2021-07-24,-60.75,239.48,3.0,4.0,-7.57,-4,-7,1,1,0,0.0,0.5001,1,1
6192,2021-07-24,44.41,244.72,3.0,3.0,-3.1,3,-98,1,1,0,0.0,0.5925,1,0
6191,2021-07-24,-68.28,256.26,3.0,2.0,-0.6,1,182,1,1,0,-0.0,0.5,0,0
6193,2021-07-24,60.75,239.48,-3.0,-4.0,7.57,4,7,1,1,0,-0.0,0.4999,0,1
6190,2021-07-24,-56.01,244.88,-0.0,2.0,-0.88,3,42,1,1,0,-0.0,0.404,1,0
6187,2021-07-24,3.69,184.44,3.0,5.0,-6.2,-8,-749,1,1,0,-0.0,0.5029,0,0
6187,2021-07-24,-3.69,184.44,-3.0,-5.0,6.2,8,749,1,1,0,0.0,0.4971,1,0
6188,2021-07-24,131.05,244.23,3.0,0.0,0.35,-1,-238,1,0,0,0.0,0.596,0,1
6191,2021-07-24,68.28,256.26,-3.0,-2.0,0.6,-1,-182,1,1,0,0.0,0.5,1,0
6189,2021-07-24,78.82,201.33,2.0,3.0,5.95,20,105,1,1,0,0.0,0.4982,1,1
6189,2021-07-24,-78.82,201.33,-2.0,-3.0,-5.95,-20,-105,1,1,0,-0.0,0.5018,0,1
6190,2021-07-24,56.01,244.88,0.0,-2.0,0.88,-3,-42,1,1,0,0.0,0.596,0,0
6188,2021-07-24,-131.05,244.23,-3.0,-0.0,-0.35,1,238,0,1,0,-0.0,0.404,1,1
6205,2021-07-31,-41.51,224.09,4.0,4.0,-2.42,6,0,1,1,0,0.0,0.5001,0,1
6203,2021-07-31,-33.07,253.01,2.0,-1.0,-8.14,-4,-133,1,1,0,0.0,0.5961,0,1
6203,2021-07-31,33.07,253.01,-2.0,1.0,8.14,4,133,1,1,0,-0.0,0.4039,1,1
6205,2021-07-31,41.51,224.09,-4.0,-4.0,2.42,-6,0,1,1,0,-0.0,0.4999,1,1
6202,2021-07-31,106.64,217.94,2.0,2.0,-2.49,8,182,1,1,0,0.0,0.5155,0,0
6198,2021-07-31,74.07,172.26,-3.0,1.0,-6.58,-4,-7,1,1,0,0.0,0.538,1,1
6198,2021-07-31,-74.07,172.26,3.0,-1.0,6.58,4,7,1,1,0,-0.0,0.462,0,1
6202,2021-07-31,-106.64,217.94,-2.0,-2.0,2.49,-8,-182,1,1,0,-0.0,0.4845,1,0
6213,2021-08-07,-9.29,202.93,0.0,2.0,6.49,10,42,1,1,0,0.0,0.5394,0,0
6217,2021-08-07,-61.69,263.12,-5.0,-2.0,-1.85,0,-35,1,0,0,0.0,0.5,1,1
6216,2021-08-07,-47.48,207.14,3.0,2.0,2.71,-6,-420,1,1,0,-0.0,0.4989,1,1
6216,2021-08-07,47.48,207.14,-3.0,-2.0,-2.71,6,420,1,1,0,0.0,0.5011,0,1
6215,2021-08-07,24.79,188.77,1.0,1.0,7.04,19,196,1,1,0,0.0,0.5187,0,1
6215,2021-08-07,-24.79,188.77,-1.0,-1.0,-7.04,-19,-196,1,1,0,-0.0,0.4813,1,1
6217,2021-08-07,61.69,263.12,5.0,2.0,1.85,0,35,0,1,0,-0.0,0.5,0,1
6213,2021-08-07,9.29,202.93,-0.0,-2.0,-6.49,-10,-42,1,1,0,-0.0,0.4606,1,0
6212,2021-08-07,-13.2,209.64,1.0,-1.0,6.7,1,0,1,1,0,0.0,0.5003,0,0
6210,2021-08-07,25.49,168.55,-0.0,-2.0,-3.97,1,-66,1,1,0,-0.0,0.532,1,0
6211,2021-08-07,-99.47,173.0,4.0,2.0,4.59,4,-91,1,1,0,-0.0,0.5035,0,1
6211,2021-08-07,99.47,173.0,-4.0,-2.0,-4.59,-4,91,1,1,0,0.0,0.4965,1,1
6210,2021-08-07,-25.49,168.55,0.0,2.0,3.97,-1,66,1,1,0,0.0,0.468,0,0
6209,2021-08-07,-69.57,168.76,-5.0,-1.0,0.01,-2,-70,1,1,0,0.0,0.5378,0,1
6209,2021-08-07,69.57,168.76,5.0,1.0,-0.01,2,70,1,1,0,-0.0,0.4622,1,1
6208,2021-08-07,9.39,186.19,2.0,1.0,-5.17,-15,-126,1,1,1,0.3095,0.5387,1,1
6208,2021-08-07,-9.39,186.19,-2.0,-1.0,5.17,15,126,1,1,1,-0.3095,0.4613,0,1
6212,2021-08-07,13.2,209.64,-1.0,1.0,-6.7,-1,0,1,1,0,-0.0,0.4997,1,0
6231,2021-08-21,-119.65,247.51,2.0,1.0,-3.54,-5,-294,1,1,0,0.0,0.4823,1,1
6231,2021-08-21,119.65,247.51,-2.0,-1.0,3.54,5,294,1,1,0,-0.0,0.5177,0,1
6226,2021-08-21,-65.81,219.13,1.0,4.0,-2.34,-7,77,1,1,0,-0.0,0.4806,0,0
6226,2021-08-21,65.81,219.13,-1.0,-4.0,2.34,7,-77,1,1,0,0.0,0.5194,1,0
6225,2021-08-21,130.89,211.16,1.0,0.0,9.08,2,245,1,1,0,-0.0,0.5,1,1
6225,2021-08-21,-130.89,211.16,-1.0,-0.0,-9.08,-2,-245,1,1,0,0.0,0.5,0,1
6223,2021-08-21,78.25,232.29,-3.0,-4.0,4.57,-7,140,1,1,0,0.0,0.5,1,1
6221,2021-08-21,-87.12,175.15,6.0,2.0,7.61,-7,175,1,1,0,-0.0,0.4366,1,0
6221,2021-08-21,87.12,175.15,-6.0,-2.0,-7.61,7,-175,1,1,0,0.0,0.5634,0,0
6223,2021-08-21,-78.25,232.29,3.0,4.0,-4.57,7,-140,1,1,0,-0.0,0.5,0,1
6222,2021-08-21,14.43,202.13,2.0,1.0,-2.79,-28,336,1,1,0,-0.0,0.4049,1,1
6222,2021-08-21,-14.43,202.13,-2.0,-1.0,2.79,28,-336,1,1,0,0.0,0.5951,0,1
6243,2021-08-28,-54.46,272.01,4.0,2.0,1.3,1,266,1,1,0,0.0,0.404,0,1
6241,2021-08-28,-14.96,212.85,-2.0,-3.0,-2.74,7,-105,1,1,0,0.0,0.5922,0,1
6241,2021-08-28,14.96,212.85,2.0,3.0,2.74,-7,105,1,1,0,-0.0,0.4078,1,1
6240,2021-08-28,-99.12,196.59,-3.0,-2.0,-10.21,-16,-70,1,1,0,-0.0,0.5174,1,0
6240,2021-08-28,99.12,196.59,3.0,2.0,10.21,16,70,1,1,0,0.0,0.4826,0,0
6239,2021-08-28,14.27,202.07,-1.0,-2.0,4.34,-1,-91,1,1,0,-0.0,0.4998,1,1
6243,2021-08-28,54.46,272.01,-4.0,-2.0,-1.3,-1,-266,1,1,0,-0.0,0.596,1,1
6238,2021-08-28,-87.26,212.1,2.0,-1.0,2.14,10,-84,1,1,0,-0.0,0.5036,1,0
6238,2021-08-28,87.26,212.1,-2.0,1.0,-2.14,-10,84,1,1,0,0.0,0.4964,0,0
6236,2021-08-28,-13.65,191.07,-3.0,4.0,5.68,-11,-490,1,1,0,0.0,0.4786,1,0
6236,2021-08-28,13.65,191.07,3.0,-4.0,-5.68,11,490,1,1,0,-0.0,0.5214,0,0
6233,2021-08-28,43.57,184.1,-1.0,1.0,-2.59,-19,14,1,1,0,0.0,0.5,1,1
6233,2021-08-28,-43.57,184.1,1.0,-1.0,2.59,19,-14,1,1,0,-0.0,0.5,0,1
6239,2021-08-28,-14.27,202.07,1.0,2.0,-4.34,1,91,1,1,0,0.0,0.5002,0,1
6253,2021-09-04,-99.6,244.2,-2.0,5.0,-2.55,1,-66,1,1,0,0.0,0.5386,1,1
6253,2021-09-04,99.6,244.2,2.0,-5.0,2.55,-1,66,1,1,0,-0.0,0.4614,0,1
6252,2021-09-04,57.39,216.63,-5.0,-4.0,-6.32,-4,98,0,1,0,0.0,0.4835,0,0
6252,2021-09-04,-57.39,216.63,5.0,4.0,6.32,4,-98,1,0,0,-0.0,0.5165,1,0
6250,2021-09-04,15.64,219.78,10.0,3.0,0.54,0,161,1,1,0,-0.0,0.4374,0,1
6250,2021-09-04,-15.64,219.78,-10.0,-3.0,-0.54,0,-161,1,1,0,0.0,0.5626,1,1
6248,2021-09-04,-3.1,223.74,-0.0,-2.0,3.96,6,63,1,1,0,-0.0,0.4616,1,0
6248,2021-09-04,3.1,223.74,0.0,2.0,-3.96,-6,-63,1,1,0,0.0,0.5384,0,0
6247,2021-09-04,156.18,211.44,-3.0,-1.0,-0.04,8,-112,1,1,0,0.0,0.4939,1,1
6246,2021-09-04,-61.74,232.34,-0.0,-2.0,-1.79,3,-119,1,1,0,0.0,0.51,0,1
6246,2021-09-04,61.74,232.34,0.0,2.0,1.79,-3,119,1,1,0,-0.0,0.49,1,1
6245,2021-09-04,68.64,175.84,3.0,1.0,8.97,9,-238,1,1,0,-0.0,0.5091,1,1
6247,2021-09-04,-156.18,211.44,3.0,1.0,0.04,-8,112,1,1,0,-0.0,0.5061,0,1
6245,2021-09-04,-68.64,175.84,-3.0,-1.0,-8.97,-9,238,1,1,0,0.0,0.4909,0,1
6267,2021-09-18,-67.26,246.02,-2.0,-1.0,-0.99,-3,-329,1,1,0,0.0,0.5548,1,1
6260,2021-09-18,-59.01,240.57,5.0,4.0,5.88,4,91,1,0,0,-0.0,0.5,0,0
6267,2021-09-18,67.26,246.02,2.0,1.0,0.99,3,329,1,1,0,-0.0,0.4452,0,1
6261,2021-09-18,-30.11,201.8,1.0,-0.0,3.26,8,357,1,1,0,-0.0,0.5623,1,1
6261,2021-09-18,30.11,201.8,-1.0,0.0,-3.26,-8,-357,1,1,0,0.0,0.4377,0,1
6260,2021-09-18,59.01,240.57,-5.0,-4.0,-5.88,-4,-91,0,1,0,0.0,0.5,1,0
6258,2021-09-18,-51.74,255.34,-3.0,-5.0,-0.25,1,-140,1,0,0,-0.0,0.4616,0,1
6257,2021-09-18,-85.63,219.3,-1.0,3.0,6.72,5,-112,1,1,0,-0.0,0.4999,0,1
6257,2021-09-18,85.63,219.3,1.0,-3.0,-6.72,-5,112,1,1,0,0.0,0.5001,1,1
6255,2021-09-18,28.13,192.99,-0.0,-1.0,3.67,2,-35,1,1,0,0.0,0.404,0,0
6255,2021-09-18,-28.13,192.99,0.0,1.0,-3.67,-2,35,1,1,0,-0.0,0.596,1,0
6254,2021-09-18,8.22,191.77,3.0,1.0,-3.08,-10,42,1,1,0,0.0,0.4486,0,1
6254,2021-09-18,-8.22,191.77,-3.0,-1.0,3.08,10,-42,1,1,0,-0.0,0.5514,1,1
6258,2021-09-18,51.74,255.34,3.0,5.0,0.25,-1,140,0,1,0,0.0,0.5384,1,1
6274,2021-09-25,-40.81,189.18,-3.0,-2.0,-5.52,-9,-49,1,1,0,0.0,0.4622,0,0
6275,2021-09-25,-56.37,225.31,0.0,0.0,8.06,5,532,1,1,0,0.0,0.5,0,1
6275,2021-09-25,56.37,225.31,-0.0,-0.0,-8.06,-5,-532,1,1,0,-0.0,0.5,1,1
6276,2021-09-25,-94.39,222.51,1.0,1.0,10.74,7,-32,1,1,0,-0.0,0.4961,0,1
6280,2021-09-25,-81.38,248.82,-2.0,1.0,-6.54,-2,119,1,1,0,-0.0,0.5961,1,0
6277,2021-09-25,3.91,254.19,-6.0,-2.0,2.06,-4,-175,1,1,0,-0.0,0.428,0,1
6277,2021-09-25,-3.91,254.19,6.0,2.0,-2.06,4,175,1,1,0,0.0,0.572,1,1
6274,2021-09-25,40.81,189.18,3.0,2.0,5.52,9,49,1,1,0,-0.0,0.5378,1,0
6280,2021-09-25,81.38,248.82,2.0,-1.0,6.54,2,-119,1,1,0,0.0,0.4039,0,0
6276,2021-09-25,94.39,222.51,-1.0,-1.0,-10.74,-7,32,1,1,0,0.0,0.5039,1,1
6273,2021-09-25,2.28,201.13,1.0,-0.0,-2.71,-1,-133,1,1,0,0.0,0.5358,1,1
6273,2021-09-25,-2.28,201.13,-1.0,0.0,2.71,1,133,1,1,0,-0.0,0.4642,0,1
6272,2021-09-25,-13.1,179.07,2.0,3.0,4.2,-11,154,1,1,0,0.0,0.5196,0,1
6268,2021-09-25,77.06,197.37,2.0,-2.0,2.4,0,98,1,1,1,0.5556,0.4631,1,0
6269,2021-09-25,180.24,186.61,-1.0,0.0,-4.61,1,49,1,1,1,-0.1439,0.5138,1,0
6269,2021-09-25,-180.24,186.61,1.0,-0.0,4.61,-1,-49,1,1,1,0.1439,0.4862,0,0
6270,2021-09-25,-101.78,167.07,2.0,2.0,-1.37,-9,2723,0,1,0,0.0,0.5639,0,1
6268,2021-09-25,-77.06,197.37,-2.0,2.0,-2.4,0,-98,1,1,1,-0.5556,0.5369,0,0
6271,2021-09-25,26.19,190.22,2.0,2.0,-2.92,4,105,1,1,0,0.0,0.5,1,1
6271,2021-09-25,-26.19,190.22,-2.0,-2.0,2.92,-4,-105,1,1,0,-0.0,0.5,0,1
6272,2021-09-25,13.1,179.07,-2.0,-3.0,-4.2,11,-154,1,1,0,-0.0,0.4804,1,1
6270,2021-09-25,101.78,167.07,-2.0,-2.0,1.37,9,-2723,1,0,0,-0.0,0.4361,1,1
6287,2021-10-02,87.55,239.92,2.0,-2.0,-12.88,-4,-35,1,1,0,-0.0,0.4872,1,0
6292,2021-10-02,101.12,200.88,-4.0,-1.0,-11.08,2,-400,1,1,0,0.0,0.5474,1,1
6289,2021-10-02,-110.38,244.68,-2.0,3.0,-1.05,-1,-49,1,1,0,0.0,0.5001,1,1
6292,2021-10-02,-101.12,200.88,4.0,1.0,11.08,-2,400,1,1,0,-0.0,0.4526,0,1
6288,2021-10-02,132.04,219.47,3.0,-0.0,-11.52,-8,-196,1,1,0,0.0,0.5001,1,1
6288,2021-10-02,-132.04,219.47,-3.0,0.0,11.52,8,196,1,1,0,-0.0,0.4999,0,1
6287,2021-10-02,-87.55,239.92,-2.0,2.0,12.88,4,35,1,1,0,0.0,0.5128,0,0
6289,2021-10-02,110.38,244.68,2.0,-3.0,1.05,1,49,1,1,0,-0.0,0.4999,0,1
6286,2021-10-02,77.43,225.02,2.0,0.0,-4.97,-5,-49,1,1,0,0.0,0.5951,0,1
6284,2021-10-02,10.1,183.46,-0.0,-2.0,-2.48,4,-49,1,0,0,0.0,0.428,1,0
6284,2021-10-02,-10.1,183.46,0.0,2.0,2.48,-4,49,0,1,0,-0.0,0.572,0,0
6283,2021-10-02,-11.55,173.02,-0.0,1.0,-1.6,-8,-77,1,1,0,-0.0,0.4829,1,1
6283,2021-10-02,11.55,173.02,0.0,-1.0,1.6,8,77,1,1,0,0.0,0.5171,0,1
6281,2021-10-02,-18.99,186.17,6.0,4.0,-8.23,-15,168,1,1,0,-0.0,0.5598,0,1
6281,2021-10-02,18.99,186.17,-6.0,-4.0,8.23,15,-168,1,1,0,0.0,0.4402,1,1
6286,2021-10-02,-77.43,225.02,-2.0,-0.0,4.97,5,49,1,1,0,-0.0,0.4049,1,1
6299,2021-10-09,-39.56,216.3,2.0,2.0,-1.96,-7,203,1,1,0,-0.0,0.501,1,1
6299,2021-10-09,39.56,216.3,-2.0,-2.0,1.96,7,-203,1,1,0,0.0,0.499,0,1
6298,2021-10-09,-144.97,254.98,5.0,2.0,-1.42,-1,-35,1,1,0,0.0,0.4039,0,0
6298,2021-10-09,144.97,254.98,-5.0,-2.0,1.42,1,35,1,1,0,-0.0,0.5961,1,0
6297,2021-10-09,-101.7,228.46,2.0,-1.0,-2.94,-1,-77,1,1,0,0.0,0.5,0,1
6297,2021-10-09,101.7,228.46,-2.0,1.0,2.94,1,77,1,1,0,-0.0,0.5,1,1
6296,2021-10-09,-61.59,244.65,-2.0,-1.0,-0.04,-3,189,1,1,0,-0.0,0.4713,1,0
6296,2021-10-09,61.59,244.65,2.0,1.0,0.04,3,-189,1,1,0,0.0,0.5287,0,0
6295,2021-10-09,133.55,201.0,-0.0,-1.0,-6.04,-10,-7,1,1,0,-0.0,0.479,1,0
6295,2021-10-09,-133.55,201.0,0.0,1.0,6.04,10,7,1,1,0,0.0,0.521,0,0
6294,2021-10-09,-155.6,217.72,-1.0,-3.0,-3.41,-8,-98,1,1,0,0.0,0.492,0,1
6294,2021-10-09,155.6,217.72,1.0,3.0,3.41,8,98,1,1,0,-0.0,0.508,1,1
6293,2021-10-09,-23.22,209.4,2.0,2.0,5.9,-2,-28,1,1,0,0.0,0.4222,1,1
6293,2021-10-09,23.22,209.4,-2.0,-2.0,-5.9,2,28,1,1,0,-0.0,0.5778,0,1
6310,2021-10-16,108.0,231.12,-2.0,-3.0,0.84,-4,-574,1,1,0,-0.0,0.4499,1,1
6310,2021-10-16,-108.0,231.12,2.0,3.0,-0.84,4,574,1,1,0,0.0,0.5501,0,1
6309,2021-10-16,42.54,256.51,8.0,4.0,0.24,1,161,1,0,0,0.0,0.404,1,1
6309,2021-10-16,-42.54,256.51,-8.0,-4.0,-0.24,-1,-161,0,1,0,-0.0,0.596,0,1
6308,2021-10-16,97.39,207.72,2.0,-3.0,0.14,-4,-434,1,1,0,0.0,0.4612,0,1
6308,2021-10-16,-97.39,207.72,-2.0,3.0,-0.14,4,434,1,1,0,-0.0,0.5388,1,1
6307,2021-10-16,9.3,238.46,-0.0,-1.0,-1.26,-8,-147,1,1,0,-0.0,0.4999,1,1
6307,2021-10-16,-9.3,238.46,0.0,1.0,1.26,8,147,1,1,0,0.0,0.5001,0,1
6302,2021-10-16,-77.36,237.11,1.0,1.0,4.41,-2,-532,1,0,0,0.0,0.5,1,1
6306,2021-10-16,-40.85,256.84,0.0,2.0,6.71,1,77,1,1,0,-0.0,0.5431,1,0
6305,2021-10-16,-44.41,256.4,1.0,-1.0,-1.51,1,259,1,1,0,0.0,0.5937,0,1
6305,2021-10-16,44.41,256.4,-1.0,1.0,1.51,-1,-259,1,1,0,-0.0,0.4063,1,1
6303,2021-10-16,-29.75,187.48,-2.0,-3.0,-15.94,-30,-56,1,1,0,0.0,0.4399,0,1
6303,2021-10-16,29.75,187.48,2.0,3.0,15.94,30,56,1,1,0,-0.0,0.5601,1,1
6302,2021-10-16,77.36,237.11,-1.0,-1.0,-4.41,2,532,0,1,0,-0.0,0.5,0,1
6306,2021-10-16,40.85,256.84,-0.0,-2.0,-6.71,-1,-77,1,1,0,0.0,0.4569,0,0
6318,2021-10-23,6.26,258.6,-2.0,-5.0,0.97,3,28,1,1,0,-0.0,0.5917,0,1
6324,2021-10-23,88.08,197.33,0.0,-1.0,-5.58,-11,56,1,1,0,-0.0,0.5024,0,1
6322,2021-10-23,-72.52,252.56,3.0,2.0,-1.58,-2,-91,1,1,0,-0.0,0.4929,1,1
6322,2021-10-23,72.52,252.56,-3.0,-2.0,1.58,2,91,1,1,0,0.0,0.5071,0,1
6321,2021-10-23,75.9,244.13,-9.0,-1.0,-4.5,3,-21,1,1,0,0.0,0.5001,0,1
6324,2021-10-23,-88.08,197.33,-0.0,1.0,5.58,11,-56,1,1,0,0.0,0.4976,1,1
6321,2021-10-23,-75.9,244.13,9.0,1.0,4.5,-3,21,1,1,0,-0.0,0.4999,1,1
6318,2021-10-23,-6.26,258.6,2.0,5.0,-0.97,-3,-28,1,1,0,0.0,0.4083,1,1
6317,2021-10-23,-95.16,250.52,-5.0,1.0,10.42,2,-7,1,1,0,-0.0,0.5001,0,1
6315,2021-10-23,20.06,190.59,-1.0,-2.0,4.37,19,112,1,1,0,-0.0,0.5379,1,0
6316,2021-10-23,-119.0,189.63,6.0,4.0,-6.06,-18,42,1,1,0,-0.0,0.4248,0,0
6316,2021-10-23,119.0,189.63,-6.0,-4.0,6.06,18,-42,1,1,0,0.0,0.5752,1,0
6315,2021-10-23,-20.06,190.59,1.0,2.0,-4.37,-19,-112,1,1,0,0.0,0.4621,0,0
6314,2021-10-23,-19.19,245.56,6.0,3.0,-7.84,-3,-140,1,1,0,0.0,0.5784,0,1
6314,2021-10-23,19.19,245.56,-6.0,-3.0,7.84,3,140,1,1,0,-0.0,0.4216,1,1
6312,2021-10-23,-27.84,201.7,2.0,-1.0,-2.42,4,-259,0,0,0,0.0,0.5664,1,0
6312,2021-10-23,27.84,201.7,-2.0,1.0,2.42,-4,259,0,0,0,-0.0,0.4336,0,0
6317,2021-10-23,95.16,250.52,5.0,-1.0,-10.42,-2,7,1,1,0,0.0,0.4999,1,1
6337,2021-10-30,41.71,220.64,1.0,-1.0,-2.7,-8,136,1,1,0,-0.0,0.4084,1,0
6333,2021-10-30,-55.45,209.02,-4.0,-1.0,4.54,-2,238,1,1,0,0.0,0.4604,1,1
6333,2021-10-30,55.45,209.02,4.0,1.0,-4.54,2,-238,1,1,0,-0.0,0.5396,0,1
6332,2021-10-30,-67.48,226.76,-2.0,-1.0,5.24,0,-147,1,1,0,-0.0,0.4997,0,1
6332,2021-10-30,67.48,226.76,2.0,1.0,-5.24,0,147,1,1,0,0.0,0.5003,1,1
6331,2021-10-30,-55.85,203.53,-0.0,-1.0,2.7,2,231,1,1,0,0.0,0.5377,0,1
6331,2021-10-30,55.85,203.53,0.0,1.0,-2.7,-2,-231,1,1,0,-0.0,0.4623,1,1
6330,2021-10-30,-24.0,212.23,4.0,2.0,-6.11,-11,119,1,1,0,-0.0,0.5882,1,1
6337,2021-10-30,-41.71,220.64,-1.0,1.0,2.7,8,-136,1,1,0,0.0,0.5916,0,0
6329,2021-10-30,-44.49,181.74,-2.0,-4.0,2.96,4,21,1,1,0,-0.0,0.5148,0,1
6330,2021-10-30,24.0,212.23,-4.0,-2.0,6.11,11,-119,1,1,0,0.0,0.4118,0,1
6326,2021-10-30,31.49,162.4,-2.0,-0.0,3.33,4,119,1,1,1,-0.2625,0.4895,1,1
6327,2021-10-30,18.61,197.48,-3.0,-4.0,-0.81,-1,140,1,1,1,0.0417,0.4447,1,1
6326,2021-10-30,-31.49,162.4,2.0,0.0,-3.33,-4,-119,1,1,1,0.2625,0.5105,0,1
6328,2021-10-30,104.12,178.46,-5.0,-2.0,-1.7,-7,70,1,1,0,-0.0,0.4541,1,0
6328,2021-10-30,-104.12,178.46,5.0,2.0,1.7,7,-70,1,1,0,0.0,0.5459,0,0
6329,2021-10-30,44.49,181.74,2.0,4.0,-2.96,-4,-21,1,1,0,0.0,0.4852,1,1
6327,2021-10-30,-18.61,197.48,3.0,4.0,0.81,1,-140,1,1,1,-0.0417,0.5553,0,1
6350,2021-11-06,-10.6,221.26,-1.0,-6.0,-0.82,-16,-168,1,1,0,-0.0,0.5,1,1
6350,2021-11-06,10.6,221.26,1.0,6.0,0.82,16,168,1,1,0,0.0,0.5,0,1
6348,2021-11-06,-43.95,232.23,1.0,1.0,1.72,-3,-63,1,1,0,0.0,0.4668,1,1
6348,2021-11-06,43.95,232.23,-1.0,-1.0,-1.72,3,63,1,1,0,-0.0,0.5332,0,1
6346,2021-11-06,-62.63,170.21,1.0,-0.0,0.64,1,-672,1,1,0,0.0,0.5394,1,1
6346,2021-11-06,62.63,170.21,-1.0,0.0,-0.64,-1,672,1,1,0,-0.0,0.4606,0,1
6344,2021-11-06,-138.36,236.15,1.0,-3.0,2.56,-6,-203,1,1,0,-0.0,0.5,0,1
6344,2021-11-06,138.36,236.15,-1.0,3.0,-2.56,6,203,1,1,0,0.0,0.5,1,1
6343,2021-11-06,-0.48,211.86,5.0,1.0,-2.28,4,63,1,1,0,0.0,0.4999,1,1
6342,2021-11-06,-62.16,154.17,2.0,2.0,-11.13,-11,-133,1,1,0,-0.0,0.4784,1,0
6342,2021-11-06,62.16,154.17,-2.0,-2.0,11.13,11,133,1,1,0,0.0,0.5216,0,0
6341,2021-11-06,-22.0,201.74,-2.0,-1.0,2.88,-5,0,1,1,1,0.1364,0.5051,0,0
6341,2021-11-06,22.0,201.74,2.0,1.0,-2.88,5,0,1,1,1,-0.1364,0.4949,1,0
6340,2021-11-06,-126.47,176.28,-4.0,-1.0,-0.79,-1,217,1,1,1,-0.1813,0.502,0,0
6340,2021-11-06,126.47,176.28,4.0,1.0,0.79,1,-217,1,1,1,0.1813,0.498,1,0
6343,2021-11-06,0.48,211.86,-5.0,-1.0,2.28,-4,-63,1,1,0,-0.0,0.5001,0,1
6359,2021-11-13,-0.83,224.09,-7.0,-6.0,-2.06,3,-266,1,1,0,0.0,0.5016,0,1
6364,2021-11-13,42.01,236.98,-5.0,-1.0,-1.48,-1,77,1,1,0,0.0,0.4835,1,0
6364,2021-11-13,-42.01,236.98,5.0,1.0,1.48,1,-77,1,1,0,-0.0,0.5165,0,0
6360,2021-11-13,-62.48,200.96,5.0,2.0,-1.59,-2,133,1,1,0,0.0,0.4881,1,1
6360,2021-11-13,62.48,200.96,-5.0,-2.0,1.59,2,-133,1,1,0,-0.0,0.5119,0,1
6359,2021-11-13,0.83,224.09,7.0,6.0,2.06,-3,266,1,1,0,-0.0,0.4984,1,1
6358,2021-11-13,-113.02,210.95,3.0,-1.0,8.1,-1,14,1,1,0,-0.0,0.5073,0,0
6354,2021-11-13,65.58,175.48,-2.0,0.0,0.84,16,-456,1,1,0,0.0,0.4977,1,1
6357,2021-11-13,1.09,236.55,3.0,-2.0,-1.6,0,-14,1,1,0,0.0,0.4626,1,1
6357,2021-11-13,-1.09,236.55,-3.0,2.0,1.6,0,14,1,1,0,-0.0,0.5374,0,1
6355,2021-11-13,-26.77,174.67,-3.0,-3.0,-3.69,-4,14,1,1,0,-0.0,0.4921,1,1
6355,2021-11-13,26.77,174.67,3.0,3.0,3.69,4,-14,1,1,0,0.0,0.5079,0,1
6354,2021-11-13,-65.58,175.48,2.0,-0.0,-0.84,-16,456,1,1,0,-0.0,0.5023,0,1
6358,2021-11-13,113.02,210.95,-3.0,1.0,-8.1,1,-14,1,1,0,0.0,0.4927,1,0
6375,2021-11-20,-126.3,270.04,2.0,3.0,0.39,1,0,1,1,0,0.0,0.5611,0,1
6375,2021-11-20,126.3,270.04,-2.0,-3.0,-0.39,-1,0,1,1,0,-0.0,0.4389,1,1
6374,2021-11-20,-90.15,259.28,1.0,1.0,4.57,3,7,1,1,0,-0.0,0.5,0,1
6374,2021-11-20,90.15,259.28,-1.0,-1.0,-4.57,-3,-7,1,1,0,0.0,0.5,1,1
6373,2021-11-20,-15.83,271.8,2.0,-0.0,-2.24,0,-126,1,1,0,0.0,0.4047,0,0
6373,2021-11-20,15.83,271.8,-2.0,0.0,2.24,0,126,1,1,0,-0.0,0.5953,1,0
6372,2021-11-20,110.1,243.39,0.0,-1.0,-2.37,1,168,1,1,0,0.0,0.4994,0,1
6369,2021-11-20,120.76,226.89,1.0,-1.0,-7.95,-5,-35,1,1,0,-0.0,0.4546,1,1
6372,2021-11-20,-110.1,243.39,-0.0,1.0,2.37,-1,-168,1,1,0,-0.0,0.5006,1,1
6368,2021-11-20,5.84,184.78,6.0,3.0,-2.99,-8,448,1,1,0,0.0,0.4777,0,1
6368,2021-11-20,-5.84,184.78,-6.0,-3.0,2.99,8,-448,1,1,0,-0.0,0.5223,1,1
6367,2021-11-20,56.14,208.26,3.0,-0.0,-7.5,-9,-105,1,1,0,0.0,0.4492,1,1
6367,2021-11-20,-56.14,208.26,-3.0,0.0,7.5,9,105,1,1,0,-0.0,0.5508,0,1
6366,2021-11-20,-5.84,200.28,-3.0,-3.0,-4.96,-12,154,1,1,0,0.0,0.5564,1,0
6366,2021-11-20,5.84,200.28,3.0,3.0,4.96,12,-154,1,1,0,-0.0,0.4436,0,0
6365,2021-11-20,-25.19,201.39,-3.0,-2.0,5.02,3,-147,1,1,0,-0.0,0.5002,0,1
6365,2021-11-20,25.19,201.39,3.0,2.0,-5.02,-3,147,1,1,0,0.0,0.4998,1,1
6369,2021-11-20,-120.76,226.89,-1.0,1.0,7.95,5,35,1,1,0,0.0,0.5454,0,1
6382,2021-12-04,61.59,239.04,-1.0,3.0,-3.48,-2,-112,1,1,0,-0.0,0.5681,1,1
6383,2021-12-04,31.38,249.99,2.0,1.0,-5.21,0,-28,1,1,0,0.0,0.4554,1,0
6383,2021-12-04,-31.38,249.99,-2.0,-1.0,5.21,0,28,1,1,0,-0.0,0.5446,0,0
6386,2021-12-04,27.3,232.98,3.0,2.0,0.46,3,14,1,1,0,-0.0,0.5373,0,1
6388,2021-12-04,-65.62,200.18,2.0,-2.0,0.67,-10,-245,1,1,0,0.0,0.4347,1,1
6387,2021-12-04,106.21,234.26,4.0,2.0,-9.85,-3,56,1,1,0,0.0,0.5952,1,0
6387,2021-12-04,-106.21,234.26,-4.0,-2.0,9.85,3,-56,1,1,0,-0.0,0.4048,0,0
6388,2021-12-04,65.62,200.18,-2.0,2.0,-0.67,10,245,1,1,0,-0.0,0.5653,0,1
6382,2021-12-04,-61.59,239.04,1.0,-3.0,3.48,2,112,1,1,0,0.0,0.4319,0,1
6386,2021-12-04,-27.3,232.98,-3.0,-2.0,-0.46,-3,-14,1,1,0,0.0,0.4627,1,1
6381,2021-12-04,-39.33,188.97,2.0,3.0,-1.43,-4,42,1,1,0,-0.0,0.4459,0,0
6376,2021-12-04,-42.31,171.31,1.0,1.0,-0.79,-6,77,1,1,0,-0.0,0.5459,0,1
6380,2021-12-04,-97.53,249.74,-0.0,-4.0,8.45,-5,-105,1,1,0,-0.0,0.4074,1,1
6380,2021-12-04,97.53,249.74,0.0,4.0,-8.45,5,105,1,1,0,0.0,0.5926,0,1
6379,2021-12-04,102.15,169.07,5.0,5.0,1.84,-22,154,1,1,0,-0.0,0.4849,0,1
6379,2021-12-04,-102.15,169.07,-5.0,-5.0,-1.84,22,-154,1,1,0,0.0,0.5151,1,1
6378,2021-12-04,-40.56,231.28,5.0,2.0,4.79,-3,-49,1,1,0,0.0,0.4376,1,0
6378,2021-12-04,40.56,231.28,-5.0,-2.0,-4.79,3,49,1,1,0,-0.0,0.5624,0,0
6377,2021-12-04,-33.89,230.79,-0.0,1.0,-1.43,1,-56,1,1,0,-0.0,0.5,1,0
6377,2021-12-04,33.89,230.79,0.0,-1.0,1.43,-1,56,1,1,0,0.0,0.5,0,0
6376,2021-12-04,42.31,171.31,-1.0,-1.0,0.79,6,-77,1,1,0,0.0,0.4541,1,1
6381,2021-12-04,39.33,188.97,-2.0,-3.0,1.43,4,-42,1,1,0,0.0,0.5541,1,0
6396,2021-12-11,3.64,206.26,-2.0,-1.0,-1.85,3,-35,1,1,0,-0.0,0.5,1,0
6397,2021-12-11,-63.63,255.49,3.0,2.0,-2.23,1,154,1,1,0,0.0,0.5001,0,1
6397,2021-12-11,63.63,255.49,-3.0,-2.0,2.23,-1,-154,1,1,0,-0.0,0.4999,1,1
6398,2021-12-11,96.68,216.82,3.0,0.0,-2.83,-8,28,1,1,0,-0.0,0.5909,1,1
6398,2021-12-11,-96.68,216.82,-3.0,-0.0,2.83,8,-28,1,1,0,0.0,0.4091,0,1
6402,2021-12-11,87.51,210.9,-2.0,-2.0,-6.74,5,49,1,1,0,-0.0,0.5921,1,1
6400,2021-12-11,116.62,230.74,1.0,3.0,5.18,1,14,1,1,0,0.0,0.5303,1,0
6400,2021-12-11,-116.62,230.74,-1.0,-3.0,-5.18,-1,-14,1,1,0,-0.0,0.4697,0,0
6396,2021-12-11,-3.64,206.26,2.0,1.0,1.85,-3,35,1,1,0,0.0,0.5,0,0
6402,2021-12-11,-87.51,210.9,2.0,2.0,6.74,-5,-49,1,1,0,0.0,0.4079,0,1
6399,2021-12-11,8.2,263.78,-1.0,-1.0,1.84,2,56,1,1,0,-0.0,0.5,0,0
6395,2021-12-11,69.48,185.41,3.0,2.0,1.5,-8,154,1,1,0,0.0,0.4625,1,1
6399,2021-12-11,-8.2,263.78,1.0,1.0,-1.84,-2,-56,1,1,0,0.0,0.5,1,0
6394,2021-12-11,-33.98,193.12,1.0,1.0,-6.42,1,-364,1,1,0,0.0,0.5477,0,1
6395,2021-12-11,-69.48,185.41,-3.0,-2.0,-1.5,8,-154,1,1,0,-0.0,0.5375,0,1
6389,2021-12-11,60.55,147.03,-2.0,-1.0,0.74,-3,-56,1,1,1,0.2129,0.5531,0,0
6390,2021-12-11,211.25,192.96,0.0,2.0,1.22,8,-42,1,1,1,-0.1619,0.5005,0,1
6390,2021-12-11,-211.25,192.96,-0.0,-2.0,-1.22,-8,42,1,1,1,0.1619,0.4995,1,1
6391,2021-12-11,-72.34,192.93,2.0,-1.0,-3.92,-6,28,1,1,0,-0.0,0.5376,1,0
6389,2021-12-11,-60.55,147.03,2.0,1.0,-0.74,3,56,1,1,1,-0.2129,0.4469,1,0
6392,2021-12-11,-60.24,198.36,4.0,-4.0,-1.72,-4,77,1,0,0,0.0,0.5,1,1
6392,2021-12-11,60.24,198.36,-4.0,4.0,1.72,4,-77,0,1,0,-0.0,0.5,0,1
6393,2021-12-11,-105.35,220.08,-3.0,-3.0,-0.98,-2,-14,1,1,0,0.0,0.5,0,0
6393,2021-12-11,105.35,220.08,3.0,3.0,0.98,2,14,1,1,0,-0.0,0.5,1,0
6394,2021-12-11,33.98,193.12,-1.0,-1.0,6.42,-1,364,1,1,0,-0.0,0.4523,1,1
6391,2021-12-11,72.34,192.93,-2.0,1.0,3.92,6,-28,1,1,0,0.0,0.4624,0,0
6409,2021-12-18,161.01,219.02,2.0,1.0,3.91,12,-42,1,1,0,-0.0,0.4368,1,0
6411,2021-12-18,-9.48,238.53,-2.0,-1.0,11.01,8,14,1,1,0,0.0,0.5003,0,1
6411,2021-12-18,9.48,238.53,2.0,1.0,-11.01,-8,-14,1,1,0,-0.0,0.4997,1,1
6412,2021-12-18,-51.48,210.38,-6.0,1.0,-7.85,-3,-42,1,0,0,-0.0,0.5383,1,0
6413,2021-12-18,14.07,200.49,-5.0,-4.0,2.89,9,-182,0,0,0,0.0,0.488,1,1
6413,2021-12-18,-14.07,200.49,5.0,4.0,-2.89,-9,182,0,0,0,-0.0,0.512,0,1
6414,2021-12-18,-22.33,256.72,2.0,2.0,-2.55,1,217,1,1,0,-0.0,0.5,1,1
6414,2021-12-18,22.33,256.72,-2.0,-2.0,2.55,-1,-217,1,1,0,0.0,0.5,0,1
6409,2021-12-18,-161.01,219.02,-2.0,-1.0,-3.91,-12,42,1,1,0,0.0,0.5632,0,0
6412,2021-12-18,51.48,210.38,6.0,-1.0,7.85,3,42,0,1,0,0.0,0.4617,0,0
6408,2021-12-18,18.95,154.49,1.0,2.0,-0.54,4,-84,1,1,0,0.0,0.596,0,1
6406,2021-12-18,18.09,186.12,-3.0,-1.0,10.12,8,252,1,1,0,0.0,0.503,0,1
6407,2021-12-18,-95.14,215.03,-4.0,1.0,-5.89,-9,-70,1,1,0,-0.0,0.5157,1,0
6407,2021-12-18,95.14,215.03,4.0,-1.0,5.89,9,70,1,1,0,0.0,0.4843,0,0
6406,2021-12-18,-18.09,186.12,3.0,1.0,-10.12,-8,-252,1,1,0,-0.0,0.497,1,1
6405,2021-12-18,-143.67,195.55,-1.0,-1.0,2.35,13,-21,1,1,0,0.0,0.5051,0,0
6405,2021-12-18,143.67,195.55,1.0,1.0,-2.35,-13,21,1,1,0,-0.0,0.4949,1,0
6404,2021-12-18,8.38,170.8,-3.0,-1.0,-5.41,-3,28,1,1,0,0.0,0.5959,1,1
6404,2021-12-18,-8.38,170.8,3.0,1.0,5.41,3,-28,1,1,0,-0.0,0.4041,0,1
6403,2021-12-18,-41.37,194.58,-3.0,-0.0,-4.63,-18,-49,1,1,0,-0.0,0.5001,0,1
6403,2021-12-18,41.37,194.58,3.0,0.0,4.63,18,49,1,1,0,0.0,0.4999,1,1
6408,2021-12-18,-18.95,154.49,-1.0,-2.0,0.54,-4,84,1,1,0,-0.0,0.404,1,1
6419,2022-01-15,-80.59,193.89,-4.0,-5.0,0.23,-6,-56,1,1,0,0.0,0.5529,0,1
6425,2022-01-15,39.25,219.49,-3.0,-0.0,3.74,8,-161,1,0,0,0.0,0.4991,0,1
6425,2022-01-15,-39.25,219.49,3.0,0.0,-3.74,-8,161,0,1,0,-0.0,0.5009,1,1
6423,2022-01-15,-22.23,212.69,-3.0,-1.0,-7.93,-16,-91,1,1,0,-0.0,0.4329,0,1
6419,2022-01-15,80.59,193.89,4.0,5.0,-0.23,6,56,1,1,0,-0.0,0.4471,1,1
6423,2022-01-15,22.23,212.69,3.0,1.0,7.93,16,91,1,1,0,0.0,0.5671,1,1
6418,2022-01-15,21.75,235.56,1.0,4.0,-0.31,0,-168,1,1,0,-0.0,0.5384,1,0
6417,2022-01-15,-71.71,196.55,-0.0,1.0,-1.06,1,-70,1,1,0,-0.0,0.4602,0,1
6418,2022-01-15,-21.75,235.56,-1.0,-4.0,0.31,0,168,1,1,0,0.0,0.4616,0,0
6417,2022-01-15,71.71,196.55,0.0,-1.0,1.06,-1,70,1,1,0,0.0,0.5398,1,1
6416,2022-01-15,84.22,203.3,2.0,1.0,-0.42,-2,-224,1,1,0,0.0,0.5,0,1
6416,2022-01-15,-84.22,203.3,-2.0,-1.0,0.42,2,224,1,1,0,-0.0,0.5,1,1
6429,2022-01-22,-10.55,216.27,6.0,2.0,-2.4,-4,196,1,1,0,-0.0,0.5734,1,1
6429,2022-01-22,10.55,216.27,-6.0,-2.0,2.4,4,-196,1,1,0,0.0,0.4266,0,1
6427,2022-01-22,46.98,184.76,-2.0,-2.0,5.97,2,0,1,1,1,-0.2828,0.4606,1,1
6426,2022-01-22,-8.65,192.74,-2.0,-0.0,-3.6,-6,-133,1,1,1,0.2747,0.5281,0,1
6426,2022-01-22,8.65,192.74,2.0,0.0,3.6,6,133,1,1,1,-0.2747,0.4719,1,1
6427,2022-01-22,-46.98,184.76,2.0,2.0,-5.97,-2,0,1,1,1,0.2828,0.5394,0,1
6443,2022-02-05,-60.24,250.3,3.0,-1.0,2.28,-2,168,1,1,0,0.0,0.5376,1,0
6448,2022-02-05,-18.63,250.81,10.0,5.0,-3.69,-2,0,1,1,0,0.0,0.422,1,1
6448,2022-02-05,18.63,250.81,-10.0,-5.0,3.69,2,0,1,1,0,-0.0,0.578,0,1
6446,2022-02-05,-147.04,215.42,-2.0,1.0,-8.51,-10,-14,1,1,0,-0.0,0.511,0,1
6446,2022-02-05,147.04,215.42,2.0,-1.0,8.51,10,14,1,1,0,0.0,0.489,1,1
6444,2022-02-05,-15.83,224.11,-2.0,3.0,-0.5,-3,35,1,1,0,0.0,0.5,0,1
6444,2022-02-05,15.83,224.11,2.0,-3.0,0.5,3,-35,1,1,0,-0.0,0.5,1,1
6443,2022-02-05,60.24,250.3,-3.0,1.0,-2.28,2,-168,1,1,0,-0.0,0.4624,0,0
6440,2022-02-05,120.3,183.08,-0.0,-0.0,-9.65,-14,-98,0,1,0,-0.0,0.5192,1,0
6442,2022-02-05,-3.07,208.91,4.0,3.0,0.83,3,-84,1,1,0,-0.0,0.5829,1,0
6440,2022-02-05,-120.3,183.08,0.0,0.0,9.65,14,98,1,0,0,0.0,0.4808,0,0
6439,2022-02-05,-35.5,262.5,-1.0,-1.0,7.29,0,-84,1,1,0,-0.0,0.5247,0,1
6439,2022-02-05,35.5,262.5,1.0,1.0,-7.29,0,84,1,1,0,0.0,0.4753,1,1
6437,2022-02-05,55.1,175.32,-1.0,-0.0,-2.72,1,-70,1,1,0,0.0,0.4824,1,1
6437,2022-02-05,-55.1,175.32,1.0,0.0,2.72,-1,70,1,1,0,-0.0,0.5176,0,1
6442,2022-02-05,3.07,208.91,-4.0,-3.0,-0.83,-3,84,1,1,0,0.0,0.4171,0,0
6455,2022-02-12,143.58,193.69,-3.0,-1.0,13.27,32,-7,1,1,0,0.0,0.5602,1,1
6463,2022-02-12,-133.58,242.2,5.0,5.0,3.92,-1,280,1,0,0,-0.0,0.5,1,1
6463,2022-02-12,133.58,242.2,-5.0,-5.0,-3.92,1,-280,0,1,0,0.0,0.5,0,1
6461,2022-02-12,-48.78,230.06,-1.0,-1.0,-3.98,-7,77,1,1,0,-0.0,0.4608,0,1
6461,2022-02-12,48.78,230.06,1.0,1.0,3.98,7,-77,1,1,0,0.0,0.5392,1,1
6456,2022-02-12,-167.21,219.41,0.0,1.0,15.04,8,7,1,1,0,0.0,0.4621,0,1
6455,2022-02-12,-143.58,193.69,3.0,1.0,-13.27,-32,7,1,1,0,-0.0,0.4398,0,1
6454,2022-02-12,-29.92,184.06,1.0,-0.0,-8.95,-8,42,1,1,0,-0.0,0.4607,0,0
6456,2022-02-12,167.21,219.41,-0.0,-1.0,-15.04,-8,-7,1,1,0,-0.0,0.5379,1,1
6453,2022-02-12,3.75,195.4,-0.0,2.0,3.36,3,98,1,1,0,-0.0,0.5928,1,1
6453,2022-02-12,-3.75,195.4,0.0,-2.0,-3.36,-3,-98,1,1,0,0.0,0.4072,0,1
6452,2022-02-12,122.32,171.73,-0.0,2.0,0.2,7,-14,1,1,0,-0.0,0.5091,0,0
6452,2022-02-12,-122.32,171.73,0.0,-2.0,-0.2,-7,14,1,1,0,0.0,0.4909,1,0
6454,2022-02-12,29.92,184.06,-1.0,0.0,8.95,8,-42,1,1,0,0.0,0.5393,1,0
6451,2022-02-12,-101.49,171.33,-4.0,-1.0,-8.1,-13,7,1,1,0,0.0,0.5,1,0
6451,2022-02-12,101.49,171.33,4.0,1.0,8.1,13,-7,1,1,0,-0.0,0.5,0,0
6450,2022-02-12,-32.94,176.82,-7.0,-4.0,-1.41,5,56,1,1,1,-0.0739,0.5001,0,0
6450,2022-02-12,32.94,176.82,7.0,4.0,1.41,-5,-56,1,1,1,0.0739,0.4999,1,0
6470,2022-02-19,-54.9,241.4,4.0,1.0,-0.71,-4,21,1,1,0,-0.0,0.5497,1,1
6470,2022-02-19,54.9,241.4,-4.0,-1.0,0.71,4,-21,1,1,0,0.0,0.4503,0,1
6469,2022-02-19,-99.73,233.66,3.0,3.0,-5.98,-10,-98,0,1,0,0.0,0.4992,1,0
6469,2022-02-19,99.73,233.66,-3.0,-3.0,5.98,10,98,1,0,0,-0.0,0.5008,0,0
6468,2022-02-19,-5.2,213.64,-3.0,-0.0,8.71,4,21,1,1,0,0.0,0.5,0,0
6465,2022-02-19,19.02,244.61,4.0,-0.0,4.5,1,-252,0,0,0,-0.0,0.4588,0,0
6465,2022-02-19,-19.02,244.61,-4.0,0.0,-4.5,-1,252,0,0,0,0.0,0.5412,1,0
6464,2022-02-19,15.09,221.17,-3.0,-2.0,0.87,-3,-63,1,1,0,-0.0,0.4402,1,0
6464,2022-02-19,-15.09,221.17,3.0,2.0,-0.87,3,63,1,1,0,0.0,0.5598,0,0
6468,2022-02-19,5.2,213.64,3.0,0.0,-8.71,-4,-21,1,1,0,-0.0,0.5,1,0
6481,2022-02-26,-31.63,263.63,-5.0,-6.0,-2.53,0,-28,1,1,0,0.0,0.4623,0,1
6484,2022-02-26,42.17,195.01,-3.0,-2.0,4.63,2,21,0,1,0,-0.0,0.5474,0,0
6483,2022-02-26,-12.89,263.97,2.0,3.0,-2.51,2,0,1,1,0,0.0,0.4278,0,0
6483,2022-02-26,12.89,263.97,-2.0,-3.0,2.51,-2,0,1,1,0,-0.0,0.5722,1,0
6484,2022-02-26,-42.17,195.01,3.0,2.0,-4.63,-2,-21,1,0,0,0.0,0.4526,1,0
6481,2022-02-26,31.63,263.63,5.0,6.0,2.53,0,28,1,1,0,-0.0,0.5377,1,1
6479,2022-02-26,-29.11,227.35,5.0,8.0,3.61,0,-56,1,1,0,-0.0,0.5093,0,1
6477,2022-02-26,-90.95,206.3,-5.0,-3.0,-9.4,-6,35,1,1,0,0.0,0.4982,1,1
6478,2022-02-26,-32.55,214.61,-7.0,-0.0,1.16,-1,-98,1,1,0,-0.0,0.5,1,1
6478,2022-02-26,32.55,214.61,7.0,0.0,-1.16,1,98,1,1,0,0.0,0.5,0,1
6477,2022-02-26,90.95,206.3,5.0,3.0,9.4,6,-35,1,1,0,-0.0,0.5018,0,1
6476,2022-02-26,-158.22,174.67,1.0,-0.0,5.13,6,-105,0,0,0,0.0,0.5463,0,0
6476,2022-02-26,158.22,174.67,-1.0,0.0,-5.13,-6,105,0,0,0,-0.0,0.4537,1,0
6479,2022-02-26,29.11,227.35,-5.0,-8.0,-3.61,0,56,1,1,0,0.0,0.4907,1,1
6494,2022-03-05,23.9,238.52,5.0,5.0,2.23,2,-21,1,1,0,-0.0,0.5379,0,0
6495,2022-03-05,30.48,227.39,-1.0,1.0,5.58,5,574,1,1,0,0.0,0.5203,1,0
6495,2022-03-05,-30.48,227.39,1.0,-1.0,-5.58,-5,-574,1,1,0,-0.0,0.4797,0,0
6499,2022-03-05,24.37,213.07,-2.0,-3.0,-6.89,0,7,1,1,0,-0.0,0.5,0,0
6496,2022-03-05,41.86,229.96,-3.0,-2.0,9.37,12,-360,1,0,0,0.0,0.4755,0,0
6497,2022-03-05,118.31,218.04,4.0,-0.0,-4.62,-14,-21,1,1,0,0.0,0.499,0,1
6497,2022-03-05,-118.31,218.04,-4.0,0.0,4.62,14,21,1,1,0,-0.0,0.501,1,1
6498,2022-03-05,62.91,238.32,4.0,2.0,1.57,2,14,1,0,0,-0.0,0.4999,0,0
6498,2022-03-05,-62.91,238.32,-4.0,-2.0,-1.57,-2,-14,0,1,0,0.0,0.5001,1,0
6499,2022-03-05,-24.37,213.07,2.0,3.0,6.89,0,-7,1,1,0,0.0,0.5,1,0
6494,2022-03-05,-23.9,238.52,-5.0,-5.0,-2.23,-2,21,1,1,0,0.0,0.4621,1,0
6496,2022-03-05,-41.86,229.96,3.0,2.0,-9.37,-12,360,0,1,0,-0.0,0.5245,1,0
6493,2022-03-05,1.93,206.38,-2.0,-1.0,-2.13,1,140,1,1,0,0.0,0.4999,0,1
6490,2022-03-05,-55.73,170.69,-5.0,-4.0,4.71,8,-175,1,0,0,-0.0,0.5054,0,1
6492,2022-03-05,-59.19,229.78,-3.0,-3.0,0.75,-2,-7,1,1,0,0.0,0.4279,0,0
6493,2022-03-05,-1.93,206.38,2.0,1.0,2.13,-1,-140,1,1,0,-0.0,0.5001,1,1
6487,2022-03-05,-92.18,165.99,2.0,-0.0,3.28,6,196,1,1,0,0.0,0.4806,0,1
6488,2022-03-05,51.57,161.52,-2.0,-3.0,4.57,18,455,0,0,0,0.0,0.502,1,0
6488,2022-03-05,-51.57,161.52,2.0,3.0,-4.57,-18,-455,0,0,0,-0.0,0.498,0,0
6489,2022-03-05,-30.17,187.54,5.0,1.0,8.7,21,-301,1,1,0,-0.0,0.404,0,0
6487,2022-03-05,92.18,165.99,-2.0,0.0,-3.28,-6,-196,1,1,0,-0.0,0.5194,1,1
6490,2022-03-05,55.73,170.69,5.0,4.0,-4.71,-8,175,0,1,0,0.0,0.4946,1,1
6491,2022-03-05,29.72,206.55,-2.0,-2.0,-6.49,-1,-56,1,1,0,0.0,0.5695,1,1
6491,2022-03-05,-29.72,206.55,2.0,2.0,6.49,1,56,1,1,0,-0.0,0.4305,0,1
6492,2022-03-05,59.19,229.78,3.0,3.0,-0.75,2,7,1,1,0,-0.0,0.5721,1,0
6489,2022-03-05,30.17,187.54,-5.0,-1.0,-8.7,-21,301,1,1,0,0.0,0.596,1,0
6505,2022-03-12,-75.91,263.5,5.0,4.0,2.02,-2,35,1,1,0,0.0,0.5,1,1
6511,2022-03-12,-39.91,258.79,-4.0,4.0,-6.79,-3,-21,1,1,0,0.0,0.5322,1,1
6511,2022-03-12,39.91,258.79,4.0,-4.0,6.79,3,21,1,1,0,-0.0,0.4678,0,1
6510,2022-03-12,7.59,226.62,-5.0,-4.0,-0.27,-2,-63,1,1,0,0.0,0.5215,1,0
6510,2022-03-12,-7.59,226.62,5.0,4.0,0.27,2,63,1,1,0,-0.0,0.4785,0,0
6507,2022-03-12,-10.21,193.77,-4.0,-0.0,-2.63,2,-105,1,1,0,-0.0,0.592,0,0
6507,2022-03-12,10.21,193.77,4.0,0.0,2.63,-2,105,1,1,0,0.0,0.408,1,0
6505,2022-03-12,75.91,263.5,-5.0,-4.0,-2.02,2,-35,1,1,0,-0.0,0.5,0,1
6504,2022-03-12,23.4,214.9,3.0,2.0,-5.91,-14,-259,1,1,0,-0.0,0.4709,0,0
6503,2022-03-12,-34.95,198.38,2.0,0.0,0.6,2,-133,1,1,0,0.0,0.4125,1,1
6503,2022-03-12,34.95,198.38,-2.0,-0.0,-0.6,-2,133,1,1,0,-0.0,0.5875,0,1
6502,2022-03-12,-69.69,188.43,2.0,1.0,4.91,20,-196,1,1,0,-0.0,0.4991,0,0
6502,2022-03-12,69.69,188.43,-2.0,-1.0,-4.91,-20,196,1,1,0,0.0,0.5009,1,0
6501,2022-03-12,81.82,194.54,-0.0,2.0,-9.6,-2,-49,1,1,0,0.0,0.5194,1,1
6501,2022-03-12,-81.82,194.54,0.0,-2.0,9.6,2,49,1,1,0,-0.0,0.4806,0,1
6500,2022-03-12,38.35,178.41,-1.0,1.0,-8.4,-14,-28,1,1,0,0.0,0.5,1,1
6500,2022-03-12,-38.35,178.41,1.0,-1.0,8.4,14,28,1,1,0,-0.0,0.5,0,1
6504,2022-03-12,-23.4,214.9,-3.0,-2.0,5.91,14,259,1,1,0,0.0,0.5291,1,0
6519,2022-03-19,168.27,250.67,-8.0,-6.0,-8.69,0,105,0,1,0,0.0,0.5368,1,1
6524,2022-03-19,109.83,279.02,-5.0,0.0,-6.6,0,252,1,0,0,0.0,0.5939,0,1
6522,2022-03-19,5.74,178.49,-1.0,-0.0,4.28,-3,-105,1,1,0,-0.0,0.512,1,1
6522,2022-03-19,-5.74,178.49,1.0,0.0,-4.28,3,105,1,1,0,0.0,0.488,0,1
6521,2022-03-19,1.03,223.14,8.0,-0.0,-10.69,-6,700,1,1,0,-0.0,0.5,1,0
6521,2022-03-19,-1.03,223.14,-8.0,0.0,10.69,6,-700,1,1,0,0.0,0.5,0,0
6524,2022-03-19,-109.83,279.02,5.0,-0.0,6.6,0,-252,0,1,0,-0.0,0.4061,1,1
6519,2022-03-19,-168.27,250.67,8.0,6.0,8.69,0,-105,1,0,0,-0.0,0.4632,0,1
6517,2022-03-19,-101.13,205.99,1.0,-1.0,-1.86,-9,-427,1,1,0,-0.0,0.4706,0,0
6518,2022-03-19,-47.91,224.95,-7.0,-2.0,3.1,3,42,1,1,0,0.0,0.5626,1,1
6514,2022-03-19,25.11,209.98,2.0,2.0,4.46,7,-56,1,1,0,0.0,0.5272,0,1
6514,2022-03-19,-25.11,209.98,-2.0,-2.0,-4.46,-7,56,1,1,0,-0.0,0.4728,1,1
6518,2022-03-19,47.91,224.95,7.0,2.0,-3.1,-3,-42,1,1,0,-0.0,0.4374,0,1
6515,2022-03-19,-106.92,183.98,5.0,4.0,3.94,10,-203,1,1,0,-0.0,0.497,0,0
6517,2022-03-19,101.13,205.99,-1.0,1.0,1.86,9,427,1,1,0,0.0,0.5294,1,0
6515,2022-03-19,106.92,183.98,-5.0,-4.0,-3.94,-10,203,1,1,0,0.0,0.503,1,0
6536,2022-03-26,-11.2,234.35,2.0,-1.0,0.59,-3,140,1,1,0,-0.0,0.5267,0,1
6536,2022-03-26,11.2,234.35,-2.0,1.0,-0.59,3,-140,1,1,0,0.0,0.4733,1,1
6531,2022-03-26,-45.52,236.55,4.0,-1.0,-1.19,9,63,1,1,0,0.0,0.5015,1,1
6535,2022-03-26,-98.06,226.31,-1.0,-3.0,1.37,5,-91,1,1,0,0.0,0.5529,0,1
6533,2022-03-26,-67.11,224.86,3.0,-2.0,1.8,-2,-7,1,1,0,-0.0,0.5,0,1
6533,2022-03-26,67.11,224.86,-3.0,2.0,-1.8,2,7,1,1,0,0.0,0.5,1,1
6532,2022-03-26,121.16,211.21,1.0,-1.0,-14.26,-8,-252,1,1,0,0.0,0.4055,0,1
6532,2022-03-26,-121.16,211.21,-1.0,1.0,14.26,8,252,1,1,0,-0.0,0.5945,1,1
6531,2022-03-26,45.52,236.55,-4.0,1.0,1.19,-9,-63,1,1,0,-0.0,0.4985,0,1
6535,2022-03-26,98.06,226.31,1.0,3.0,-1.37,-5,91,1,1,0,-0.0,0.4471,1,1
6530,2022-03-26,-168.56,165.89,-4.0,-4.0,1.68,-13,-63,1,1,0,0.0,0.404,0,1
6529,2022-03-26,-30.25,220.04,2.0,-2.0,-0.46,5,-280,1,1,0,-0.0,0.5,1,1
6529,2022-03-26,30.25,220.04,-2.0,2.0,0.46,-5,280,1,1,0,0.0,0.5,0,1
6528,2022-03-26,-30.36,161.27,-3.0,-0.0,-8.31,-15,-168,1,1,0,0.0,0.5035,1,0
6528,2022-03-26,30.36,161.27,3.0,0.0,8.31,15,168,1,1,0,-0.0,0.4965,0,0
6527,2022-03-26,63.24,188.46,1.0,-1.0,-7.63,-6,280,1,1,0,0.0,0.5093,1,1
6527,2022-03-26,-63.24,188.46,-1.0,1.0,7.63,6,-280,1,1,0,-0.0,0.4907,0,1
6526,2022-03-26,-82.71,200.42,-4.0,-1.0,1.4,-8,-84,1,1,0,-0.0,0.5,0,1
6526,2022-03-26,82.71,200.42,4.0,1.0,-1.4,8,84,1,1,0,0.0,0.5,1,1
6530,2022-03-26,168.56,165.89,4.0,4.0,-1.68,13,63,1,1,0,-0.0,0.596,1,1
6542,2022-04-09,34.85,222.29,0.0,2.0,1.83,6,0,1,1,0,0.0,0.5001,0,1
6547,2022-04-09,122.3,204.5,0.0,-2.0,14.89,11,238,1,1,0,-0.0,0.4979,1,1
6545,2022-04-09,46.37,194.59,1.0,1.0,6.48,9,-63,1,1,0,0.0,0.5623,1,1
6547,2022-04-09,-122.3,204.5,-0.0,2.0,-14.89,-11,-238,1,1,0,0.0,0.5021,0,1
6542,2022-04-09,-34.85,222.29,-0.0,-2.0,-1.83,-6,0,1,1,0,-0.0,0.4999,1,1
6541,2022-04-09,-11.2,189.43,-3.0,-3.0,3.6,6,63,1,1,0,0.0,0.4864,0,1
6545,2022-04-09,-46.37,194.59,-1.0,-1.0,-6.48,-9,63,1,1,0,-0.0,0.4377,0,1
6540,2022-04-09,-67.67,200.62,4.0,4.0,-7.78,-13,-112,1,1,0,-0.0,0.5022,1,1
6540,2022-04-09,67.67,200.62,-4.0,-4.0,7.78,13,112,1,1,0,0.0,0.4978,0,1
6539,2022-04-09,6.44,182.25,-4.0,-0.0,-3.53,-6,-238,1,1,1,-0.0889,0.4039,0,0
6539,2022-04-09,-6.44,182.25,4.0,0.0,3.53,6,238,1,1,1,0.0889,0.5961,1,0
6538,2022-04-09,-164.74,189.69,1.0,1.0,1.54,0,98,1,1,1,-0.5,0.5388,0,1
6538,2022-04-09,164.74,189.69,-1.0,-1.0,-1.54,0,-98,1,1,1,0.5,0.4612,1,1
6541,2022-04-09,11.2,189.43,3.0,3.0,-3.6,-6,-63,1,1,0,-0.0,0.5136,1,1
6562,2022-04-16,54.13,264.64,2.0,-1.0,-0.07,-2,35,1,1,0,-0.0,0.4387,0,1
6559,2022-04-16,-91.95,249.49,-0.0,3.0,8.61,0,2694,1,1,0,-0.0,0.4041,0,0
6559,2022-04-16,91.95,249.49,0.0,-3.0,-8.61,0,-2694,1,1,0,0.0,0.5959,1,0
6557,2022-04-16,80.22,210.32,1.0,-0.0,-9.74,-2,-602,1,1,0,0.0,0.5001,1,1
6557,2022-04-16,-80.22,210.32,-1.0,0.0,9.74,2,602,1,1,0,-0.0,0.4999,0,1
6556,2022-04-16,29.06,205.73,-2.0,-2.0,2.02,-7,-147,1,0,0,0.0,0.5,0,1
6562,2022-04-16,-54.13,264.64,-2.0,1.0,0.07,2,-35,1,1,0,0.0,0.5613,1,1
6553,2022-04-16,-90.9,232.98,-0.0,2.0,-4.66,0,273,1,0,0,0.0,0.4857,0,1
6553,2022-04-16,90.9,232.98,0.0,-2.0,4.66,0,-273,0,1,0,-0.0,0.5143,1,1
6552,2022-04-16,-108.07,252.49,-0.0,-2.0,-1.62,-4,-70,1,1,0,0.0,0.4626,1,1
6552,2022-04-16,108.07,252.49,0.0,2.0,1.62,4,70,1,1,0,-0.0,0.5374,0,1
6550,2022-04-16,-32.69,169.76,-3.0,-0.0,3.38,-3,-133,1,1,0,0.0,0.5217,1,1
6550,2022-04-16,32.69,169.76,3.0,0.0,-3.38,3,133,1,1,0,-0.0,0.4783,0,1
6556,2022-04-16,-29.06,205.73,2.0,2.0,-2.02,7,147,0,1,0,-0.0,0.5,1,1
6573,2022-04-23,-46.22,244.47,5.0,-1.0,2.91,-3,364,0,1,0,0.0,0.5001,1,1
6573,2022-04-23,46.22,244.47,-5.0,1.0,-2.91,3,-364,1,0,0,-0.0,0.4999,0,1
6570,2022-04-23,-143.36,222.44,-6.0,-2.0,7.45,-1,-1057,1,1,0,-0.0,0.4597,0,1
6570,2022-04-23,143.36,222.44,6.0,2.0,-7.45,1,1057,1,1,0,0.0,0.5403,1,1
6568,2022-04-23,-46.51,229.51,-3.0,-1.0,1.63,2,-56,0,0,0,0.0,0.5386,1,1
6568,2022-04-23,46.51,229.51,3.0,1.0,-1.63,-2,56,0,0,0,-0.0,0.4614,0,1
6567,2022-04-23,-11.27,198.82,-2.0,-0.0,-3.7,-3,-217,1,1,0,-0.0,0.5001,1,0
6567,2022-04-23,11.27,198.82,2.0,0.0,3.7,3,217,1,1,0,0.0,0.4999,0,0
6566,2022-04-23,-13.4,212.11,-3.0,-2.0,-3.26,-1,-49,1,1,0,0.0,0.4058,1,0
6565,2022-04-23,76.78,188.82,2.0,3.0,-14.37,-28,0,1,1,0,-0.0,0.5002,1,0
6565,2022-04-23,-76.78,188.82,-2.0,-3.0,14.37,28,0,1,1,0,0.0,0.4998,0,0
6564,2022-04-23,5.85,188.47,-3.0,-3.0,-4.34,14,84,1,1,0,0.0,0.5029,1,0
6564,2022-04-23,-5.85,188.47,3.0,3.0,4.34,-14,-84,1,1,0,-0.0,0.4971,0,0
6566,2022-04-23,13.4,212.11,3.0,2.0,3.26,1,49,1,1,0,-0.0,0.5942,0,0
6578,2022-04-30,95.27,212.8,4.0,1.0,-5.46,-4,196,1,1,0,-0.0,0.5956,1,0
6581,2022-04-30,-281.45,213.81,3.0,2.0,1.07,7,-98,1,1,0,0.0,0.4039,0,0
6581,2022-04-30,281.45,213.81,-3.0,-2.0,-1.07,-7,98,1,1,0,-0.0,0.5961,1,0
6580,2022-04-30,-40.56,171.49,-0.0,-0.0,1.67,0,-77,1,1,0,-0.0,0.5033,0,1
6580,2022-04-30,40.56,171.49,0.0,0.0,-1.67,0,77,1,1,0,0.0,0.4967,1,1
6578,2022-04-30,-95.27,212.8,-4.0,-1.0,5.46,4,-196,1,1,0,0.0,0.4044,0,0
6576,2022-04-30,125.85,164.84,-1.0,0.0,9.72,26,-28,1,1,0,-0.0,0.5074,1,1
6577,2022-04-30,127.76,223.45,2.0,3.0,4.63,15,441,1,1,0,-0.0,0.4945,0,1
6576,2022-04-30,-125.85,164.84,1.0,-0.0,-9.72,-26,28,1,1,0,0.0,0.4926,0,1
6575,2022-04-30,-28.56,169.55,-1.0,-0.0,-5.44,5,28,1,1,0,-0.0,0.4969,1,0
6575,2022-04-30,28.56,169.55,1.0,0.0,5.44,-5,-28,1,1,0,0.0,0.5031,0,0
6577,2022-04-30,-127.76,223.45,-2.0,-3.0,-4.63,-15,-441,1,1,0,0.0,0.5055,1,1
6598,2022-05-07,-27.28,243.89,-0.0,-0.0,-0.8,1,-35,1,1,0,0.0,0.5213,1,1
6598,2022-05-07,27.28,243.89,0.0,0.0,0.8,-1,35,1,1,0,-0.0,0.4787,0,1
6596,2022-05-07,-26.25,255.96,4.0,-0.0,-2.39,-1,-245,1,1,0,-0.0,0.4999,0,1
6596,2022-05-07,26.25,255.96,-4.0,0.0,2.39,1,245,1,1,0,0.0,0.5001,1,1
6594,2022-05-07,58.86,203.23,2.0,2.0,1.29,8,-532,1,1,0,-0.0,0.5395,0,0
6594,2022-05-07,-58.86,203.23,-2.0,-2.0,-1.29,-8,532,1,1,0,0.0,0.4605,1,0
6593,2022-05-07,22.49,214.17,2.0,-1.0,2.58,3,360,1,1,0,0.0,0.5093,0,0
6593,2022-05-07,-22.49,214.17,-2.0,1.0,-2.58,-3,-360,1,1,0,-0.0,0.4907,1,0
6592,2022-05-07,24.61,226.4,-5.0,-4.0,0.82,-2,63,1,1,0,0.0,0.4051,0,1
6592,2022-05-07,-24.61,226.4,5.0,4.0,-0.82,2,-63,1,1,0,-0.0,0.5949,1,1
6591,2022-05-07,-97.01,169.95,4.0,4.0,-8.89,-13,7,1,1,0,-0.0,0.4863,0,1
6590,2022-05-07,12.44,204.9,-1.0,-3.0,-3.73,-7,-35,1,1,0,0.0,0.4404,0,1
6586,2022-05-07,51.71,172.98,4.0,-1.0,-0.92,20,-35,1,1,0,-0.0,0.4984,1,1
6591,2022-05-07,97.01,169.95,-4.0,-4.0,8.89,13,-7,1,1,0,0.0,0.5137,1,1
6587,2022-05-07,74.08,180.71,2.0,4.0,-4.72,-1,-168,1,1,1,-0.2756,0.4943,0,1
6587,2022-05-07,-74.08,180.71,-2.0,-4.0,4.72,1,168,1,1,1,0.2756,0.5057,1,1
6586,2022-05-07,-51.71,172.98,-4.0,1.0,0.92,-20,35,1,1,0,0.0,0.5016,0,1
6588,2022-05-07,238.82,206.02,5.0,3.0,2.2,16,175,1,1,0,0.0,0.583,0,1
6589,2022-05-07,14.23,151.63,-4.0,-2.0,1.37,-3,217,1,1,0,-0.0,0.4504,0,0
6589,2022-05-07,-14.23,151.63,4.0,2.0,-1.37,3,-217,1,1,0,0.0,0.5496,1,0
6590,2022-05-07,-12.44,204.9,1.0,3.0,3.73,7,35,1,1,0,-0.0,0.5596,1,1
6588,2022-05-07,-238.82,206.02,-5.0,-3.0,-2.2,-16,-175,1,1,0,-0.0,0.417,1,1
6606,2022-05-14,-13.82,209.92,1.0,2.0,-2.23,2,-182,1,1,0,-0.0,0.5635,0,1
6608,2022-05-14,-63.08,189.56,-0.0,-0.0,3.38,13,-49,1,1,0,0.0,0.4832,0,1
6608,2022-05-14,63.08,189.56,0.0,0.0,-3.38,-13,49,1,1,0,-0.0,0.5168,1,1
6607,2022-05-14,46.56,176.86,1.0,1.0,2.88,-16,147,1,1,0,0.0,0.5003,0,1
6607,2022-05-14,-46.56,176.86,-1.0,-1.0,-2.88,16,-147,1,1,0,-0.0,0.4997,1,1
6606,2022-05-14,13.82,209.92,-1.0,-2.0,2.23,-2,182,1,1,0,0.0,0.4365,1,1
6603,2022-05-14,0.77,196.17,-2.0,-5.0,-4.66,-8,77,1,1,0,-0.0,0.5959,0,1
6602,2022-05-14,30.92,183.97,-1.0,1.0,-5.57,7,-14,1,1,0,-0.0,0.5073,0,1
6602,2022-05-14,-30.92,183.97,1.0,-1.0,5.57,-7,14,1,1,0,0.0,0.4927,1,1
6601,2022-05-14,-85.81,197.19,-4.0,-4.0,-2.31,3,0,1,1,0,0.0,0.5637,0,0
6601,2022-05-14,85.81,197.19,4.0,4.0,2.31,-3,0,1,1,0,-0.0,0.4363,1,0
6600,2022-05-14,8.14,186.39,-0.0,2.0,-8.95,-10,238,1,1,0,0.0,0.4449,0,1
6600,2022-05-14,-8.14,186.39,0.0,-2.0,8.95,10,-238,1,1,0,-0.0,0.5551,1,1
6603,2022-05-14,-0.77,196.17,2.0,5.0,4.66,8,-77,1,1,0,0.0,0.4041,1,1
6619,2022-05-21,-73.05,207.66,-0.0,-1.0,3.44,-3,84,1,1,0,-0.0,0.5001,0,0
6618,2022-05-21,52.32,244.17,2.0,-2.0,7.52,3,0,1,1,0,0.0,0.4999,0,0
6618,2022-05-21,-52.32,244.17,-2.0,2.0,-7.52,-3,0,1,1,0,-0.0,0.5001,1,0
6619,2022-05-21,73.05,207.66,0.0,1.0,-3.44,3,-84,1,1,0,0.0,0.4999,1,0
6621,2022-05-21,71.69,250.74,-1.0,-2.0,-0.44,-2,28,1,1,0,-0.0,0.4387,0,1
6620,2022-05-21,-1.98,231.84,-5.0,-5.0,5.45,1,-119,1,1,0,0.0,0.4049,0,0
6617,2022-05-21,7.64,258.77,-4.0,-3.0,6.18,3,-14,1,0,0,0.0,0.4303,0,1
6621,2022-05-21,-71.69,250.74,1.0,2.0,0.44,2,-28,1,1,0,0.0,0.5613,1,1
6620,2022-05-21,1.98,231.84,5.0,5.0,-5.45,-1,119,1,1,0,-0.0,0.5951,1,0
6617,2022-05-21,-7.64,258.77,4.0,3.0,-6.18,-3,14,0,1,0,-0.0,0.5697,1,1
6615,2022-05-21,16.88,204.7,2.0,3.0,3.85,7,-49,1,1,0,-0.0,0.4084,0,0
6614,2022-05-21,15.45,241.53,-6.0,-4.0,-2.69,-4,-252,1,1,0,0.0,0.5056,1,1
6614,2022-05-21,-15.45,241.53,6.0,4.0,2.69,4,252,1,1,0,-0.0,0.4944,0,1
6613,2022-05-21,-66.58,258.58,-6.0,-2.0,-5.38,3,63,1,1,0,0.0,0.5681,0,1
6613,2022-05-21,66.58,258.58,6.0,2.0,5.38,-3,-63,1,1,0,-0.0,0.4319,1,1
6612,2022-05-21,-65.98,192.66,-0.0,1.0,-7.03,-7,-42,1,1,0,0.0,0.5504,1,1
6612,2022-05-21,65.98,192.66,0.0,-1.0,7.03,7,42,1,1,0,-0.0,0.4496,0,1
6611,2022-05-21,29.05,193.39,-1.0,-0.0,-9.86,-4,-413,1,1,0,0.0,0.5911,1,0
6611,2022-05-21,-29.05,193.39,1.0,0.0,9.86,4,413,1,1,0,-0.0,0.4089,0,0
6615,2022-05-21,-16.88,204.7,-2.0,-3.0,-3.85,-7,49,1,1,0,0.0,0.5916,1,0
6632,2022-06-04,-45.54,245.28,2.0,4.0,-1.39,-3,168,1,1,0,0.0,0.5957,0,1
6635,2022-06-04,12.8,227.54,1.0,1.0,6.59,8,-91,1,1,0,-0.0,0.4039,0,0
6632,2022-06-04,45.54,245.28,-2.0,-4.0,1.39,3,-168,1,1,0,-0.0,0.4043,1,1
6628,2022-06-04,-40.8,190.03,-1.0,-1.0,-1.07,3,-357,1,1,0,0.0,0.4851,1,1
6635,2022-06-04,-12.8,227.54,-1.0,-1.0,-6.59,-8,91,1,1,0,0.0,0.5961,1,0
6623,2022-06-04,83.69,205.51,1.0,-0.0,-2.52,-6,182,1,1,0,0.0,0.4536,1,1
6623,2022-06-04,-83.69,205.51,-1.0,0.0,2.52,6,-182,1,1,0,-0.0,0.5464,0,1
6622,2022-06-04,-14.81,187.24,-2.0,-5.0,0.61,-3,175,1,1,0,-0.0,0.4598,0,1
6622,2022-06-04,14.81,187.24,2.0,5.0,-0.61,3,-175,1,1,0,0.0,0.5402,1,1
6628,2022-06-04,40.8,190.03,1.0,1.0,1.07,-3,357,1,1,0,-0.0,0.5149,0,1
6644,2022-06-11,-56.4,212.36,-3.0,-2.0,-1.82,-5,-126,1,1,0,-0.0,0.4379,0,1
6644,2022-06-11,56.4,212.36,3.0,2.0,1.82,5,126,1,1,0,0.0,0.5621,1,1
6640,2022-06-11,62.9,246.63,3.0,-1.0,9.3,6,98,1,1,0,0.0,0.4624,0,0
6643,2022-06-11,-103.9,227.07,-2.0,-5.0,0.34,-5,-7,1,1,0,0.0,0.408,0,1
6643,2022-06-11,103.9,227.07,2.0,5.0,-0.34,5,7,1,1,0,-0.0,0.592,1,1
6641,2022-06-11,-12.72,233.52,-1.0,-2.0,-1.55,-4,154,1,1,0,-0.0,0.5369,1,1
6641,2022-06-11,12.72,233.52,1.0,2.0,1.55,4,-154,1,1,0,0.0,0.4631,0,1
6640,2022-06-11,-62.9,246.63,-3.0,1.0,-9.3,-6,-98,1,1,0,-0.0,0.5376,1,0
6636,2022-06-11,-118.47,209.28,4.0,1.0,-12.96,-19,182,1,1,1,-0.2857,0.505,1,1
6639,2022-06-11,-69.28,210.74,1.0,1.0,0.37,-12,-427,1,1,0,-0.0,0.4096,0,1
6638,2022-06-11,30.34,192.56,2.0,2.0,1.99,7,609,1,1,0,0.0,0.4058,0,0
6638,2022-06-11,-30.34,192.56,-2.0,-2.0,-1.99,-7,-609,1,1,0,-0.0,0.5942,1,0
6637,2022-06-11,-152.76,204.02,2.0,1.0,-5.29,-8,-56,1,1,1,0.2615,0.4392,0,0
6637,2022-06-11,152.76,204.02,-2.0,-1.0,5.29,8,56,1,1,1,-0.2615,0.5608,1,0
6636,2022-06-11,118.47,209.28,-4.0,-1.0,12.96,19,-182,1,1,1,0.2857,0.495,0,1
6639,2022-06-11,69.28,210.74,-1.0,-1.0,-0.37,12,427,1,1,0,0.0,0.5904,1,1
6659,2022-06-18,-53.46,237.89,-0.0,-0.0,-4.62,0,-259,1,1,0,-0.0,0.5411,0,0
6659,2022-06-18,53.46,237.89,0.0,0.0,4.62,0,259,1,1,0,0.0,0.4589,1,0
6658,2022-06-18,-89.32,237.85,-7.0,-6.0,-0.43,0,322,1,1,0,0.0,0.5,0,1
6658,2022-06-18,89.32,237.85,7.0,6.0,0.43,0,-322,1,1,0,-0.0,0.5,1,1
6657,2022-06-18,93.2,181.68,-5.0,-1.0,-5.37,-6,-336,1,1,0,0.0,0.5003,1,1
6657,2022-06-18,-93.2,181.68,5.0,1.0,5.37,6,336,1,1,0,-0.0,0.4997,0,1
6654,2022-06-18,77.88,212.7,-1.0,-2.0,-1.88,-17,-28,1,1,0,-0.0,0.4974,1,0
6654,2022-06-18,-77.88,212.7,1.0,2.0,1.88,17,28,1,1,0,0.0,0.5026,0,0
6650,2022-06-18,-96.91,260.12,-2.0,1.0,-0.93,-3,217,1,1,0,-0.0,0.4999,0,1
6651,2022-06-18,16.08,242.85,-3.0,-1.0,1.78,1,322,1,1,0,-0.0,0.4995,0,1
6650,2022-06-18,96.91,260.12,2.0,-1.0,0.93,3,-217,1,1,0,0.0,0.5001,1,1
6648,2022-06-18,38.86,164.88,6.0,1.0,-8.71,-10,-252,1,1,0,-0.0,0.5113,1,1
6648,2022-06-18,-38.86,164.88,-6.0,-1.0,8.71,10,252,1,1,0,0.0,0.4887,0,1
6647,2022-06-18,22.56,190.11,-2.0,-5.0,3.06,0,35,1,1,0,-0.0,0.5,1,1
6647,2022-06-18,-22.56,190.11,2.0,5.0,-3.06,0,-35,1,1,0,0.0,0.5,0,1
6651,2022-06-18,-16.08,242.85,3.0,1.0,-1.78,-1,-322,1,1,0,0.0,0.5005,1,1
6667,2022-06-25,17.73,250.65,3.0,1.0,3.95,2,-56,1,1,0,-0.0,0.5959,0,0
6671,2022-06-25,-4.93,250.06,6.0,1.0,3.34,2,175,1,1,0,0.0,0.4613,0,0
6668,2022-06-25,69.65,234.3,2.0,2.0,-6.34,3,63,1,1,0,0.0,0.4997,0,1
6666,2022-06-25,6.62,250.06,-0.0,-4.0,-3.93,2,-28,1,1,0,0.0,0.462,0,1
6670,2022-06-25,25.74,202.57,-3.0,-3.0,6.87,9,-14,1,1,0,-0.0,0.4756,0,1
6670,2022-06-25,-25.74,202.57,3.0,3.0,-6.87,-9,14,1,1,0,0.0,0.5244,1,1
6671,2022-06-25,4.93,250.06,-6.0,-1.0,-3.34,-2,-175,1,1,0,-0.0,0.5387,1,0
6668,2022-06-25,-69.65,234.3,-2.0,-2.0,6.34,-3,-63,1,1,0,-0.0,0.5003,1,1
6666,2022-06-25,-6.62,250.06,0.0,4.0,3.93,-2,28,1,1,0,-0.0,0.538,1,1
6667,2022-06-25,-17.73,250.65,-3.0,-1.0,-3.95,-2,56,1,1,0,0.0,0.4041,1,0
6665,2022-06-25,65.19,251.9,2.0,-2.0,2.2,-2,-140,1,1,0,0.0,0.4789,1,1
6664,2022-06-25,-25.35,255.31,-3.0,-2.0,-4.52,-1,-168,1,1,0,-0.0,0.521,1,1
6664,2022-06-25,25.35,255.31,3.0,2.0,4.52,1,168,1,1,0,0.0,0.479,0,1
6663,2022-06-25,-39.99,199.09,1.0,1.0,5.16,2,56,1,1,0,-0.0,0.5066,0,1
6663,2022-06-25,39.99,199.09,-1.0,-1.0,-5.16,-2,-56,1,1,0,0.0,0.4934,1,1
6661,2022-06-25,-53.56,197.96,-3.0,-2.0,-7.22,-23,49,1,1,0,-0.0,0.4342,1,1
6661,2022-06-25,53.56,197.96,3.0,2.0,7.22,23,-49,1,1,0,0.0,0.5658,0,1
6660,2022-06-25,-67.86,227.92,-2.0,3.0,5.83,-2,70,1,1,0,-0.0,0.5002,1,0
6660,2022-06-25,67.86,227.92,2.0,-3.0,-5.83,2,-70,1,1,0,0.0,0.4998,0,0
6665,2022-06-25,-65.19,251.9,-2.0,2.0,-2.2,2,140,1,1,0,-0.0,0.5211,0,1
6679,2022-07-02,-28.76,257.43,-1.0,-5.0,4.54,1,-21,1,1,0,0.0,0.5377,0,0
6680,2022-07-02,63.05,209.37,-2.0,0.0,6.07,18,0,1,1,0,0.0,0.4433,0,0
6680,2022-07-02,-63.05,209.37,2.0,-0.0,-6.07,-18,0,1,1,0,-0.0,0.5567,1,0
6681,2022-07-02,-68.66,199.85,1.0,-1.0,5.55,14,133,1,1,0,0.0,0.4091,0,0
6683,2022-07-02,-161.44,225.57,2.0,2.0,-5.36,-3,14,1,1,0,0.0,0.5756,1,1
6682,2022-07-02,-155.0,194.11,1.0,1.0,11.81,8,287,1,1,0,0.0,0.5001,0,0
6682,2022-07-02,155.0,194.11,-1.0,-1.0,-11.81,-8,-287,1,1,0,-0.0,0.4999,1,0
6683,2022-07-02,161.44,225.57,-2.0,-2.0,5.36,3,-14,1,1,0,-0.0,0.4244,0,1
6679,2022-07-02,28.76,257.43,1.0,5.0,-4.54,-1,21,1,1,0,-0.0,0.4623,1,0
6681,2022-07-02,68.66,199.85,-1.0,1.0,-5.55,-14,-133,1,1,0,-0.0,0.5909,1,0
6678,2022-07-02,57.81,136.54,2.0,5.0,0.42,-3,287,1,0,0,-0.0,0.4906,0,0
6677,2022-07-02,-31.4,219.09,6.0,8.0,-3.63,2,-91,1,1,0,-0.0,0.5721,1,0
6672,2022-07-02,-205.49,180.85,-3.0,-5.0,5.35,1,0,1,1,1,-0.2821,0.5,0,1
6677,2022-07-02,31.4,219.09,-6.0,-8.0,3.63,-2,91,1,1,0,0.0,0.4279,0,0
6675,2022-07-02,-72.79,163.38,-2.0,1.0,-7.12,-9,-182,1,1,0,0.0,0.5412,1,1
6675,2022-07-02,72.79,163.38,2.0,-1.0,7.12,9,182,1,1,0,-0.0,0.4588,0,1
6674,2022-07-02,-127.96,216.76,3.0,3.0,3.64,-13,-35,1,1,0,-0.0,0.462,1,1
6674,2022-07-02,127.96,216.76,-3.0,-3.0,-3.64,13,35,1,1,0,0.0,0.538,0,1
6673,2022-07-02,-82.35,166.8,-2.0,5.0,-3.18,14,147,1,1,1,-0.1164,0.5388,0,1
6673,2022-07-02,82.35,166.8,2.0,-5.0,3.18,-14,-147,1,1,1,0.1164,0.4612,1,1
6678,2022-07-02,-57.81,136.54,-2.0,-5.0,-0.42,3,-287,0,1,0,0.0,0.5094,1,0
6672,2022-07-02,205.49,180.85,3.0,5.0,-5.35,-1,0,1,1,1,0.2821,0.5,1,1
6690,2022-07-09,45.23,271.44,-3.0,0.0,0.1,1,-35,1,1,0,-0.0,0.5362,1,0
6690,2022-07-09,-45.23,271.44,3.0,-0.0,-0.1,-1,35,1,1,0,0.0,0.4638,0,0
6691,2022-07-09,8.78,192.63,0.0,1.0,2.45,-7,42,1,1,0,-0.0,0.5055,1,0
6689,2022-07-09,-64.14,188.77,1.0,2.0,-8.2,-20,70,1,1,0,-0.0,0.5,1,0
6693,2022-07-09,15.47,207.49,9.0,4.0,-1.69,-3,7,1,1,0,0.0,0.4822,1,1
6693,2022-07-09,-15.47,207.49,-9.0,-4.0,1.69,3,-7,1,1,0,-0.0,0.5178,0,1
6691,2022-07-09,-8.78,192.63,-0.0,-1.0,-2.45,7,-42,1,1,0,0.0,0.4945,0,0
6689,2022-07-09,64.14,188.77,-1.0,-2.0,8.2,20,-70,1,1,0,0.0,0.5,0,0
6688,2022-07-09,47.45,259.07,3.0,1.0,-5.54,-3,-189,1,1,0,0.0,0.5,0,1
6687,2022-07-09,-45.94,207.63,-2.0,-0.0,2.49,7,-21,1,1,0,0.0,0.5,1,1
6687,2022-07-09,45.94,207.63,2.0,0.0,-2.49,-7,21,1,1,0,-0.0,0.5,0,1
6686,2022-07-09,66.15,208.99,2.0,1.0,-6.79,-5,21,1,1,0,-0.0,0.5066,1,1
6686,2022-07-09,-66.15,208.99,-2.0,-1.0,6.79,5,-21,1,1,0,0.0,0.4934,0,1
6685,2022-07-09,14.56,280.3,-4.0,2.0,2.2,0,49,1,1,0,-0.0,0.4191,0,0
6685,2022-07-09,-14.56,280.3,4.0,-2.0,-2.2,0,-49,1,1,0,0.0,0.5809,1,0
6684,2022-07-09,-40.35,177.94,1.0,-0.0,-8.36,-25,91,1,1,0,-0.0,0.4045,1,0
6684,2022-07-09,40.35,177.94,-1.0,0.0,8.36,25,-91,1,1,0,0.0,0.5955,0,0
6688,2022-07-09,-47.45,259.07,-3.0,-1.0,5.54,3,189,1,1,0,-0.0,0.5,1,1
6701,2022-07-16,69.99,232.13,-4.0,3.0,-5.31,-1,35,1,1,0,0.0,0.4999,1,0
6701,2022-07-16,-69.99,232.13,4.0,-3.0,5.31,1,-35,1,1,0,-0.0,0.5001,0,0
6702,2022-07-16,-1.3,212.62,-2.0,-2.0,2.43,4,91,1,1,0,-0.0,0.505,1,1
6702,2022-07-16,1.3,212.62,2.0,2.0,-2.43,-4,-91,1,1,0,0.0,0.495,0,1
6703,2022-07-16,-24.75,243.6,0.0,3.0,-1.35,1,-518,1,1,0,0.0,0.5525,1,0
6705,2022-07-16,-117.85,230.75,-1.0,-1.0,-7.17,-4,126,1,0,0,-0.0,0.595,1,0
6704,2022-07-16,-59.66,214.67,-2.0,-1.0,5.68,3,-112,1,1,0,0.0,0.4683,1,1
6704,2022-07-16,59.66,214.67,2.0,1.0,-5.68,-3,112,1,1,0,-0.0,0.5317,0,1
6705,2022-07-16,117.85,230.75,1.0,1.0,7.17,4,-126,0,1,0,0.0,0.405,0,0
6703,2022-07-16,24.75,243.6,-0.0,-3.0,1.35,-1,518,1,1,0,-0.0,0.4475,0,0
6700,2022-07-16,-10.64,185.94,-2.0,1.0,-3.06,-1,-56,0,1,0,-0.0,0.5127,0,1
6699,2022-07-16,102.44,196.56,6.0,2.0,4.69,3,168,1,1,0,0.0,0.4999,1,0
6699,2022-07-16,-102.44,196.56,-6.0,-2.0,-4.69,-3,-168,1,1,0,-0.0,0.5001,0,0
6698,2022-07-16,3.26,217.0,2.0,-0.0,-6.01,-5,472,1,1,0,0.0,0.4366,0,0
6698,2022-07-16,-3.26,217.0,-2.0,0.0,6.01,5,-472,1,1,0,-0.0,0.5634,1,0
6697,2022-07-16,59.05,194.69,-1.0,-1.0,3.78,-9,147,1,1,0,0.0,0.5,0,1
6697,2022-07-16,-59.05,194.69,1.0,1.0,-3.78,9,-147,1,1,0,-0.0,0.5,1,1
6696,2022-07-16,45.86,197.75,3.0,1.0,-1.37,-4,-350,1,1,0,-0.0,0.483,1,0
6696,2022-07-16,-45.86,197.75,-3.0,-1.0,1.37,4,350,1,1,0,0.0,0.517,0,0
6695,2022-07-16,-36.51,194.44,2.0,3.0,-1.62,-1,-49,1,1,0,0.0,0.5039,1,0
6695,2022-07-16,36.51,194.44,-2.0,-3.0,1.62,1,49,1,1,0,-0.0,0.4961,0,0
6700,2022-07-16,10.64,185.94,2.0,-1.0,3.06,1,56,1,0,0,0.0,0.4873,1,1
6715,2022-07-23,131.01,200.53,0.0,-3.0,-6.7,-6,448,0,1,0,-0.0,0.4815,1,0
6714,2022-07-23,-10.16,196.09,3.0,1.0,-6.6,3,-273,1,1,0,0.0,0.5014,1,1
6714,2022-07-23,10.16,196.09,-3.0,-1.0,6.6,-3,273,1,1,0,-0.0,0.4986,0,1
6720,2022-07-23,-74.8,211.73,3.0,-0.0,-2.2,-1,-35,1,1,0,0.0,0.4061,1,0
6715,2022-07-23,-131.01,200.53,-0.0,3.0,6.7,6,-448,1,0,0,0.0,0.5185,0,0
6713,2022-07-23,10.16,249.95,-2.0,-3.0,0.17,2,-133,1,1,0,-0.0,0.4995,1,0
6716,2022-07-23,22.19,210.27,-1.0,2.0,-3.48,-8,28,1,1,0,-0.0,0.5031,1,0
6718,2022-07-23,23.94,240.18,6.0,2.0,2.93,0,-553,1,1,0,0.0,0.5,1,0
6718,2022-07-23,-23.94,240.18,-6.0,-2.0,-2.93,0,553,1,1,0,-0.0,0.5,0,0
6720,2022-07-23,74.8,211.73,-3.0,0.0,2.2,1,35,1,1,0,-0.0,0.5939,0,0
6716,2022-07-23,-22.19,210.27,1.0,-2.0,3.48,8,-28,1,1,0,0.0,0.4969,0,0
6713,2022-07-23,-10.16,249.95,2.0,3.0,-0.17,-2,133,1,1,0,0.0,0.5005,0,0
6710,2022-07-23,57.06,167.34,2.0,2.0,5.14,2,602,1,1,0,0.0,0.4757,0,1
6712,2022-07-23,29.48,185.31,1.0,1.0,1.81,2,-140,1,1,0,-0.0,0.5072,0,1
6712,2022-07-23,-29.48,185.31,-1.0,-1.0,-1.81,-2,140,1,1,0,0.0,0.4928,1,1
6707,2022-07-23,-35.43,198.52,-2.0,1.0,-2.14,-9,7,1,1,0,-0.0,0.5724,0,1
6708,2022-07-23,-20.09,211.39,2.0,3.0,-0.91,11,140,1,1,0,0.0,0.5857,1,1
6708,2022-07-23,20.09,211.39,-2.0,-3.0,0.91,-11,-140,1,1,0,-0.0,0.4143,0,1
6707,2022-07-23,35.43,198.52,2.0,-1.0,2.14,9,-7,1,1,0,0.0,0.4276,1,1
6709,2022-07-23,2.63,250.0,-2.0,-1.0,-0.41,2,-28,1,1,0,0.0,0.4991,0,0
6710,2022-07-23,-57.06,167.34,-2.0,-2.0,-5.14,-2,-602,1,1,0,-0.0,0.5243,1,1
6711,2022-07-23,103.2,227.18,1.0,0.0,2.04,5,-182,1,1,0,0.0,0.5071,1,1
6711,2022-07-23,-103.2,227.18,-1.0,-0.0,-2.04,-5,182,1,1,0,-0.0,0.4929,0,1
6709,2022-07-23,-2.63,250.0,2.0,1.0,0.41,-2,28,1,1,0,-0.0,0.5009,1,0
6725,2022-07-30,-42.43,180.18,1.0,1.0,3.85,8,175,1,1,0,-0.0,0.5376,0,1
6731,2022-07-30,-61.46,220.11,2.0,-1.0,5.95,4,105,1,1,0,-0.0,0.4217,0,1
6731,2022-07-30,61.46,220.11,-2.0,1.0,-5.95,-4,-105,1,1,0,0.0,0.5783,1,1
6729,2022-07-30,-148.93,221.15,-0.0,-2.0,-6.41,-4,0,1,1,0,-0.0,0.596,0,1
6729,2022-07-30,148.93,221.15,0.0,2.0,6.41,4,0,1,1,0,0.0,0.404,1,1
6726,2022-07-30,-34.05,202.08,3.0,2.0,-2.27,-9,-98,1,1,0,-0.0,0.4559,0,0
6726,2022-07-30,34.05,202.08,-3.0,-2.0,2.27,9,98,1,1,0,0.0,0.5441,1,0
6725,2022-07-30,42.43,180.18,-1.0,-1.0,-3.85,-8,-175,1,1,0,0.0,0.4624,1,1
6723,2022-07-30,106.6,193.37,-5.0,0.0,7.26,20,35,1,1,0,0.0,0.4999,0,0
6724,2022-07-30,5.13,195.14,2.0,-1.0,1.93,3,-273,1,1,0,0.0,0.563,1,1
6723,2022-07-30,-106.6,193.37,5.0,-0.0,-7.26,-20,-35,1,1,0,-0.0,0.5001,1,0
6722,2022-07-30,-20.14,190.3,-1.0,-3.0,0.7,-1,-63,1,1,1,0.0667,0.4133,0,1
6722,2022-07-30,20.14,190.3,1.0,3.0,-0.7,1,63,1,1,1,-0.0667,0.5867,1,1
6721,2022-07-30,150.52,189.15,-0.0,2.0,1.22,8,0,1,1,1,-0.125,0.5006,1,1
6721,2022-07-30,-150.52,189.15,0.0,-2.0,-1.22,-8,0,1,1,1,0.125,0.4994,0,1
6724,2022-07-30,-5.13,195.14,-2.0,1.0,-1.93,-3,273,1,1,0,-0.0,0.437,0,1
6740,2022-08-06,53.86,180.72,-1.0,-2.0,-8.8,-15,-28,0,1,0,-0.0,0.4612,1,1
6743,2022-08-06,5.13,233.47,2.0,-0.0,3.03,-2,56,1,1,0,-0.0,0.4694,0,1
6741,2022-08-06,-91.34,245.0,-4.0,-3.0,4.28,3,-42,1,0,0,-0.0,0.4606,0,0
6741,2022-08-06,91.34,245.0,4.0,3.0,-4.28,-3,42,0,1,0,0.0,0.5394,1,0
6740,2022-08-06,-53.86,180.72,1.0,2.0,8.8,15,28,1,0,0,0.0,0.5388,0,1
6743,2022-08-06,-5.13,233.47,-2.0,0.0,-3.03,2,-56,1,1,0,0.0,0.5306,1,1
6738,2022-08-06,-6.39,205.12,-1.0,0.0,3.71,-1,84,1,1,0,-0.0,0.4305,0,1
6735,2022-08-06,-61.7,181.69,-0.0,-0.0,1.25,-10,126,1,1,0,0.0,0.5045,1,0
6735,2022-08-06,61.7,181.69,0.0,0.0,-1.25,10,-126,1,1,0,-0.0,0.4955,0,0
6734,2022-08-06,-0.53,188.39,3.0,2.0,-7.36,-18,21,1,1,0,-0.0,0.5,1,0
6734,2022-08-06,0.53,188.39,-3.0,-2.0,7.36,18,-21,1,1,0,0.0,0.5,0,0
6738,2022-08-06,6.39,205.12,1.0,-0.0,-3.71,1,-84,1,1,0,0.0,0.5695,1,1
6754,2022-08-13,-34.12,227.6,-5.0,-0.0,8.26,0,500,1,1,0,0.0,0.5,1,0
6752,2022-08-13,-47.45,195.14,-0.0,1.0,1.61,-2,217,0,1,0,0.0,0.4874,1,1
6752,2022-08-13,47.45,195.14,0.0,-1.0,-1.61,2,-217,1,0,0,-0.0,0.5126,0,1
6750,2022-08-13,88.26,193.47,-3.0,-1.0,-8.65,-15,7,0,0,0,-0.0,0.5172,0,1
6750,2022-08-13,-88.26,193.47,3.0,1.0,8.65,15,-7,0,0,0,0.0,0.4828,1,1
6749,2022-08-13,-19.31,202.49,3.0,1.0,1.57,12,-49,1,1,0,-0.0,0.5036,1,0
6749,2022-08-13,19.31,202.49,-3.0,-1.0,-1.57,-12,49,1,1,0,0.0,0.4964,0,0
6754,2022-08-13,34.12,227.6,5.0,0.0,-8.26,0,-500,1,1,0,-0.0,0.5,0,0
6748,2022-08-13,-9.79,210.96,-2.0,1.0,5.44,0,-161,0,0,0,-0.0,0.4485,1,1
6747,2022-08-13,18.25,229.14,-4.0,-2.0,1.0,-12,35,1,1,0,-0.0,0.4999,1,0
6747,2022-08-13,-18.25,229.14,4.0,2.0,-1.0,12,-35,1,1,0,0.0,0.5001,0,0
6745,2022-08-13,29.07,244.5,2.0,2.0,-6.0,-1,-266,1,1,0,0.0,0.4979,0,1
6745,2022-08-13,-29.07,244.5,-2.0,-2.0,6.0,1,266,1,1,0,-0.0,0.5021,1,1
6744,2022-08-13,61.37,177.52,-2.0,-0.0,7.73,-10,140,1,1,0,0.0,0.4626,0,0
6744,2022-08-13,-61.37,177.52,2.0,0.0,-7.73,10,-140,1,1,0,-0.0,0.5374,1,0
6748,2022-08-13,9.79,210.96,2.0,-1.0,-5.44,0,161,0,0,0,0.0,0.5515,0,1
6768,2022-08-20,36.48,271.64,-0.0,2.0,5.37,-1,63,1,1,0,0.0,0.4277,1,1
6768,2022-08-20,-36.48,271.64,0.0,-2.0,-5.37,1,-63,1,1,0,-0.0,0.5723,0,1
6763,2022-08-20,-45.33,192.36,-7.0,-3.0,-8.59,0,-147,1,1,0,0.0,0.4372,1,1
6763,2022-08-20,45.33,192.36,7.0,3.0,8.59,0,147,1,1,0,-0.0,0.5628,0,1
6762,2022-08-20,67.24,201.0,-3.0,-1.0,-5.09,-10,-182,1,1,0,-0.0,0.5059,0,0
6762,2022-08-20,-67.24,201.0,3.0,1.0,5.09,10,182,1,1,0,0.0,0.4941,1,0
6760,2022-08-20,5.0,220.03,1.0,-0.0,1.85,2,812,1,1,0,0.0,0.4464,1,1
6759,2022-08-20,-82.02,178.43,-2.0,-1.0,-4.34,-10,70,1,1,0,0.0,0.596,1,1
6759,2022-08-20,82.02,178.43,2.0,1.0,4.34,10,-70,1,1,0,-0.0,0.404,0,1
6758,2022-08-20,3.31,200.61,5.0,2.0,6.51,3,840,1,1,0,-0.0,0.585,0,0
6758,2022-08-20,-3.31,200.61,-5.0,-2.0,-6.51,-3,-840,1,1,0,0.0,0.415,1,0
6757,2022-08-20,-165.55,174.6,-2.0,2.0,-4.29,-2,147,1,1,1,0.1026,0.5008,1,0
6757,2022-08-20,165.55,174.6,2.0,-2.0,4.29,2,-147,1,1,1,-0.1026,0.4992,0,0
6760,2022-08-20,-5.0,220.03,-1.0,0.0,-1.85,-2,-812,1,1,0,-0.0,0.5536,0,1
6772,2022-09-03,-48.67,227.88,1.0,-0.0,-2.39,-8,-63,1,1,0,-0.0,0.4998,1,0
6776,2022-09-03,53.29,180.42,-4.0,-2.0,10.3,9,308,1,1,0,-0.0,0.5,0,0
6774,2022-09-03,98.6,203.38,-0.0,-3.0,2.55,-1,-7,1,1,0,-0.0,0.5018,1,0
6774,2022-09-03,-98.6,203.38,0.0,3.0,-2.55,1,7,1,1,0,0.0,0.4982,0,0
6776,2022-09-03,-53.29,180.42,4.0,2.0,-10.3,-9,-308,1,1,0,0.0,0.5,1,0
6772,2022-09-03,48.67,227.88,-1.0,0.0,2.39,8,63,1,1,0,0.0,0.5002,0,0
6770,2022-09-03,-95.75,172.8,1.0,-0.0,-2.75,-6,112,1,1,0,0.0,0.5664,0,0
6771,2022-09-03,3.25,224.01,-1.0,5.0,-1.85,-3,224,1,1,0,0.0,0.5001,1,0
6770,2022-09-03,95.75,172.8,-1.0,0.0,2.75,6,-112,1,1,0,-0.0,0.4336,1,0
6769,2022-09-03,-78.29,193.86,-6.0,-2.0,-2.93,3,-21,1,1,0,-0.0,0.4613,0,0
6769,2022-09-03,78.29,193.86,6.0,2.0,2.93,-3,21,1,1,0,0.0,0.5387,1,0
6771,2022-09-03,-3.25,224.01,1.0,-5.0,1.85,3,-224,1,1,0,-0.0,0.4999,0,0
6791,2022-09-10,22.98,253.83,2.0,-1.0,-5.03,3,-56,1,1,0,0.0,0.5,1,1
6791,2022-09-10,-22.98,253.83,-2.0,1.0,5.03,-3,56,1,1,0,-0.0,0.5,0,1
6789,2022-09-10,-12.42,217.33,-3.0,-6.0,2.37,-8,14,1,1,0,-0.0,0.4602,1,1
6789,2022-09-10,12.42,217.33,3.0,6.0,-2.37,8,-14,1,1,0,0.0,0.5398,0,1
6788,2022-09-10,14.3,253.88,3.0,1.0,-0.28,4,35,1,1,0,0.0,0.5001,0,1
6788,2022-09-10,-14.3,253.88,-3.0,-1.0,0.28,-4,-35,1,1,0,-0.0,0.4999,1,1
6786,2022-09-10,-127.2,198.45,1.0,5.0,1.92,2,0,1,1,0,-0.0,0.5831,1,0
6785,2022-09-10,-35.79,191.49,-7.0,-5.0,-1.71,3,-84,1,1,0,0.0,0.5018,0,0
6786,2022-09-10,127.2,198.45,-1.0,-5.0,-1.92,-2,0,1,1,0,0.0,0.4169,0,0
6784,2022-09-10,25.18,200.4,4.0,2.0,-3.33,-3,-301,0,0,0,-0.0,0.5211,0,1
6785,2022-09-10,35.79,191.49,7.0,5.0,1.71,-3,84,1,1,0,-0.0,0.4982,1,0
6781,2022-09-10,107.22,153.27,-0.0,-1.0,1.17,-6,-329,1,1,0,-0.0,0.4958,0,0
6782,2022-09-10,40.32,199.63,-6.0,-1.0,-1.48,-9,70,0,0,0,-0.0,0.5038,1,1
6782,2022-09-10,-40.32,199.63,6.0,1.0,1.48,9,-70,0,0,0,0.0,0.4962,0,1
6781,2022-09-10,-107.22,153.27,0.0,1.0,-1.17,6,329,1,1,0,0.0,0.5042,1,0
6783,2022-09-10,31.55,189.67,3.0,1.0,1.22,-9,322,0,0,0,0.0,0.5378,1,0
6784,2022-09-10,-25.18,200.4,-4.0,-2.0,3.33,3,301,0,0,0,0.0,0.4789,1,1
6783,2022-09-10,-31.55,189.67,-3.0,-1.0,-1.22,9,-322,0,0,0,-0.0,0.4622,0,0
6799,2022-09-17,-57.03,220.76,-1.0,1.0,3.66,2,-14,1,1,0,0.0,0.4796,0,1
6805,2022-09-17,-17.41,248.82,-0.0,4.0,-3.94,-5,84,1,1,0,0.0,0.5,1,1
6805,2022-09-17,17.41,248.82,0.0,-4.0,3.94,5,-84,1,1,0,-0.0,0.5,0,1
6804,2022-09-17,50.63,210.57,-5.0,-1.0,1.89,8,-7,1,1,0,0.0,0.4935,1,0
6804,2022-09-17,-50.63,210.57,5.0,1.0,-1.89,-8,7,1,1,0,-0.0,0.5065,0,0
6800,2022-09-17,77.52,226.49,-1.0,-3.0,-2.25,-2,49,1,1,0,0.0,0.5001,0,0
6800,2022-09-17,-77.52,226.49,1.0,3.0,2.25,2,-49,1,1,0,-0.0,0.4999,1,0
6799,2022-09-17,57.03,220.76,1.0,-1.0,-3.66,-2,14,1,1,0,-0.0,0.5204,1,1
6794,2022-09-17,-28.54,190.23,3.0,3.0,5.62,1,133,1,1,0,-0.0,0.5042,1,0
6798,2022-09-17,45.83,236.03,-5.0,0.0,1.32,5,-259,1,1,0,0.0,0.4328,0,1
6796,2022-09-17,9.85,196.61,-1.0,1.0,1.04,-12,-77,1,1,0,0.0,0.5387,0,0
6796,2022-09-17,-9.85,196.61,1.0,-1.0,-1.04,12,77,1,1,0,-0.0,0.4613,1,0
6795,2022-09-17,-1.27,249.69,-5.0,-0.0,-3.13,2,-28,1,1,0,0.0,0.5,1,1
6795,2022-09-17,1.27,249.69,5.0,0.0,3.13,-2,28,1,1,0,-0.0,0.5,0,1
6794,2022-09-17,28.54,190.23,-3.0,-3.0,-5.62,-1,-133,1,1,0,0.0,0.4958,0,0
6798,2022-09-17,-45.83,236.03,5.0,-0.0,-1.32,-5,259,1,1,0,-0.0,0.5672,1,1
6813,2022-10-01,2.7,170.92,-7.0,-4.0,-5.1,-2,308,1,1,0,0.0,0.542,1,1
6817,2022-10-01,4.86,215.92,5.0,3.0,-14.55,-3,91,1,1,0,-0.0,0.4045,0,0
6817,2022-10-01,-4.86,215.92,-5.0,-3.0,14.55,3,-91,1,1,0,0.0,0.5955,1,0
6815,2022-10-01,31.19,183.21,-2.0,1.0,-6.36,-7,-42,1,1,0,-0.0,0.5922,1,0
6815,2022-10-01,-31.19,183.21,2.0,-1.0,6.36,7,42,1,1,0,0.0,0.4078,0,0
6814,2022-10-01,-199.38,224.49,1.0,2.0,3.12,-3,-301,1,1,0,0.0,0.5001,0,1
6814,2022-10-01,199.38,224.49,-1.0,-2.0,-3.12,3,301,1,1,0,-0.0,0.4999,1,1
6813,2022-10-01,-2.7,170.92,7.0,4.0,5.1,2,-308,1,1,0,-0.0,0.458,0,1
6812,2022-10-01,-110.98,263.36,-4.0,1.0,-3.23,-2,-63,0,0,0,0.0,0.4624,1,0
6807,2022-10-01,16.44,200.18,0.0,-1.0,-3.77,1,-35,1,1,0,-0.0,0.5779,0,1
6811,2022-10-01,-56.94,256.03,-3.0,-1.0,0.75,-1,-430,1,1,0,0.0,0.5019,0,1
6811,2022-10-01,56.94,256.03,3.0,1.0,-0.75,1,430,1,1,0,-0.0,0.4981,1,1
6809,2022-10-01,-125.95,232.68,3.0,-0.0,-3.26,-4,-49,1,1,0,-0.0,0.4132,0,0
6809,2022-10-01,125.95,232.68,-3.0,0.0,3.26,4,49,1,1,0,0.0,0.5868,1,0
6808,2022-10-01,47.47,163.9,-8.0,-6.0,11.87,12,0,1,1,0,0.0,0.5059,0,0
6808,2022-10-01,-47.47,163.9,8.0,6.0,-11.87,-12,0,1,1,0,-0.0,0.4941,1,0
6807,2022-10-01,-16.44,200.18,-0.0,1.0,3.77,-1,35,1,1,0,0.0,0.4221,1,1
6812,2022-10-01,110.98,263.36,4.0,-1.0,3.23,2,63,0,0,0,-0.0,0.5376,0,0
6827,2022-10-15,-58.79,271.87,-2.0,-1.0,8.61,1,7,1,1,0,-0.0,0.4458,0,1
6827,2022-10-15,58.79,271.87,2.0,1.0,-8.61,-1,-7,1,1,0,0.0,0.5542,1,1
6826,2022-10-15,-70.07,253.86,1.0,2.0,0.37,4,-42,1,1,0,-0.0,0.5601,0,1
6826,2022-10-15,70.07,253.86,-1.0,-2.0,-0.37,-4,42,1,1,0,0.0,0.4399,1,1
6822,2022-10-15,29.07,192.36,-1.0,-3.0,-0.64,-4,-98,1,1,0,0.0,0.5293,1,1
6822,2022-10-15,-29.07,192.36,1.0,3.0,0.64,4,98,1,1,0,-0.0,0.4707,0,1
6821,2022-10-15,-69.23,223.83,2.0,2.0,-4.79,-16,-35,1,1,0,0.0,0.4054,0,0
6820,2022-10-15,-3.6,228.09,-3.0,-1.0,-2.61,0,-28,1,1,0,0.0,0.568,1,1
6820,2022-10-15,3.6,228.09,3.0,1.0,2.61,0,28,1,1,0,-0.0,0.432,0,1
6819,2022-10-15,-37.7,173.18,-0.0,-0.0,-10.46,-11,-154,1,0,0,0.0,0.5,1,0
6819,2022-10-15,37.7,173.18,0.0,0.0,10.46,11,154,0,1,0,-0.0,0.5,0,0
6818,2022-10-15,1.59,202.15,2.0,-1.0,6.72,-2,-49,1,1,0,0.0,0.4371,0,1
6818,2022-10-15,-1.59,202.15,-2.0,1.0,-6.72,2,49,1,1,0,-0.0,0.5629,1,1
6821,2022-10-15,69.23,223.83,-2.0,-2.0,4.79,16,35,1,1,0,-0.0,0.5946,1,0
6834,2022-10-22,-20.48,197.42,-0.0,-1.0,-4.38,-10,147,1,1,0,-0.0,0.4997,0,1
6840,2022-10-22,-114.92,213.92,-2.0,2.0,12.8,4,-21,1,1,0,-0.0,0.5,0,1
6840,2022-10-22,114.92,213.92,2.0,-2.0,-12.8,-4,21,1,1,0,0.0,0.5,1,1
6839,2022-10-22,-86.56,251.41,1.0,-0.0,10.2,2,168,1,1,0,-0.0,0.4043,0,0
6839,2022-10-22,86.56,251.41,-1.0,0.0,-10.2,-2,-168,1,1,0,0.0,0.5957,1,0
6836,2022-10-22,-21.37,176.61,2.0,1.0,-2.46,5,0,1,1,0,-0.0,0.4921,1,1
6836,2022-10-22,21.37,176.61,-2.0,-1.0,2.46,-5,0,1,1,0,0.0,0.5079,0,1
6835,2022-10-22,-13.84,249.05,0.0,1.0,2.94,2,315,1,1,0,-0.0,0.419,0,0
6834,2022-10-22,20.48,197.42,0.0,1.0,4.38,10,-147,1,1,0,0.0,0.5003,1,1
6835,2022-10-22,13.84,249.05,-0.0,-1.0,-2.94,-2,-315,1,1,0,0.0,0.581,1,0
6833,2022-10-22,12.24,204.22,3.0,2.0,1.14,11,-49,1,1,0,0.0,0.4999,0,1
6829,2022-10-22,-26.47,163.11,4.0,0.0,2.03,18,-70,1,1,1,-0.2333,0.4978,0,0
6830,2022-10-22,23.61,165.9,4.0,1.0,-3.48,-1,-259,1,1,1,0.1507,0.5178,1,1
6830,2022-10-22,-23.61,165.9,-4.0,-1.0,3.48,1,259,1,1,1,-0.1507,0.4822,0,1
6831,2022-10-22,50.68,196.47,-5.0,-4.0,1.7,2,-119,1,1,0,0.0,0.5,0,1
6829,2022-10-22,26.47,163.11,-4.0,-0.0,-2.03,-18,70,1,1,1,0.2333,0.5022,1,0
6833,2022-10-22,-12.24,204.22,-3.0,-2.0,-1.14,-11,49,1,1,0,-0.0,0.5001,1,1
6832,2022-10-22,97.93,192.1,2.0,0.0,1.6,14,406,1,1,0,-0.0,0.4913,1,1
6832,2022-10-22,-97.93,192.1,-2.0,-0.0,-1.6,-14,-406,1,1,0,0.0,0.5087,0,1
6831,2022-10-22,-50.68,196.47,5.0,4.0,-1.7,-2,119,1,1,0,-0.0,0.5,1,1
6846,2022-10-29,2.6,228.2,1.0,-2.0,-0.48,0,0,1,1,0,-0.0,0.5,0,1
6849,2022-10-29,-56.38,237.44,1.0,-1.0,7.31,-2,-21,0,1,0,-0.0,0.4049,1,1
6849,2022-10-29,56.38,237.44,-1.0,1.0,-7.31,2,21,1,0,0,0.0,0.5951,0,1
6847,2022-10-29,-65.74,155.37,-2.0,-2.0,-6.39,-23,-7,1,1,0,-0.0,0.4873,1,1
6847,2022-10-29,65.74,155.37,2.0,2.0,6.39,23,7,1,1,0,0.0,0.5127,0,1
6846,2022-10-29,-2.6,228.2,-1.0,2.0,0.48,0,0,1,1,0,0.0,0.5,1,1
6845,2022-10-29,-102.68,192.31,-0.0,-2.0,-1.9,3,126,1,1,0,-0.0,0.5,1,0
6844,2022-10-29,34.27,271.04,1.0,4.0,0.43,-1,91,1,1,0,0.0,0.5102,0,0
6844,2022-10-29,-34.27,271.04,-1.0,-4.0,-0.43,1,-91,1,1,0,-0.0,0.4898,1,0
6842,2022-10-29,-56.58,164.9,1.0,-3.0,-1.77,-11,84,1,1,0,0.0,0.4601,1,1
6842,2022-10-29,56.58,164.9,-1.0,3.0,1.77,11,-84,1,1,0,-0.0,0.5399,0,1
6841,2022-10-29,103.99,192.58,-2.0,-3.0,-5.83,-2,91,1,1,0,0.0,0.5471,1,0
6841,2022-10-29,-103.99,192.58,2.0,3.0,5.83,2,-91,1,1,0,-0.0,0.4529,0,0
6845,2022-10-29,102.68,192.31,0.0,2.0,1.9,-3,-126,1,1,0,0.0,0.5,0,0
6855,2022-11-05,61.96,243.44,2.0,3.0,0.11,1,-112,0,1,0,-0.0,0.48,0,0
6859,2022-11-05,-2.22,219.44,-2.0,-2.0,7.07,-2,-35,1,1,0,0.0,0.4125,0,0
6859,2022-11-05,2.22,219.44,2.0,2.0,-7.07,2,35,1,1,0,-0.0,0.5875,1,0
6856,2022-11-05,-40.59,223.43,-0.0,-2.0,9.41,-2,21,1,1,0,0.0,0.4043,0,0
6856,2022-11-05,40.59,223.43,0.0,2.0,-9.41,2,-21,1,1,0,-0.0,0.5957,1,0
6855,2022-11-05,-61.96,243.44,-2.0,-3.0,-0.11,-1,112,1,0,0,0.0,0.52,1,0
6852,2022-11-05,43.35,199.14,0.0,2.0,0.06,-1,133,1,1,0,0.0,0.462,0,0
6854,2022-11-05,-20.12,238.05,0.0,-1.0,4.02,2,196,1,1,0,-0.0,0.5649,0,1
6853,2022-11-05,-4.94,174.3,-6.0,-2.0,0.59,-19,-77,1,1,0,0.0,0.4785,0,0
6853,2022-11-05,4.94,174.3,6.0,2.0,-0.59,19,77,1,1,0,-0.0,0.5215,1,0
6852,2022-11-05,-43.35,199.14,-0.0,-2.0,-0.06,1,-133,1,1,0,-0.0,0.538,1,0
6854,2022-11-05,20.12,238.05,-0.0,1.0,-4.02,-2,-196,1,1,0,0.0,0.4351,1,1
6870,2022-11-12,-65.49,223.55,-4.0,-0.0,9.0,6,-49,1,1,0,-0.0,0.4876,0,1
6871,2022-11-12,104.47,234.39,1.0,0.0,5.11,-3,-77,1,1,0,-0.0,0.5028,1,0
6871,2022-11-12,-104.47,234.39,-1.0,-0.0,-5.11,3,77,1,1,0,0.0,0.4972,0,0
6876,2022-11-12,60.96,238.23,1.0,-4.0,-3.82,2,-35,1,1,0,0.0,0.462,0,1
6872,2022-11-12,-81.22,236.98,0.0,1.0,-0.3,4,-497,1,1,0,0.0,0.5,1,0
6874,2022-11-12,-49.84,214.56,3.0,1.0,-0.84,1,-7,1,1,0,-0.0,0.4999,0,1
6874,2022-11-12,49.84,214.56,-3.0,-1.0,0.84,-1,7,1,1,0,0.0,0.5001,1,1
6875,2022-11-12,-30.53,208.57,-5.0,-3.0,2.49,1,-203,1,1,0,-0.0,0.5135,0,1
6875,2022-11-12,30.53,208.57,5.0,3.0,-2.49,-1,203,1,1,0,0.0,0.4865,1,1
6876,2022-11-12,-60.96,238.23,-1.0,4.0,3.82,-2,35,1,1,0,-0.0,0.538,1,1
6870,2022-11-12,65.49,223.55,4.0,0.0,-9.0,-6,49,1,1,0,0.0,0.5124,1,1
6872,2022-11-12,81.22,236.98,-0.0,-1.0,0.3,-4,497,1,1,0,-0.0,0.5,0,0
6869,2022-11-12,7.58,198.99,2.0,1.0,-1.66,-1,-378,1,1,0,-0.0,0.448,1,0
6866,2022-11-12,-13.63,173.29,-1.0,3.0,-9.51,-22,-140,1,1,0,-0.0,0.4039,1,1
6868,2022-11-12,31.5,197.39,1.0,4.0,2.36,7,119,1,1,0,-0.0,0.5928,1,1
6863,2022-11-12,195.8,213.8,1.0,0.0,-2.04,10,0,1,1,1,0.359,0.5,0,0
6864,2022-11-12,2.91,187.48,0.0,-3.0,1.84,6,35,1,1,1,0.2143,0.5006,0,0
6864,2022-11-12,-2.91,187.48,-0.0,3.0,-1.84,-6,-35,1,1,1,-0.2143,0.4994,1,0
6865,2022-11-12,202.67,194.82,1.0,1.0,-2.74,22,147,1,1,0,0.0,0.5377,1,0
6863,2022-11-12,-195.8,213.8,-1.0,-0.0,2.04,-10,0,1,1,1,-0.359,0.5,1,0
6866,2022-11-12,13.63,173.29,1.0,-3.0,9.51,22,140,1,1,0,0.0,0.5961,0,1
6867,2022-11-12,-59.48,193.33,3.0,2.0,6.18,14,35,1,1,0,-0.0,0.4791,1,0
6867,2022-11-12,59.48,193.33,-3.0,-2.0,-6.18,-14,-35,1,1,0,0.0,0.5209,0,0
6868,2022-11-12,-31.5,197.39,-1.0,-4.0,-2.36,-7,-119,1,1,0,0.0,0.4072,0,1
6865,2022-11-12,-202.67,194.82,-1.0,-1.0,2.74,-22,-147,1,1,0,-0.0,0.4623,0,0
6869,2022-11-12,-7.58,198.99,-2.0,-1.0,1.66,1,378,1,1,0,0.0,0.552,0,0
6880,2022-11-19,-37.04,223.57,1.0,2.0,9.16,10,35,1,1,0,0.0,0.5002,0,0
6883,2022-11-19,46.44,219.38,-2.0,-0.0,-3.38,-2,105,1,1,0,-0.0,0.4999,1,1
6883,2022-11-19,-46.44,219.38,2.0,0.0,3.38,2,-105,1,1,0,0.0,0.5001,0,1
6882,2022-11-19,75.92,198.09,3.0,3.0,-2.92,0,21,1,1,0,-0.0,0.4991,0,1
6882,2022-11-19,-75.92,198.09,-3.0,-3.0,2.92,0,-21,1,1,0,0.0,0.5009,1,1
6881,2022-11-19,-62.23,254.72,-4.0,-5.0,2.37,4,49,1,1,0,-0.0,0.5445,0,1
6881,2022-11-19,62.23,254.72,4.0,5.0,-2.37,-4,-49,1,1,0,0.0,0.4555,1,1
6880,2022-11-19,37.04,223.57,-1.0,-2.0,-9.16,-10,-35,1,1,0,-0.0,0.4998,1,0
6879,2022-11-19,-119.4,223.13,4.0,1.0,-9.83,-3,35,1,1,0,-0.0,0.5,0,1
6878,2022-11-19,137.92,231.41,-0.0,-0.0,-1.88,-12,-112,1,1,0,0.0,0.5,1,1
6878,2022-11-19,-137.92,231.41,0.0,0.0,1.88,12,112,1,1,0,-0.0,0.5,0,1
6877,2022-11-19,-41.5,193.8,-8.0,-4.0,-1.5,5,-63,1,1,0,-0.0,0.5214,0,1
6877,2022-11-19,41.5,193.8,8.0,4.0,1.5,-5,63,1,1,0,0.0,0.4786,1,1
6879,2022-11-19,119.4,223.13,-4.0,-1.0,9.83,3,-35,1,1,0,0.0,0.5,1,1
6895,2022-12-03,-81.76,217.69,1.0,1.0,8.97,20,-28,1,1,0,-0.0,0.5494,1,1
6895,2022-12-03,81.76,217.69,-1.0,-1.0,-8.97,-20,28,1,1,0,0.0,0.4506,0,1
6896,2022-12-03,-0.25,160.57,1.0,-2.0,1.81,21,-378,1,1,0,-0.0,0.5058,1,1
6896,2022-12-03,0.25,160.57,-1.0,2.0,-1.81,-21,378,1,1,0,0.0,0.4942,0,1
6897,2022-12-03,-17.68,165.11,0.0,0.0,6.78,14,14,1,1,0,-0.0,0.4987,1,0
6898,2022-12-03,-14.94,187.54,-0.0,2.0,-7.96,-21,-84,1,1,0,-0.0,0.5002,1,0
6898,2022-12-03,14.94,187.54,0.0,-2.0,7.96,21,84,1,1,0,0.0,0.4998,0,0
6901,2022-12-03,157.11,271.35,-2.0,-1.0,-6.6,-1,-119,1,1,0,0.0,0.5,1,1
6901,2022-12-03,-157.11,271.35,2.0,1.0,6.6,1,119,1,1,0,-0.0,0.5,0,1
6894,2022-12-03,-59.81,214.66,4.0,3.0,-0.8,-9,-126,1,1,0,0.0,0.462,1,1
6897,2022-12-03,17.68,165.11,-0.0,-0.0,-6.78,-14,-14,1,1,0,0.0,0.5013,0,0
6894,2022-12-03,59.81,214.66,-4.0,-3.0,0.8,9,126,1,1,0,-0.0,0.538,0,1
6888,2022-12-03,-21.64,165.43,6.0,3.0,-9.73,-2,-266,1,1,0,-0.0,0.5705,0,1
6893,2022-12-03,25.73,202.84,-1.0,-1.0,5.86,8,28,1,1,0,0.0,0.4588,1,1
6888,2022-12-03,21.64,165.43,-6.0,-3.0,9.73,2,266,1,1,0,0.0,0.4295,1,1
6889,2022-12-03,-86.07,154.89,2.0,4.0,-4.52,-17,7,1,1,0,-0.0,0.48,0,1
6889,2022-12-03,86.07,154.89,-2.0,-4.0,4.52,17,-7,1,1,0,0.0,0.52,1,1
6890,2022-12-03,82.71,201.12,-4.0,-2.0,-2.98,-3,112,1,1,0,0.0,0.4701,1,1
6893,2022-12-03,-25.73,202.84,1.0,1.0,-5.86,-8,-28,1,1,0,-0.0,0.5412,0,1
6891,2022-12-03,-8.52,204.25,-9.0,-1.0,-0.84,7,-35,1,1,0,0.0,0.5,0,1
6891,2022-12-03,8.52,204.25,9.0,1.0,0.84,-7,35,1,1,0,-0.0,0.5,1,1
6892,2022-12-03,28.74,193.52,1.0,-1.0,0.1,9,98,1,1,0,-0.0,0.5858,0,1
6892,2022-12-03,-28.74,193.52,-1.0,1.0,-0.1,-9,-98,1,1,0,0.0,0.4142,1,1
6890,2022-12-03,-82.71,201.12,4.0,2.0,2.98,3,-112,1,1,0,-0.0,0.5299,0,1
6908,2022-12-10,-14.12,202.39,-2.0,1.0,-1.52,-4,70,1,1,0,-0.0,0.5,0,1
6911,2022-12-10,9.78,207.63,2.0,-1.0,-3.81,3,-98,0,1,0,-0.0,0.4621,0,1
6911,2022-12-10,-9.78,207.63,-2.0,1.0,3.81,-3,98,1,0,0,0.0,0.5379,1,1
6910,2022-12-10,-57.74,220.61,1.0,-0.0,-6.78,4,-42,1,1,0,-0.0,0.5,0,0
6910,2022-12-10,57.74,220.61,-1.0,0.0,6.78,-4,42,1,1,0,0.0,0.5,1,0
6909,2022-12-10,-141.01,213.37,2.0,-6.0,10.31,-1,-252,1,1,0,0.0,0.4669,0,1
6909,2022-12-10,141.01,213.37,-2.0,6.0,-10.31,1,252,1,1,0,-0.0,0.5331,1,1
6908,2022-12-10,14.12,202.39,2.0,-1.0,1.52,4,-70,1,1,0,0.0,0.5,1,1
6906,2022-12-10,-28.65,229.04,-1.0,-3.0,-2.3,-2,-14,1,1,0,-0.0,0.4766,1,0
6906,2022-12-10,28.65,229.04,1.0,3.0,2.3,2,14,1,1,0,0.0,0.5234,0,0
6905,2022-12-10,22.4,216.09,2.0,1.0,-1.06,-7,-301,1,1,0,-0.0,0.5568,1,0
6905,2022-12-10,-22.4,216.09,-2.0,-1.0,1.06,7,301,1,1,0,0.0,0.4432,0,0
6904,2022-12-10,3.39,171.32,-1.0,-1.0,-3.89,0,-70,0,0,0,0.0,0.5441,0,1
6904,2022-12-10,-3.39,171.32,1.0,1.0,3.89,0,70,0,0,0,-0.0,0.4559,1,1
6903,2022-12-10,-15.8,217.87,-5.0,-1.0,6.32,8,-28,1,1,0,0.0,0.4078,0,1
6903,2022-12-10,15.8,217.87,5.0,1.0,-6.32,-8,28,1,1,0,-0.0,0.5922,1,1
6923,2022-12-17,-81.79,253.91,-1.0,-5.0,5.32,4,-49,1,1,0,0.0,0.5959,1,1
6923,2022-12-17,81.79,253.91,1.0,5.0,-5.32,-4,49,1,1,0,-0.0,0.4041,0,1
6924,2022-12-17,76.43,264.73,3.0,1.0,-2.98,2,-63,1,1,0,-0.0,0.5177,0,1
6924,2022-12-17,-76.43,264.73,-3.0,-1.0,2.98,-2,63,1,1,0,0.0,0.4823,1,1
6926,2022-12-17,40.38,243.33,0.0,1.0,-0.27,1,-49,1,1,0,-0.0,0.5002,1,1
6925,2022-12-17,-72.37,237.9,-0.0,-0.0,-1.44,0,112,1,1,0,-0.0,0.4247,1,0
6921,2022-12-17,-67.72,193.68,2.0,2.0,1.74,-10,-49,1,1,0,0.0,0.4095,1,0
6926,2022-12-17,-40.38,243.33,-0.0,-1.0,0.27,-1,49,1,1,0,0.0,0.4998,0,1
6925,2022-12-17,72.37,237.9,0.0,0.0,1.44,0,-112,1,1,0,0.0,0.5753,0,0
6921,2022-12-17,67.72,193.68,-2.0,-2.0,-1.74,10,49,1,1,0,-0.0,0.5905,0,0
6918,2022-12-17,10.17,161.16,-1.0,-2.0,-2.11,0,-154,1,1,0,-0.0,0.4983,1,0
6919,2022-12-17,-41.35,225.19,-2.0,0.0,0.77,-5,28,1,1,0,0.0,0.5323,0,0
6918,2022-12-17,-10.17,161.16,1.0,2.0,2.11,0,154,1,1,0,0.0,0.5017,0,0
6917,2022-12-17,-16.61,169.5,1.0,3.0,-1.11,-15,-182,1,1,0,-0.0,0.5167,0,1
6917,2022-12-17,16.61,169.5,-1.0,-3.0,1.11,15,182,1,1,0,0.0,0.4833,1,1
6915,2022-12-17,30.11,220.86,2.0,3.0,5.69,-2,7,1,1,0,0.0,0.4042,0,1
6915,2022-12-17,-30.11,220.86,-2.0,-3.0,-5.69,2,-7,1,1,0,-0.0,0.5958,1,1
6914,2022-12-17,84.89,172.83,-1.0,2.0,-6.95,2,0,1,1,0,0.0,0.5379,0,0
6914,2022-12-17,-84.89,172.83,1.0,-2.0,6.95,-2,0,1,1,0,-0.0,0.4621,1,0
6919,2022-12-17,41.35,225.19,2.0,-0.0,-0.77,5,-28,1,1,0,-0.0,0.4677,1,0
6937,2023-01-14,58.89,271.3,-2.0,-2.0,0.34,-1,700,1,1,0,-0.0,0.4975,0,0
6937,2023-01-14,-58.89,271.3,2.0,2.0,-0.34,1,-700,1,1,0,0.0,0.5025,1,0
6935,2023-01-14,45.89,272.0,-2.0,-0.0,-2.12,-1,77,1,1,0,-0.0,0.4101,0,1
6935,2023-01-14,-45.89,272.0,2.0,0.0,2.12,1,-77,1,1,0,0.0,0.5899,1,1
6931,2023-01-14,-36.21,228.3,-2.0,-1.0,8.68,5,-98,1,1,0,0.0,0.4936,0,1
6931,2023-01-14,36.21,228.3,2.0,1.0,-8.68,-5,98,1,1,0,-0.0,0.5064,1,1
6930,2023-01-14,-4.15,182.11,-1.0,-1.0,2.97,7,42,1,1,0,-0.0,0.4898,1,1
6929,2023-01-14,-86.23,237.43,3.0,1.0,0.55,-2,-49,1,1,0,-0.0,0.5,1,1
6929,2023-01-14,86.23,237.43,-3.0,-1.0,-0.55,2,49,1,1,0,0.0,0.5,0,1
6928,2023-01-14,6.2,193.33,-0.0,4.0,2.99,-5,-105,1,1,0,-0.0,0.5181,0,0
6928,2023-01-14,-6.2,193.33,0.0,-4.0,-2.99,5,105,1,1,0,0.0,0.4819,1,0
6927,2023-01-14,-55.03,195.59,-1.0,2.0,-5.01,-12,105,0,0,0,-0.0,0.462,0,1
6927,2023-01-14,55.03,195.59,1.0,-2.0,5.01,12,-105,0,0,0,0.0,0.538,1,1
6930,2023-01-14,4.15,182.11,1.0,1.0,-2.97,-7,-42,1,1,0,0.0,0.5102,0,1
6942,2023-01-21,-9.44,184.62,6.0,3.0,-4.34,-4,-49,1,1,0,0.0,0.4942,1,1
6950,2023-01-21,34.06,191.88,-2.0,0.0,-6.13,6,392,1,1,0,-0.0,0.5452,0,1
6947,2023-01-21,95.56,220.29,3.0,-0.0,-9.81,-7,-175,1,1,0,-0.0,0.5697,1,1
6950,2023-01-21,-34.06,191.88,2.0,-0.0,6.13,-6,-392,1,1,0,0.0,0.4548,1,1
6943,2023-01-21,-116.68,214.99,-1.0,2.0,-14.51,-21,-84,1,1,0,-0.0,0.5,1,0
6943,2023-01-21,116.68,214.99,1.0,-2.0,14.51,21,84,1,1,0,0.0,0.5,0,0
6942,2023-01-21,9.44,184.62,-6.0,-3.0,4.34,4,49,1,1,0,-0.0,0.5058,0,1
6947,2023-01-21,-95.56,220.29,-3.0,0.0,9.81,7,175,1,1,0,0.0,0.4303,0,1
6941,2023-01-21,-80.08,167.89,5.0,4.0,8.16,-8,-84,1,1,0,0.0,0.5048,0,1
6940,2023-01-21,14.33,153.55,9.0,5.0,-1.04,10,-210,1,1,0,0.0,0.5008,0,1
6940,2023-01-21,-14.33,153.55,-9.0,-5.0,1.04,-10,210,1,1,0,-0.0,0.4992,1,1
6939,2023-01-21,-61.1,178.0,2.0,2.0,-5.97,-1,-189,1,1,1,0.2121,0.5395,1,1
6939,2023-01-21,61.1,178.0,-2.0,-2.0,5.97,1,189,1,1,1,-0.2121,0.4605,0,1
6938,2023-01-21,-68.8,184.08,3.0,2.0,-11.56,-16,-56,1,1,1,-0.1061,0.4389,1,0
6938,2023-01-21,68.8,184.08,-3.0,-2.0,11.56,16,56,1,1,1,0.1061,0.5611,0,0
6941,2023-01-21,80.08,167.89,-5.0,-4.0,-8.16,8,84,1,1,0,-0.0,0.4952,1,1
6962,2023-02-04,-82.83,236.63,4.0,3.0,2.78,-5,49,1,1,0,-0.0,0.4084,0,1
6962,2023-02-04,82.83,236.63,-4.0,-3.0,-2.78,5,-49,1,1,0,0.0,0.5916,1,1
6955,2023-02-04,-65.18,193.13,-5.0,-4.0,-0.91,-10,105,1,1,0,0.0,0.4199,0,0
6955,2023-02-04,65.18,193.13,5.0,4.0,0.91,10,-105,1,1,0,-0.0,0.5801,1,0
6954,2023-02-04,-93.42,196.44,-3.0,-4.0,3.66,9,-28,1,1,0,0.0,0.4684,1,1
6954,2023-02-04,93.42,196.44,3.0,4.0,-3.66,-9,28,1,1,0,-0.0,0.5316,0,1
6953,2023-02-04,-88.2,172.34,-1.0,-0.0,-9.96,-16,-7,1,1,0,0.0,0.5696,1,1
6953,2023-02-04,88.2,172.34,1.0,0.0,9.96,16,7,1,1,0,-0.0,0.4304,0,1
6974,2023-02-11,-50.81,228.62,2.0,2.0,3.12,-2,7,1,1,0,-0.0,0.4057,0,1
6974,2023-02-11,50.81,228.62,-2.0,-2.0,-3.12,2,-7,1,1,0,0.0,0.5943,1,1
6970,2023-02-11,57.52,250.44,-3.0,-1.0,2.32,-1,217,1,1,0,-0.0,0.463,0,0
6970,2023-02-11,-57.52,250.44,3.0,1.0,-2.32,1,-217,1,1,0,0.0,0.537,1,0
6969,2023-02-11,-119.89,220.14,-3.0,-0.0,-2.4,-4,350,1,1,0,0.0,0.5045,1,0
6969,2023-02-11,119.89,220.14,3.0,0.0,2.4,4,-350,1,1,0,-0.0,0.4955,0,0
6967,2023-02-11,74.23,227.84,1.0,-0.0,8.64,0,-154,1,1,0,0.0,0.5,0,0
6964,2023-02-11,-81.62,180.09,-1.0,4.0,-3.07,1,-112,1,1,1,-0.359,0.5098,1,0
6966,2023-02-11,27.71,211.19,5.0,4.0,6.18,11,49,1,1,0,0.0,0.5082,0,0
6966,2023-02-11,-27.71,211.19,-5.0,-4.0,-6.18,-11,-49,1,1,0,-0.0,0.4918,1,0
6965,2023-02-11,15.83,187.14,-1.0,-5.0,7.59,1,28,1,1,1,0.1364,0.4551,0,1
6965,2023-02-11,-15.83,187.14,1.0,5.0,-7.59,-1,-28,1,1,1,-0.1364,0.5449,1,1
6964,2023-02-11,81.62,180.09,1.0,-4.0,3.07,-1,112,1,1,1,0.359,0.4902,0,0
6967,2023-02-11,-74.23,227.84,-1.0,0.0,-8.64,0,154,1,1,0,-0.0,0.5,1,0
6983,2023-02-18,-109.2,201.67,-1.0,1.0,9.44,4,-77,1,1,0,0.0,0.4062,0,1
6985,2023-02-18,-126.67,198.17,-2.0,-1.0,-2.36,-22,14,1,1,0,0.0,0.4504,1,0
6983,2023-02-18,109.2,201.67,1.0,-1.0,-9.44,-4,77,1,1,0,-0.0,0.5938,1,1
6981,2023-02-18,-58.79,163.15,1.0,1.0,-9.09,-30,-161,1,1,0,-0.0,0.4265,1,0
6985,2023-02-18,126.67,198.17,2.0,1.0,2.36,22,-14,1,1,0,-0.0,0.5496,0,0
6980,2023-02-18,-80.18,218.41,-0.0,5.0,-0.28,0,-7,1,1,0,-0.0,0.5,1,1
6980,2023-02-18,80.18,218.41,0.0,-5.0,0.28,0,7,1,1,0,0.0,0.5,0,1
6977,2023-02-18,-9.63,194.67,4.0,3.0,-7.61,-18,70,1,1,0,0.0,0.5196,1,1
6977,2023-02-18,9.63,194.67,-4.0,-3.0,7.61,18,-70,1,1,0,-0.0,0.4804,0,1
6981,2023-02-18,58.79,163.15,-1.0,-1.0,9.09,30,161,1,1,0,0.0,0.5735,0,0
6995,2023-02-25,58.27,233.82,-3.0,2.0,1.0,-3,-154,0,0,0,0.0,0.5,0,0
6990,2023-02-25,-131.46,212.99,2.0,2.0,-4.16,3,-1050,1,0,0,0.0,0.5011,0,0
6990,2023-02-25,131.46,212.99,-2.0,-2.0,4.16,-3,1050,0,1,0,-0.0,0.4989,1,0
6995,2023-02-25,-58.27,233.82,3.0,-2.0,-1.0,3,154,0,0,0,-0.0,0.5,1,0
6989,2023-02-25,41.53,219.36,-4.0,-3.0,0.69,4,-231,1,1,0,0.0,0.5,1,1
6988,2023-02-25,-15.58,209.01,-3.0,1.0,-5.86,5,-91,1,1,0,-0.0,0.5012,1,0
6988,2023-02-25,15.58,209.01,3.0,-1.0,5.86,-5,91,1,1,0,0.0,0.4988,0,0
6989,2023-02-25,-41.53,219.36,4.0,3.0,-0.69,-4,231,1,1,0,-0.0,0.5,0,1
7009,2023-03-04,65.01,230.0,-6.0,-4.0,-12.06,-4,56,1,1,0,0.0,0.5214,1,1
7009,2023-03-04,-65.01,230.0,6.0,4.0,12.06,4,-56,1,1,0,-0.0,0.4786,0,1
7007,2023-03-04,-64.78,234.7,-3.0,-3.0,7.69,3,469,1,1,0,-0.0,0.4999,0,1
7007,2023-03-04,64.78,234.7,3.0,3.0,-7.69,-3,-469,1,1,0,0.0,0.5001,1,1
7006,2023-03-04,-65.93,215.76,2.0,-1.0,0.22,3,-91,1,1,0,0.0,0.5527,1,1
7006,2023-03-04,65.93,215.76,-2.0,1.0,-0.22,-3,91,1,1,0,-0.0,0.4473,0,1
7005,2023-03-04,40.35,205.63,-2.0,-0.0,-6.76,-1,154,1,1,0,-0.0,0.596,1,1
7005,2023-03-04,-40.35,205.63,2.0,0.0,6.76,1,-154,1,1,0,0.0,0.404,0,1
7004,2023-03-04,-21.85,195.64,-1.0,-0.0,-10.03,-16,-301,1,1,0,-0.0,0.5504,1,0
7004,2023-03-04,21.85,195.64,1.0,0.0,10.03,16,301,1,1,0,0.0,0.4496,0,0
7003,2023-03-04,182.88,209.65,-5.0,1.0,-0.92,8,294,1,1,0,-0.0,0.4999,1,0
7001,2023-03-04,0.25,210.97,7.0,5.0,-4.43,2,112,1,1,0,-0.0,0.5089,0,1
7001,2023-03-04,-0.25,210.97,-7.0,-5.0,4.43,-2,-112,1,1,0,0.0,0.4911,1,1
7000,2023-03-04,20.22,215.42,2.0,2.0,-4.15,-5,42,1,1,0,-0.0,0.4476,1,0
7000,2023-03-04,-20.22,215.42,-2.0,-2.0,4.15,5,-42,1,1,0,0.0,0.5524,0,0
6999,2023-03-04,-163.94,183.89,-0.0,-0.0,-5.42,-4,-126,1,1,1,0.2286,0.4887,1,0
6999,2023-03-04,163.94,183.89,0.0,0.0,5.42,4,126,1,1,1,-0.2286,0.5113,0,0
6998,2023-03-04,-151.31,177.03,-3.0,-0.0,-2.73,-12,-938,1,0,1,-0.0317,0.4791,0,1
6998,2023-03-04,151.31,177.03,3.0,0.0,2.73,12,938,0,1,1,0.0317,0.5209,1,1
7003,2023-03-04,-182.88,209.65,5.0,-1.0,0.92,-8,-294,1,1,0,0.0,0.5001,0,0
7021,2023-03-11,-6.67,236.78,-1.0,2.0,4.4,-5,-28,1,1,0,0.0,0.5002,1,0
7021,2023-03-11,6.67,236.78,1.0,-2.0,-4.4,5,28,1,1,0,-0.0,0.4998,0,0
7022,2023-03-11,-128.62,195.76,0.0,1.0,-1.33,-3,-70,1,1,0,-0.0,0.5514,1,0
7022,2023-03-11,128.62,195.76,-0.0,-1.0,1.33,3,70,1,1,0,0.0,0.4486,0,0
7024,2023-03-11,-127.66,243.34,1.0,-0.0,-6.41,1,119,1,1,0,0.0,0.527,0,1
7023,2023-03-11,-22.34,229.0,-3.0,-3.0,-6.44,-2,448,1,1,0,-0.0,0.5009,1,1
7024,2023-03-11,127.66,243.34,-1.0,0.0,6.41,-1,-119,1,1,0,-0.0,0.473,1,1
7019,2023-03-11,-141.02,178.42,3.0,3.0,-3.42,-8,154,1,1,0,-0.0,0.4817,1,1
7023,2023-03-11,22.34,229.0,3.0,3.0,6.44,2,-448,1,1,0,0.0,0.4991,0,1
7019,2023-03-11,141.02,178.42,-3.0,-3.0,3.42,8,-154,1,1,0,0.0,0.5183,0,1
7014,2023-03-11,-63.87,179.23,-2.0,-2.0,-0.54,8,21,0,0,0,0.0,0.5346,1,1
7016,2023-03-11,127.19,204.57,1.0,3.0,-13.53,-2,-35,1,1,0,-0.0,0.5001,1,0
7012,2023-03-11,-7.65,187.78,1.0,-1.0,2.09,-1,63,1,1,0,0.0,0.5961,1,0
7013,2023-03-11,53.07,198.92,5.0,5.0,2.13,7,77,1,1,0,0.0,0.4794,1,0
7013,2023-03-11,-53.07,198.92,-5.0,-5.0,-2.13,-7,-77,1,1,0,-0.0,0.5206,0,0
7012,2023-03-11,7.65,187.78,-1.0,1.0,-2.09,1,-63,1,1,0,-0.0,0.4039,0,0
7014,2023-03-11,63.87,179.23,2.0,2.0,0.54,-8,-21,0,0,0,-0.0,0.4654,0,1
7015,2023-03-11,52.37,197.87,0.0,0.0,2.04,-4,-63,1,1,0,-0.0,0.5736,0,0
7015,2023-03-11,-52.37,197.87,-0.0,-0.0,-2.04,4,63,1,1,0,0.0,0.4264,1,0
7016,2023-03-11,-127.19,204.57,-1.0,-3.0,13.53,2,35,1,1,0,0.0,0.4999,0,0
7030,2023-03-18,90.08,199.27,-1.0,-2.0,-6.25,-7,7,0,1,0,0.0,0.4947,1,0
7039,2023-03-18,-145.77,254.88,-2.0,-3.0,0.52,4,875,1,1,0,0.0,0.5674,1,0
7039,2023-03-18,145.77,254.88,2.0,3.0,-0.52,-4,-875,1,1,0,-0.0,0.4326,0,0
7037,2023-03-18,23.6,199.25,4.0,-0.0,-7.47,-10,7,1,1,0,0.0,0.4622,0,1
7037,2023-03-18,-23.6,199.25,-4.0,0.0,7.47,10,-7,1,1,0,-0.0,0.5378,1,1
7036,2023-03-18,-10.86,246.48,1.0,-0.0,6.21,3,14,1,1,0,-0.0,0.4607,0,0
7036,2023-03-18,10.86,246.48,-1.0,0.0,-6.21,-3,-14,1,1,0,0.0,0.5393,1,0
7030,2023-03-18,-90.08,199.27,1.0,2.0,6.25,7,-7,1,0,0,-0.0,0.5053,0,0
7029,2023-03-18,14.59,193.17,2.0,2.0,5.18,-5,-91,1,1,0,-0.0,0.4335,0,0
7028,2023-03-18,-100.88,214.94,-5.0,-2.0,9.0,6,-280,1,1,0,0.0,0.5056,1,1
7028,2023-03-18,100.88,214.94,5.0,2.0,-9.0,-6,280,1,1,0,-0.0,0.4944,0,1
7027,2023-03-18,-47.89,170.12,-0.0,1.0,-0.76,2,-259,1,1,0,0.0,0.5422,0,0
7027,2023-03-18,47.89,170.12,0.0,-1.0,0.76,-2,259,1,1,0,-0.0,0.4578,1,0
7026,2023-03-18,32.54,201.65,1.0,-3.0,-4.3,-3,-63,1,1,0,0.0,0.5,0,0
7026,2023-03-18,-32.54,201.65,-1.0,3.0,4.3,3,63,1,1,0,-0.0,0.5,1,0
7025,2023-03-18,107.08,171.73,2.0,-2.0,4.29,2,0,1,1,1,-0.0893,0.4992,0,0
7025,2023-03-18,-107.08,171.73,-2.0,2.0,-4.29,-2,0,1,1,1,0.0893,0.5008,1,0
7029,2023-03-18,-14.59,193.17,-2.0,-2.0,-5.18,5,91,1,1,0,0.0,0.5665,1,0
7043,2023-03-25,91.15,200.75,-4.0,-1.0,-9.26,-1,-49,1,1,0,-0.0,0.4365,1,0
7048,2023-03-25,-81.83,249.81,2.0,-0.0,-4.97,0,56,1,1,0,-0.0,0.5724,0,0
7048,2023-03-25,81.83,249.81,-2.0,0.0,4.97,0,-56,1,1,0,0.0,0.4276,1,0
7047,2023-03-25,-54.26,228.92,-3.0,-1.0,-2.94,-8,147,1,1,0,0.0,0.5001,0,1
7043,2023-03-25,-91.15,200.75,4.0,1.0,9.26,1,49,1,1,0,0.0,0.5635,0,0
7047,2023-03-25,54.26,228.92,3.0,1.0,2.94,8,-147,1,1,0,-0.0,0.4999,1,1
7042,2023-03-25,10.04,239.35,2.0,-1.0,6.09,2,-357,1,1,0,-0.0,0.5431,1,1
7041,2023-03-25,-16.38,195.06,-1.0,-2.0,-8.07,-6,315,1,1,0,-0.0,0.4997,0,0
7041,2023-03-25,16.38,195.06,1.0,2.0,8.07,6,-315,1,1,0,0.0,0.5003,1,0
7040,2023-03-25,28.51,170.75,-0.0,3.0,0.62,-9,-35,1,1,0,-0.0,0.5067,1,1
7040,2023-03-25,-28.51,170.75,0.0,-3.0,-0.62,9,35,1,1,0,0.0,0.4933,0,1
7042,2023-03-25,-10.04,239.35,-2.0,1.0,-6.09,-2,357,1,1,0,0.0,0.4569,0,1
7060,2023-04-08,-51.84,236.84,6.0,4.0,1.95,0,7,1,1,0,-0.0,0.5,1,0
7060,2023-04-08,51.84,236.84,-6.0,-4.0,-1.95,0,-7,1,1,0,0.0,0.5,0,0
7059,2023-04-08,-51.39,256.1,-3.0,-4.0,7.78,-1,-203,0,0,0,0.0,0.4623,0,1
7059,2023-04-08,51.39,256.1,3.0,4.0,-7.78,1,203,0,0,0,-0.0,0.5377,1,1
7058,2023-04-08,-41.08,200.25,-3.0,-2.0,-6.15,-5,0,1,1,0,0.0,0.5001,1,1
7058,2023-04-08,41.08,200.25,3.0,2.0,6.15,5,0,1,1,0,-0.0,0.4999,0,1
7057,2023-04-08,-48.55,223.33,-2.0,1.0,-8.75,-16,-35,1,1,0,-0.0,0.4869,1,0
7057,2023-04-08,48.55,223.33,2.0,-1.0,8.75,16,35,1,1,0,0.0,0.5131,0,0
7056,2023-04-08,-31.82,221.77,0.0,1.0,6.87,10,-238,1,1,0,0.0,0.5832,0,1
7055,2023-04-08,-7.33,192.49,-4.0,-1.0,-4.28,14,476,1,1,0,0.0,0.5634,1,0
7056,2023-04-08,31.82,221.77,-0.0,-1.0,-6.87,-10,238,1,1,0,-0.0,0.4168,1,1
7054,2023-04-08,-32.57,271.99,4.0,-2.0,6.81,1,42,1,1,0,0.0,0.4998,1,0
7054,2023-04-08,32.57,271.99,-4.0,2.0,-6.81,-1,-42,1,1,0,-0.0,0.5002,0,0
7053,2023-04-08,47.47,167.17,-8.0,-3.0,6.11,0,-7,1,1,0,0.0,0.4294,0,1
7053,2023-04-08,-47.47,167.17,8.0,3.0,-6.11,0,7,1,1,0,-0.0,0.5706,1,1
7052,2023-04-08,27.61,200.6,-1.0,-1.0,-6.43,-9,-49,1,1,0,-0.0,0.454,0,1
7052,2023-04-08,-27.61,200.6,1.0,1.0,6.43,9,49,1,1,0,0.0,0.546,1,1
7051,2023-04-08,-79.63,158.02,3.0,1.0,1.68,2,322,1,1,0,0.0,0.4815,0,1
7051,2023-04-08,79.63,158.02,-3.0,-1.0,-1.68,-2,-322,1,1,0,-0.0,0.5185,1,1
7050,2023-04-08,105.88,207.61,1.0,-0.0,-2.04,10,0,1,1,1,0.3929,0.5,1,0
7050,2023-04-08,-105.88,207.61,-1.0,0.0,2.04,-10,0,1,1,1,-0.3929,0.5,0,0
7055,2023-04-08,7.33,192.49,4.0,1.0,4.28,-14,-476,1,1,0,-0.0,0.4366,0,0
7069,2023-04-15,90.35,209.59,-2.0,-3.0,-0.39,2,-210,1,1,0,0.0,0.4638,0,0
7070,2023-04-15,79.05,164.28,-2.0,-1.0,-3.83,-12,343,0,1,0,0.0,0.4353,1,0
7070,2023-04-15,-79.05,164.28,2.0,1.0,3.83,12,-343,1,0,0,-0.0,0.5647,0,0
7071,2023-04-15,-18.65,221.19,0.0,2.0,-2.51,11,28,0,1,0,-0.0,0.5905,1,1
7069,2023-04-15,-90.35,209.59,2.0,3.0,0.39,-2,210,1,1,0,-0.0,0.5362,1,0
7072,2023-04-15,53.01,231.5,-6.0,-4.0,7.31,9,147,1,1,0,-0.0,0.5001,0,0
7072,2023-04-15,-53.01,231.5,6.0,4.0,-7.31,-9,-147,1,1,0,0.0,0.4999,1,0
7075,2023-04-15,97.35,214.98,3.0,0.0,-1.3,-3,21,1,1,0,0.0,0.578,1,1
7075,2023-04-15,-97.35,214.98,-3.0,-0.0,1.3,3,-21,1,1,0,-0.0,0.422,0,1
7071,2023-04-15,18.65,221.19,-0.0,-2.0,2.51,-11,-28,1,0,0,0.0,0.4095,0,1
7068,2023-04-15,-32.94,218.62,-1.0,-3.0,-0.95,0,-84,1,1,0,-0.0,0.521,0,1
7068,2023-04-15,32.94,218.62,1.0,3.0,0.95,0,84,1,1,0,0.0,0.479,1,1
7067,2023-04-15,-69.68,178.74,-0.0,-0.0,-12.66,-28,-14,1,1,0,0.0,0.5007,1,1
7062,2023-04-15,-13.74,170.33,-1.0,3.0,2.14,16,119,1,1,0,-0.0,0.4975,1,0
7062,2023-04-15,13.74,170.33,1.0,-3.0,-2.14,-16,-119,1,1,0,0.0,0.5025,0,0
7063,2023-04-15,22.11,177.6,5.0,1.0,2.88,20,280,1,1,0,0.0,0.4621,1,1
7064,2023-04-15,-12.76,226.22,5.0,5.0,1.02,7,-77,1,1,0,0.0,0.5,0,0
7064,2023-04-15,12.76,226.22,-5.0,-5.0,-1.02,-7,77,1,1,0,-0.0,0.5,1,0
7063,2023-04-15,-22.11,177.6,-5.0,-1.0,-2.88,-20,-280,1,1,0,-0.0,0.5379,0,1
7065,2023-04-15,-33.31,188.12,-0.0,-1.0,-2.37,5,-63,1,0,0,-0.0,0.596,1,0
7066,2023-04-15,-64.81,182.19,-2.0,-3.0,4.62,9,336,1,1,0,0.0,0.5377,1,1
7066,2023-04-15,64.81,182.19,2.0,3.0,-4.62,-9,-336,1,1,0,-0.0,0.4623,0,1
7067,2023-04-15,69.68,178.74,0.0,0.0,12.66,28,14,1,1,0,-0.0,0.4993,0,1
7065,2023-04-15,33.31,188.12,0.0,1.0,2.37,-5,63,0,1,0,0.0,0.404,0,0
7082,2023-04-22,8.24,183.55,-8.0,-4.0,7.61,10,357,1,1,0,-0.0,0.499,0,0
7085,2023-04-22,-10.8,280.18,-1.0,-3.0,-1.72,0,-91,1,1,0,-0.0,0.5544,0,0
7083,2023-04-22,-40.89,218.96,-0.0,2.0,4.25,0,42,1,0,0,-0.0,0.5,1,1
7083,2023-04-22,40.89,218.96,0.0,-2.0,-4.25,0,-42,0,1,0,0.0,0.5,0,1
7082,2023-04-22,-8.24,183.55,8.0,4.0,-7.61,-10,-357,1,1,0,0.0,0.501,1,0
7081,2023-04-22,-66.74,199.58,1.0,-2.0,-0.78,4,-371,1,1,0,-0.0,0.5959,1,0
7077,2023-04-22,-100.97,190.41,-0.0,-1.0,-1.56,-16,-42,1,1,0,-0.0,0.4999,1,1
7080,2023-04-22,-32.31,230.02,1.0,4.0,-6.07,4,-182,1,1,0,0.0,0.4081,0,1
7080,2023-04-22,32.31,230.02,-1.0,-4.0,6.07,-4,182,1,1,0,-0.0,0.5919,1,1
7077,2023-04-22,100.97,190.41,0.0,1.0,1.56,16,42,1,1,0,0.0,0.5001,0,1
7085,2023-04-22,10.8,280.18,1.0,3.0,1.72,0,91,1,1,0,0.0,0.4456,1,0
7076,2023-04-22,-77.7,193.09,4.0,-1.0,-1.23,-9,-133,1,1,0,-0.0,0.5,1,0
7081,2023-04-22,66.74,199.58,-1.0,2.0,0.78,-4,371,1,1,0,0.0,0.4041,0,0
7076,2023-04-22,77.7,193.09,-4.0,1.0,1.23,9,133,1,1,0,0.0,0.5,0,0
7093,2023-04-29,-136.85,223.15,1.0,-1.0,3.04,10,-28,1,1,0,-0.0,0.4848,0,1
7094,2023-04-29,-29.99,228.49,3.0,2.0,0.21,-1,-119,1,1,0,0.0,0.4047,0,0
7091,2023-04-29,-19.85,217.35,3.0,3.0,-6.27,-13,-21,1,1,0,0.0,0.4604,0,1
7094,2023-04-29,29.99,228.49,-3.0,-2.0,-0.21,1,119,1,1,0,-0.0,0.5953,1,0
7091,2023-04-29,19.85,217.35,-3.0,-3.0,6.27,13,21,1,1,0,-0.0,0.5396,1,1
7093,2023-04-29,136.85,223.15,-1.0,1.0,-3.04,-10,28,1,1,0,0.0,0.5152,1,1
7089,2023-04-29,33.32,233.05,1.0,0.0,4.64,1,175,1,1,0,-0.0,0.4811,1,1
7088,2023-04-29,-38.25,222.09,-1.0,-1.0,-2.1,6,-56,1,1,0,-0.0,0.419,0,1
7089,2023-04-29,-33.32,233.05,-1.0,-0.0,-4.64,-1,-175,1,1,0,0.0,0.5189,0,1
7088,2023-04-29,38.25,222.09,1.0,1.0,2.1,-6,56,1,1,0,0.0,0.581,1,1
7087,2023-04-29,7.61,188.14,2.0,-2.0,5.25,0,63,1,1,0,0.0,0.5152,0,1
7087,2023-04-29,-7.61,188.14,-2.0,2.0,-5.25,0,-63,1,1,0,-0.0,0.4848,1,1
7106,2023-05-06,-97.49,199.52,-1.0,-3.0,-1.09,-1,175,1,1,0,-0.0,0.5954,1,1
7106,2023-05-06,97.49,199.52,1.0,3.0,1.09,1,-175,1,1,0,0.0,0.4046,0,1
7104,2023-05-06,-22.77,187.27,-8.0,-5.0,2.17,7,-77,1,1,0,0.0,0.4622,0,0
7104,2023-05-06,22.77,187.27,8.0,5.0,-2.17,-7,77,1,1,0,-0.0,0.5378,1,0
7103,2023-05-06,-73.81,182.23,1.0,1.0,-1.64,-12,35,1,1,0,0.0,0.4626,1,0
7103,2023-05-06,73.81,182.23,-1.0,-1.0,1.64,12,-35,1,1,0,-0.0,0.5374,0,0
7100,2023-05-06,6.13,174.49,-1.0,-4.0,-2.28,14,-140,1,1,0,-0.0,0.543,0,1
7099,2023-05-06,-13.99,162.46,-1.0,-1.0,1.97,4,-168,1,1,0,-0.0,0.4992,0,1
7099,2023-05-06,13.99,162.46,1.0,1.0,-1.97,-4,168,1,1,0,0.0,0.5008,1,1
7098,2023-05-06,-14.73,172.33,-7.0,-3.0,2.47,-5,896,1,1,1,0.0539,0.4039,0,1
7098,2023-05-06,14.73,172.33,7.0,3.0,-2.47,5,-896,1,1,1,-0.0539,0.5961,1,1
7100,2023-05-06,-6.13,174.49,1.0,4.0,2.28,-14,140,1,1,0,0.0,0.457,1,1
7114,2023-05-13,64.97,158.27,-3.0,-3.0,-6.49,-9,-42,1,1,0,0.0,0.5016,1,1
7119,2023-05-13,-65.28,238.69,-4.0,-3.0,1.39,0,168,1,1,0,0.0,0.4998,0,0
7119,2023-05-13,65.28,238.69,4.0,3.0,-1.39,0,-168,1,1,0,-0.0,0.5002,1,0
7117,2023-05-13,-68.31,184.1,4.0,1.0,4.38,0,196,0,0,0,-0.0,0.5393,1,1
7117,2023-05-13,68.31,184.1,-4.0,-1.0,-4.38,0,-196,0,0,0,0.0,0.4607,0,1
7115,2023-05-13,-56.33,150.68,-0.0,-1.0,-3.92,-9,-84,1,1,0,0.0,0.5218,0,1
7115,2023-05-13,56.33,150.68,0.0,1.0,3.92,9,84,1,1,0,-0.0,0.4782,1,1
7114,2023-05-13,-64.97,158.27,3.0,3.0,6.49,9,42,1,1,0,-0.0,0.4984,0,1
7110,2023-05-13,-9.31,210.65,-1.0,-1.0,3.27,7,42,1,1,0,0.0,0.4302,0,1
7113,2023-05-13,55.97,249.47,2.0,1.0,5.56,2,70,1,1,0,0.0,0.5381,1,0
7112,2023-05-13,-30.31,216.95,-0.0,2.0,-10.88,-5,-119,1,1,0,-0.0,0.4623,1,0
7112,2023-05-13,30.31,216.95,0.0,-2.0,10.88,5,119,1,1,0,0.0,0.5377,0,0
7111,2023-05-13,-44.25,175.28,6.0,2.0,-3.68,-8,-175,1,1,0,-0.0,0.4818,1,1
7111,2023-05-13,44.25,175.28,-6.0,-2.0,3.68,8,175,1,1,0,0.0,0.5182,0,1
7110,2023-05-13,9.31,210.65,1.0,1.0,-3.27,-7,-42,1,1,0,-0.0,0.5698,1,1
7113,2023-05-13,-55.97,249.47,-2.0,-1.0,-5.56,-2,-70,1,1,0,-0.0,0.4619,0,0
7132,2023-05-20,-37.88,249.01,4.0,3.0,-0.62,-5,-196,1,1,0,-0.0,0.5007,1,0
7127,2023-05-20,-35.09,205.38,5.0,1.0,2.94,10,7,1,1,0,-0.0,0.5007,1,1
7129,2023-05-20,53.77,209.37,-7.0,-4.0,10.33,12,-14,1,1,0,0.0,0.4845,0,1
7126,2023-05-20,-39.62,255.54,-2.0,-1.0,7.9,1,77,1,1,0,0.0,0.5001,1,1
7131,2023-05-20,142.49,257.18,1.0,-1.0,-6.97,-1,-119,1,1,0,0.0,0.5001,1,0
7131,2023-05-20,-142.49,257.18,-1.0,1.0,6.97,1,119,1,1,0,-0.0,0.4999,0,0
7132,2023-05-20,37.88,249.01,-4.0,-3.0,0.62,5,196,1,1,0,0.0,0.4993,0,0
7129,2023-05-20,-53.77,209.37,7.0,4.0,-10.33,-12,14,1,1,0,-0.0,0.5155,1,1
7126,2023-05-20,39.62,255.54,2.0,1.0,-7.9,-1,-77,1,1,0,-0.0,0.4999,0,1
7127,2023-05-20,35.09,205.38,-5.0,-1.0,-2.94,-10,-7,1,1,0,0.0,0.4993,0,1
7125,2023-05-20,85.75,161.5,1.0,-1.0,1.37,-14,350,1,1,0,-0.0,0.5501,1,0
7125,2023-05-20,-85.75,161.5,-1.0,1.0,-1.37,14,-350,1,1,0,0.0,0.4499,0,0
7121,2023-05-20,-125.51,172.97,1.0,-1.0,8.19,12,-63,1,1,0,0.0,0.4899,0,1
7122,2023-05-20,13.02,210.75,-1.0,2.0,-4.09,2,-84,1,1,0,0.0,0.4739,0,1
7122,2023-05-20,-13.02,210.75,1.0,-2.0,4.09,-2,84,1,1,0,-0.0,0.5261,1,1
7121,2023-05-20,125.51,172.97,-1.0,1.0,-8.19,-12,63,1,1,0,-0.0,0.5101,1,1
7123,2023-05-20,35.72,235.56,-2.0,-0.0,0.32,5,-126,1,0,0,-0.0,0.5961,1,1
7124,2023-05-20,-41.16,212.75,-2.0,2.0,0.05,-4,21,1,0,0,-0.0,0.5001,0,0
7124,2023-05-20,41.16,212.75,2.0,-2.0,-0.05,4,-21,0,1,0,0.0,0.4999,1,0
7123,2023-05-20,-35.72,235.56,2.0,0.0,-0.32,-5,126,0,1,0,0.0,0.4039,0,1
7140,2023-06-03,144.08,181.58,-4.0,-3.0,12.95,33,119,1,1,0,0.0,0.5601,0,1
7145,2023-06-03,-7.74,236.48,-0.0,1.0,1.29,0,371,1,1,0,0.0,0.4999,0,1
7145,2023-06-03,7.74,236.48,0.0,-1.0,-1.29,0,-371,1,1,0,-0.0,0.5001,1,1
7143,2023-06-03,-40.95,222.79,2.0,-0.0,7.55,1,98,1,1,0,0.0,0.5001,0,0
7143,2023-06-03,40.95,222.79,-2.0,0.0,-7.55,-1,-98,1,1,0,-0.0,0.4999,1,0
7140,2023-06-03,-144.08,181.58,4.0,3.0,-12.95,-33,-119,1,1,0,-0.0,0.4399,1,1
7139,2023-06-03,-15.28,250.2,4.0,2.0,2.06,2,-35,1,1,0,-0.0,0.5959,0,1
7136,2023-06-03,-39.86,209.6,-4.0,-1.0,4.08,14,385,1,1,0,0.0,0.596,1,0
7136,2023-06-03,39.86,209.6,4.0,1.0,-4.08,-14,-385,1,1,0,-0.0,0.404,0,0
7134,2023-06-03,-63.28,171.33,-4.0,-3.0,2.87,-17,-98,1,1,0,-0.0,0.513,0,0
7134,2023-06-03,63.28,171.33,4.0,3.0,-2.87,17,98,1,1,0,0.0,0.487,1,0
7133,2023-06-03,23.4,216.08,-1.0,1.0,-0.59,-6,-140,1,1,0,-0.0,0.5772,1,1
7133,2023-06-03,-23.4,216.08,1.0,-1.0,0.59,6,140,1,1,0,0.0,0.4228,0,1
7139,2023-06-03,15.28,250.2,-4.0,-2.0,-2.06,-2,35,1,1,0,0.0,0.4041,1,1
7150,2023-06-10,-43.0,186.44,-1.0,0.0,-2.83,-5,-91,1,1,0,-0.0,0.5387,1,0
7153,2023-06-10,53.65,233.02,-1.0,1.0,5.6,1,42,1,1,0,-0.0,0.5,1,1
7152,2023-06-10,-32.26,233.71,3.0,4.0,8.33,-3,-112,1,1,0,0.0,0.4995,1,0
7152,2023-06-10,32.26,233.71,-3.0,-4.0,-8.33,3,112,1,1,0,-0.0,0.5005,0,0
7150,2023-06-10,43.0,186.44,1.0,-0.0,2.83,5,91,1,1,0,0.0,0.4613,0,0
7149,2023-06-10,-45.89,198.35,1.0,2.0,3.16,-7,-70,1,1,0,-0.0,0.4987,0,1
7153,2023-06-10,-53.65,233.02,1.0,-1.0,-5.6,-1,-42,1,1,0,0.0,0.5,0,1
7148,2023-06-10,-91.25,263.19,4.0,-0.0,2.82,0,21,1,1,0,-0.0,0.4868,0,0
7148,2023-06-10,91.25,263.19,-4.0,0.0,-2.82,0,-21,1,1,0,0.0,0.5132,1,0
7147,2023-06-10,20.0,148.47,-2.0,-0.0,0.45,-11,0,1,1,0,0.0,0.5583,0,0
7147,2023-06-10,-20.0,148.47,2.0,0.0,-0.45,11,0,1,1,0,-0.0,0.4417,1,0
7146,2023-06-10,-215.56,178.55,-1.0,1.0,0.18,-6,-42,1,1,1,0.3422,0.4898,0,1
7146,2023-06-10,215.56,178.55,1.0,-1.0,-0.18,6,42,1,1,1,-0.3422,0.5102,1,1
7149,2023-06-10,45.89,198.35,-1.0,-2.0,-3.16,7,70,1,1,0,0.0,0.5013,1,1
7163,2023-06-17,-36.25,272.03,-1.0,-3.0,-5.39,-1,28,1,1,0,-0.0,0.5514,1,1
7163,2023-06-17,36.25,272.03,1.0,3.0,5.39,1,-28,1,1,0,0.0,0.4486,0,1
7162,2023-06-17,67.31,200.03,-4.0,-0.0,0.44,0,63,1,1,0,-0.0,0.4999,0,1
7162,2023-06-17,-67.31,200.03,4.0,0.0,-0.44,0,-63,1,1,0,0.0,0.5001,1,1
7161,2023-06-17,-39.19,270.53,-3.0,-1.0,2.12,1,-126,1,1,0,-0.0,0.4276,0,0
7161,2023-06-17,39.19,270.53,3.0,1.0,-2.12,-1,126,1,1,0,0.0,0.5724,1,0
7160,2023-06-17,-50.46,254.51,1.0,3.0,-0.23,-4,105,1,1,0,-0.0,0.404,0,1
7159,2023-06-17,-2.43,264.38,8.0,-1.0,-4.72,-2,-147,1,1,0,-0.0,0.5,0,0
7159,2023-06-17,2.43,264.38,-8.0,1.0,4.72,2,147,1,1,0,0.0,0.5,1,0
7158,2023-06-17,-117.76,204.76,-3.0,1.0,7.68,0,77,1,1,0,-0.0,0.4042,0,0
7158,2023-06-17,117.76,204.76,3.0,-1.0,-7.68,0,-77,1,1,0,0.0,0.5958,1,0
7157,2023-06-17,-24.66,173.51,3.0,-1.0,9.51,2,91,1,1,0,-0.0,0.4336,1,0
7157,2023-06-17,24.66,173.51,-3.0,1.0,-9.51,-2,-91,1,1,0,0.0,0.5664,0,0
7160,2023-06-17,50.46,254.51,-1.0,-3.0,0.23,4,-105,1,1,0,0.0,0.596,1,1
7175,2023-06-24,-154.13,190.63,-6.0,-3.0,-6.04,-8,91,0,1,0,0.0,0.509,0,1
7181,2023-06-24,36.73,253.5,-7.0,-2.0,1.22,4,-49,1,1,0,0.0,0.5322,0,1
7181,2023-06-24,-36.73,253.5,7.0,2.0,-1.22,-4,49,1,1,0,-0.0,0.4678,1,1
7180,2023-06-24,37.23,259.32,-6.0,-3.0,-4.28,-3,7,1,1,0,0.0,0.5,1,0
7180,2023-06-24,-37.23,259.32,6.0,3.0,4.28,3,-7,1,1,0,-0.0,0.5,0,0
7177,2023-06-24,9.88,206.57,2.0,4.0,-0.23,10,-42,1,1,0,-0.0,0.4975,0,1
7177,2023-06-24,-9.88,206.57,-2.0,-4.0,0.23,-10,42,1,1,0,0.0,0.5025,1,1
7175,2023-06-24,154.13,190.63,6.0,3.0,6.04,8,-91,1,0,0,-0.0,0.491,1,1
7169,2023-06-24,22.92,204.53,-1.0,1.0,-11.89,-7,63,1,1,0,-0.0,0.5368,1,1
7174,2023-06-24,123.22,189.91,0.0,0.0,2.96,25,-49,1,1,0,0.0,0.596,1,1
7173,2023-06-24,-131.1,202.03,-1.0,-2.0,6.46,-5,-56,1,1,0,-0.0,0.4074,0,1
7173,2023-06-24,131.1,202.03,1.0,2.0,-6.46,5,56,1,1,0,0.0,0.5926,1,1
7170,2023-06-24,6.33,200.56,-1.0,1.0,-4.73,1,-21,1,1,0,0.0,0.4041,1,0
7170,2023-06-24,-6.33,200.56,1.0,-1.0,4.73,-1,21,1,1,0,-0.0,0.5959,0,0
7169,2023-06-24,-22.92,204.53,1.0,-1.0,11.89,7,-63,1,1,0,0.0,0.4632,0,1
7174,2023-06-24,-123.22,189.91,-0.0,-0.0,-2.96,-25,49,1,1,0,-0.0,0.404,0,1
7193,2023-07-01,-68.44,211.89,-2.0,-3.0,4.17,0,35,1,1,0,0.0,0.404,0,1
7193,2023-07-01,68.44,211.89,2.0,3.0,-4.17,0,-35,1,1,0,-0.0,0.596,1,1
7191,2023-07-01,50.9,271.71,-0.0,-1.0,-5.72,-1,-238,1,1,0,-0.0,0.5,1,1
7191,2023-07-01,-50.9,271.71,0.0,1.0,5.72,1,238,1,1,0,0.0,0.5,0,1
7190,2023-07-01,53.27,207.86,-1.0,-1.0,-5.13,-1,-28,1,1,0,0.0,0.5,1,1
7190,2023-07-01,-53.27,207.86,1.0,1.0,5.13,1,28,1,1,0,-0.0,0.5,0,1
7188,2023-07-01,-38.82,211.72,-3.0,3.0,0.94,-16,-476,1,1,0,0.0,0.4756,1,1
7186,2023-07-01,-17.2,265.15,2.0,3.0,0.03,2,140,1,1,0,0.0,0.5723,1,0
7188,2023-07-01,38.82,211.72,3.0,-3.0,-0.94,16,476,1,1,0,-0.0,0.5244,0,1
7185,2023-07-01,64.96,223.17,2.0,-1.0,-2.26,-6,308,1,1,0,-0.0,0.4485,0,1
7185,2023-07-01,-64.96,223.17,-2.0,1.0,2.26,6,-308,1,1,0,0.0,0.5515,1,1
7184,2023-07-01,43.4,219.59,3.0,1.0,-13.57,-12,91,1,1,0,-0.0,0.5,1,1
7184,2023-07-01,-43.4,219.59,-3.0,-1.0,13.57,12,-91,1,1,0,0.0,0.5,0,1
7183,2023-07-01,95.59,212.57,-2.0,-0.0,-3.05,1,42,1,1,0,-0.0,0.5956,1,0
7183,2023-07-01,-95.59,212.57,2.0,0.0,3.05,-1,-42,1,1,0,0.0,0.4044,0,0
7182,2023-07-01,-158.52,220.9,2.0,1.0,0.49,-17,133,1,1,0,-0.0,0.4663,0,1
7182,2023-07-01,158.52,220.9,-2.0,-1.0,-0.49,17,-133,1,1,0,0.0,0.5337,1,1
7186,2023-07-01,17.2,265.15,-2.0,-3.0,-0.03,-2,-140,1,1,0,-0.0,0.4277,0,0
7203,2023-07-08,-80.31,245.26,-4.0,1.0,9.12,6,21,1,1,0,-0.0,0.4304,0,1
7203,2023-07-08,80.31,245.26,4.0,-1.0,-9.12,-6,-21,1,1,0,0.0,0.5696,1,1
7202,2023-07-08,-30.09,202.17,-2.0,2.0,-8.38,-2,315,1,1,0,-0.0,0.4677,0,1
7201,2023-07-08,-79.2,264.28,-1.0,-1.0,-0.84,0,-133,1,1,0,-0.0,0.5,1,1
7201,2023-07-08,79.2,264.28,1.0,1.0,0.84,0,133,1,1,0,0.0,0.5,0,1
7199,2023-07-08,-62.43,163.3,2.0,1.0,-7.53,-11,-154,1,1,0,-0.0,0.538,0,0
7199,2023-07-08,62.43,163.3,-2.0,-1.0,7.53,11,154,1,1,0,0.0,0.462,1,0
7202,2023-07-08,30.09,202.17,2.0,-2.0,8.38,2,-315,1,1,0,0.0,0.5323,1,1
7197,2023-07-08,-37.77,177.47,2.0,3.0,-5.26,-11,-112,1,1,0,-0.0,0.4713,0,0
7196,2023-07-08,-55.95,192.8,3.0,1.0,-3.07,-13,-182,1,1,0,-0.0,0.5568,1,0
7196,2023-07-08,55.95,192.8,-3.0,-1.0,3.07,13,182,1,1,0,0.0,0.4432,0,0
7195,2023-07-08,-52.56,178.06,-3.0,-2.0,3.64,0,175,1,1,1,-0.0,0.502,1,1
7195,2023-07-08,52.56,178.06,3.0,2.0,-3.64,0,-175,1,1,1,0.0,0.498,0,1
7194,2023-07-08,-118.33,180.72,-0.0,5.0,-4.02,-2,0,1,1,1,-0.2378,0.5449,0,1
7194,2023-07-08,118.33,180.72,0.0,-5.0,4.02,2,0,1,1,1,0.2378,0.4551,1,1
7197,2023-07-08,37.77,177.47,-2.0,-3.0,5.26,11,112,1,1,0,0.0,0.5287,1,0
7219,2023-07-15,0.52,241.5,-1.0,-3.0,-7.24,-7,-644,0,1,0,-0.0,0.596,1,0
7219,2023-07-15,-0.52,241.5,1.0,3.0,7.24,7,644,1,0,0,0.0,0.404,0,0
7215,2023-07-15,-46.09,258.19,1.0,-0.0,-2.18,-3,63,0,1,0,-0.0,0.5905,1,0
7215,2023-07-15,46.09,258.19,-1.0,0.0,2.18,3,-63,1,0,0,0.0,0.4095,0,0
7212,2023-07-15,-0.24,253.49,4.0,-0.0,-0.33,4,28,1,1,0,-0.0,0.4718,0,0
7211,2023-07-15,-70.75,244.54,1.0,1.0,-0.15,-6,203,0,1,0,-0.0,0.5379,0,0
7211,2023-07-15,70.75,244.54,-1.0,-1.0,0.15,6,-203,1,0,0,0.0,0.4621,1,0
7209,2023-07-15,-97.76,263.63,-2.0,2.0,-12.32,-2,-91,1,1,0,0.0,0.5,1,0
7209,2023-07-15,97.76,263.63,2.0,-2.0,12.32,2,91,1,1,0,-0.0,0.5,0,0
7212,2023-07-15,0.24,253.49,-4.0,0.0,0.33,-4,-28,1,1,0,0.0,0.5282,1,0
7225,2023-07-22,-96.84,227.54,-0.0,1.0,-2.84,0,35,1,1,0,-0.0,0.5369,0,1
7231,2023-07-22,18.44,199.55,2.0,1.0,0.28,3,-273,1,1,0,-0.0,0.5913,1,1
7230,2023-07-22,24.73,194.62,-3.0,-2.0,0.77,12,-147,0,1,0,0.0,0.5411,0,0
7230,2023-07-22,-24.73,194.62,3.0,2.0,-0.77,-12,147,1,0,0,-0.0,0.4589,1,0
7228,2023-07-22,65.98,197.96,4.0,5.0,0.04,-7,280,1,1,0,-0.0,0.5715,1,1
7231,2023-07-22,-18.44,199.55,-2.0,-1.0,-0.28,-3,273,1,1,0,0.0,0.4087,0,1
7228,2023-07-22,-65.98,197.96,-4.0,-5.0,-0.04,7,-280,1,1,0,0.0,0.4285,0,1
7226,2023-07-22,-3.7,233.91,-0.0,-1.0,-7.22,-10,49,1,1,0,-0.0,0.513,1,1
7226,2023-07-22,3.7,233.91,0.0,1.0,7.22,10,-49,1,1,0,0.0,0.487,0,1
7225,2023-07-22,96.84,227.54,0.0,-1.0,2.84,0,-35,1,1,0,0.0,0.4631,1,1
7222,2023-07-22,69.15,183.14,-5.0,-5.0,-2.87,-10,14,1,1,0,-0.0,0.5431,1,1
7224,2023-07-22,-39.11,229.08,2.0,0.0,8.85,0,42,1,1,0,-0.0,0.4998,0,1
7220,2023-07-22,28.76,189.89,0.0,2.0,-7.42,-11,196,1,1,0,-0.0,0.4991,1,1
7220,2023-07-22,-28.76,189.89,-0.0,-2.0,7.42,11,-196,1,1,0,0.0,0.5009,0,1
7221,2023-07-22,163.51,207.8,-4.0,-3.0,2.93,4,-42,1,0,0,0.0,0.4956,0,1
7224,2023-07-22,39.11,229.08,-2.0,-0.0,-8.85,0,-42,1,1,0,0.0,0.5002,1,1
7222,2023-07-22,-69.15,183.14,5.0,5.0,2.87,10,-14,1,1,0,0.0,0.4569,0,1
7223,2023-07-22,-107.81,193.65,-2.0,2.0,2.23,8,35,0,1,0,-0.0,0.4906,1,0
7223,2023-07-22,107.81,193.65,2.0,-2.0,-2.23,-8,-35,1,0,0,0.0,0.5094,0,0
7221,2023-07-22,-163.51,207.8,4.0,3.0,-2.93,-4,42,0,1,0,-0.0,0.5044,1,1
7239,2023-07-29,19.31,163.38,-6.0,-2.0,4.91,0,504,1,1,0,0.0,0.4502,0,0
7245,2023-07-29,41.07,206.42,0.0,-4.0,-8.87,-1,-301,1,1,0,0.0,0.596,1,0
7244,2023-07-29,-41.78,225.94,-4.0,-0.0,-0.42,-5,336,0,1,0,-0.0,0.5001,1,0
7244,2023-07-29,41.78,225.94,4.0,0.0,0.42,5,-336,1,0,0,0.0,0.4999,0,0
7240,2023-07-29,26.82,234.02,2.0,-1.0,5.04,10,-63,1,1,0,0.0,0.405,0,1
7240,2023-07-29,-26.82,234.02,-2.0,1.0,-5.04,-10,63,1,1,0,-0.0,0.595,1,1
7239,2023-07-29,-19.31,163.38,6.0,2.0,-4.91,0,-504,1,1,0,-0.0,0.5498,1,0
7245,2023-07-29,-41.07,206.42,-0.0,4.0,8.87,1,301,1,1,0,-0.0,0.404,0,0
7238,2023-07-29,-120.08,157.17,-5.0,-1.0,-2.57,-2,-98,1,1,0,0.0,0.4839,1,1
7237,2023-07-29,-66.67,157.16,-4.0,-2.0,-0.38,-10,-84,1,1,0,0.0,0.5396,0,1
7237,2023-07-29,66.67,157.16,4.0,2.0,0.38,10,84,1,1,0,-0.0,0.4604,1,1
7236,2023-07-29,-7.2,195.4,1.0,2.0,-4.36,-13,-329,0,1,0,-0.0,0.4448,1,1
7236,2023-07-29,7.2,195.4,-1.0,-2.0,4.36,13,329,1,0,0,0.0,0.5552,0,1
7235,2023-07-29,-75.74,168.32,-2.0,2.0,0.18,-16,-126,1,1,0,-0.0,0.4622,1,0
7235,2023-07-29,75.74,168.32,2.0,-2.0,-0.18,16,126,1,1,0,0.0,0.5378,0,0
7238,2023-07-29,120.08,157.17,5.0,1.0,2.57,2,98,1,1,0,-0.0,0.5161,0,1
7252,2023-08-05,22.67,216.08,5.0,1.0,-8.11,-4,336,1,1,0,0.0,0.5064,1,1
7255,2023-08-05,-26.4,230.17,3.0,-0.0,-5.35,-3,42,1,1,0,-0.0,0.4796,0,1
7255,2023-08-05,26.4,230.17,-3.0,0.0,5.35,3,-42,1,1,0,0.0,0.5204,1,1
7254,2023-08-05,-2.43,200.27,1.0,1.0,0.33,0,91,1,1,0,-0.0,0.5214,0,0
7254,2023-08-05,2.43,200.27,-1.0,-1.0,-0.33,0,-91,1,1,0,0.0,0.4786,1,0
7253,2023-08-05,-93.48,237.37,2.0,3.0,-0.69,0,42,1,1,0,-0.0,0.4589,1,0
7253,2023-08-05,93.48,237.37,-2.0,-3.0,0.69,0,-42,1,1,0,0.0,0.5411,0,0
7252,2023-08-05,-22.67,216.08,-5.0,-1.0,8.11,4,-336,1,1,0,-0.0,0.4936,0,1
7251,2023-08-05,-44.76,231.79,-3.0,-8.0,2.51,1,259,1,1,0,0.0,0.4623,1,0
7248,2023-08-05,-24.21,191.17,-7.0,-2.0,4.19,1,21,1,1,0,0.0,0.4622,1,0
7249,2023-08-05,106.17,251.09,-6.0,-5.0,8.54,5,784,1,1,0,-0.0,0.5222,0,0
7246,2023-08-05,61.07,174.24,-1.0,3.0,-4.82,-3,14,0,0,0,-0.0,0.5035,1,0
7246,2023-08-05,-61.07,174.24,1.0,-3.0,4.82,3,-14,0,0,0,0.0,0.4965,0,0
7247,2023-08-05,-73.46,184.62,-4.0,-4.0,-0.77,18,-70,1,1,0,0.0,0.4843,0,0
7251,2023-08-05,44.76,231.79,3.0,8.0,-2.51,-1,-259,1,1,0,-0.0,0.5377,0,0
7248,2023-08-05,24.21,191.17,7.0,2.0,-4.19,-1,-21,1,1,0,-0.0,0.5378,0,0
7249,2023-08-05,-106.17,251.09,6.0,5.0,-8.54,-5,-784,1,1,0,0.0,0.4778,1,0
7247,2023-08-05,73.46,184.62,4.0,4.0,0.77,-18,70,1,1,0,-0.0,0.5157,1,0
7267,2023-08-12,-174.97,238.84,2.0,0.0,2.37,2,70,1,1,0,-0.0,0.4191,0,1
7268,2023-08-12,67.98,270.82,-7.0,-3.0,2.38,1,630,1,1,0,-0.0,0.5026,0,0
7268,2023-08-12,-67.98,270.82,7.0,3.0,-2.38,-1,-630,1,1,0,0.0,0.4974,1,0
7267,2023-08-12,174.97,238.84,-2.0,-0.0,-2.37,-2,-70,1,1,0,0.0,0.5809,1,1
7263,2023-08-12,-41.74,230.74,4.0,-2.0,5.38,4,7,1,1,0,0.0,0.4341,0,1
7263,2023-08-12,41.74,230.74,-4.0,2.0,-5.38,-4,-7,1,1,0,-0.0,0.5659,1,1
7261,2023-08-12,3.69,233.76,-1.0,-2.0,-9.57,-6,-168,1,1,0,0.0,0.5054,1,1
7260,2023-08-12,39.44,195.73,-0.0,2.0,0.42,-5,-42,0,1,0,-0.0,0.5,0,0
7260,2023-08-12,-39.44,195.73,0.0,-2.0,-0.42,5,42,1,0,0,0.0,0.5,1,0
7259,2023-08-12,-25.02,175.08,3.0,-0.0,-7.66,-13,35,1,1,0,0.0,0.5,0,1
7259,2023-08-12,25.02,175.08,-3.0,0.0,7.66,13,-35,1,1,0,-0.0,0.5,1,1
7258,2023-08-12,-1.36,148.89,-5.0,-3.0,7.09,14,-119,1,1,0,0.0,0.5215,0,0
7258,2023-08-12,1.36,148.89,5.0,3.0,-7.09,-14,119,1,1,0,-0.0,0.4785,1,0
7261,2023-08-12,-3.69,233.76,1.0,2.0,9.57,6,168,1,1,0,-0.0,0.4946,0,1
7278,2023-08-19,-129.23,226.32,-1.0,1.0,5.29,-3,833,1,1,0,-0.0,0.5424,1,1
7278,2023-08-19,129.23,226.32,1.0,-1.0,-5.29,3,-833,1,1,0,0.0,0.4576,0,1
7279,2023-08-19,-68.21,238.44,7.0,4.0,4.27,0,1665,1,1,0,-0.0,0.5952,0,1
7280,2023-08-19,87.02,201.25,-4.0,-1.0,-3.48,-14,147,1,1,0,0.0,0.5622,1,0
7281,2023-08-19,102.05,221.45,-4.0,-2.0,-7.98,-7,-56,1,1,0,-0.0,0.4366,1,0
7281,2023-08-19,-102.05,221.45,4.0,2.0,7.98,7,56,1,1,0,0.0,0.5634,0,0
7282,2023-08-19,35.7,227.93,0.0,-2.0,-2.23,-8,-196,1,1,0,-0.0,0.4478,1,1
7282,2023-08-19,-35.7,227.93,-0.0,2.0,2.23,8,196,1,1,0,0.0,0.5522,0,1
7277,2023-08-19,-115.16,234.04,2.0,-2.0,3.75,-3,-14,1,1,0,-0.0,0.5,0,1
7280,2023-08-19,-87.02,201.25,4.0,1.0,3.48,14,-147,1,1,0,-0.0,0.4378,0,0
7277,2023-08-19,115.16,234.04,-2.0,2.0,-3.75,3,14,1,1,0,0.0,0.5,1,1
7279,2023-08-19,68.21,238.44,-7.0,-4.0,-4.27,0,-1665,1,1,0,0.0,0.4048,1,1
7276,2023-08-19,76.04,159.03,4.0,1.0,3.51,-5,728,1,1,0,-0.0,0.5873,0,1
7271,2023-08-19,108.43,179.45,-1.0,-4.0,5.23,9,-196,1,1,1,0.2222,0.5961,0,0
7271,2023-08-19,-108.43,179.45,1.0,4.0,-5.23,-9,196,1,1,1,-0.2222,0.4039,1,0
7272,2023-08-19,-38.54,195.4,2.0,-0.0,2.23,0,7,1,1,1,-0.2222,0.4792,0,0
7273,2023-08-19,32.7,184.48,6.0,0.0,10.29,25,-42,1,1,0,0.0,0.5959,0,1
7273,2023-08-19,-32.7,184.48,-6.0,-0.0,-10.29,-25,42,1,1,0,-0.0,0.4041,1,1
7272,2023-08-19,38.54,195.4,-2.0,0.0,-2.23,0,-7,1,1,1,0.2222,0.5208,1,0
7274,2023-08-19,94.35,221.07,-3.0,-1.0,1.11,5,154,1,1,0,-0.0,0.5001,1,1
7275,2023-08-19,28.76,159.39,5.0,2.0,-6.24,3,21,1,1,0,-0.0,0.4998,1,0
7275,2023-08-19,-28.76,159.39,-5.0,-2.0,6.24,-3,-21,1,1,0,0.0,0.5002,0,0
7274,2023-08-19,-94.35,221.07,3.0,1.0,-1.11,-5,-154,1,1,0,0.0,0.4999,0,1
7276,2023-08-19,-76.04,159.03,-4.0,-1.0,-3.51,5,-728,1,1,0,0.0,0.4127,1,1
7291,2023-08-26,73.32,213.1,-6.0,-3.0,-6.14,6,-35,1,1,0,-0.0,0.5,1,0
7287,2023-08-26,-105.03,221.81,2.0,2.0,5.86,1,252,1,1,0,0.0,0.4383,0,1
7291,2023-08-26,-73.32,213.1,6.0,3.0,6.14,-6,35,1,1,0,0.0,0.5,0,0
7289,2023-08-26,-110.88,256.39,-0.0,-1.0,-0.62,-1,49,1,1,0,-0.0,0.5,0,1
7289,2023-08-26,110.88,256.39,0.0,1.0,0.62,1,-49,1,1,0,0.0,0.5,1,1
7288,2023-08-26,63.24,245.89,-0.0,-3.0,11.42,6,-14,1,1,0,-0.0,0.5,0,1
7288,2023-08-26,-63.24,245.89,0.0,3.0,-11.42,-6,14,1,1,0,0.0,0.5,1,1
7287,2023-08-26,105.03,221.81,-2.0,-2.0,-5.86,-1,-252,1,1,0,-0.0,0.5617,1,1
7285,2023-08-26,111.49,175.28,1.0,2.0,-0.18,-20,504,1,1,0,0.0,0.462,1,0
7284,2023-08-26,11.98,174.18,3.0,1.0,-3.08,-9,63,1,1,0,-0.0,0.4486,0,1
7284,2023-08-26,-11.98,174.18,-3.0,-1.0,3.08,9,-63,1,1,0,0.0,0.5514,1,1
7283,2023-08-26,-119.39,165.21,3.0,-4.0,4.72,-16,371,1,1,0,-0.0,0.4998,0,1
7283,2023-08-26,119.39,165.21,-3.0,4.0,-4.72,16,-371,1,1,0,0.0,0.5002,1,1
7285,2023-08-26,-111.49,175.28,-1.0,-2.0,0.18,20,-504,1,1,0,-0.0,0.538,0,0
7303,2023-09-02,-75.48,263.35,4.0,4.0,-2.48,0,644,1,1,0,-0.0,0.5,0,1
7303,2023-09-02,75.48,263.35,-4.0,-4.0,2.48,0,-644,1,1,0,0.0,0.5,1,1
7298,2023-09-02,14.48,215.67,-3.0,-2.0,0.74,6,161,1,1,0,0.0,0.5016,0,0
7298,2023-09-02,-14.48,215.67,3.0,2.0,-0.74,-6,-161,1,1,0,-0.0,0.4984,1,0
7297,2023-09-02,-10.12,202.7,0.0,2.0,2.36,-8,-168,1,0,0,0.0,0.4177,1,1
7296,2023-09-02,-104.55,190.6,-3.0,-1.0,-4.79,0,28,1,1,0,-0.0,0.4971,0,1
7296,2023-09-02,104.55,190.6,3.0,1.0,4.79,0,-28,1,1,0,0.0,0.5029,1,1
7297,2023-09-02,10.12,202.7,-0.0,-2.0,-2.36,8,168,0,1,0,-0.0,0.5823,0,1
7313,2023-09-09,31.1,271.26,-1.0,0.0,-1.02,1,0,1,0,0,0.0,0.4999,0,0
7314,2023-09-09,-52.06,183.18,6.0,4.0,-9.29,-11,-273,1,1,0,-0.0,0.5,1,1
7313,2023-09-09,-31.1,271.26,1.0,-0.0,1.02,-1,0,0,1,0,-0.0,0.5001,1,0
7312,2023-09-09,-28.23,218.08,1.0,-0.0,-3.08,1,98,1,1,0,0.0,0.4839,0,1
7314,2023-09-09,52.06,183.18,-6.0,-4.0,9.29,11,273,1,1,0,0.0,0.5,0,1
7308,2023-09-09,87.34,175.05,5.0,5.0,4.39,1,-98,1,1,0,0.0,0.5402,1,0
7308,2023-09-09,-87.34,175.05,-5.0,-5.0,-4.39,-1,98,1,1,0,-0.0,0.4598,0,0
7307,2023-09-09,-132.08,166.52,-4.0,-3.0,-1.6,4,-84,1,1,1,0.0316,0.5379,1,0
7307,2023-09-09,132.08,166.52,4.0,3.0,1.6,-4,84,1,1,1,-0.0316,0.4621,0,0
7312,2023-09-09,28.23,218.08,-1.0,0.0,3.08,-1,-98,1,1,0,-0.0,0.5161,1,1
7327,2023-09-16,-70.87,237.74,3.0,2.0,4.78,0,-399,1,1,0,-0.0,0.5952,0,1
7327,2023-09-16,70.87,237.74,-3.0,-2.0,-4.78,0,399,1,1,0,0.0,0.4048,1,1
7325,2023-09-16,59.18,231.97,-1.0,-4.0,1.7,1,14,1,1,0,-0.0,0.434,1,0
7325,2023-09-16,-59.18,231.97,1.0,4.0,-1.7,-1,-14,1,1,0,0.0,0.566,0,0
7324,2023-09-16,-59.9,210.79,2.0,1.0,0.75,-2,-14,1,1,0,-0.0,0.4039,0,1
7320,2023-09-16,36.36,194.43,-8.0,-4.0,-3.85,-13,14,1,1,0,-0.0,0.4879,1,0
7322,2023-09-16,26.77,223.02,-6.0,-3.0,9.45,10,-7,1,1,0,-0.0,0.5214,0,0
7322,2023-09-16,-26.77,223.02,6.0,3.0,-9.45,-10,7,1,1,0,0.0,0.4786,1,0
7320,2023-09-16,-36.36,194.43,8.0,4.0,3.85,13,-14,1,1,0,0.0,0.5121,0,0
7324,2023-09-16,59.9,210.79,-2.0,-1.0,-0.75,2,14,1,1,0,0.0,0.5961,1,1
7338,2023-09-23,-148.03,221.77,-1.0,1.0,0.43,11,-7,1,1,0,0.0,0.5399,0,1
7338,2023-09-23,148.03,221.77,1.0,-1.0,-0.43,-11,7,1,1,0,-0.0,0.4601,1,1
7337,2023-09-23,-118.57,222.81,-1.0,3.0,1.28,1,-252,1,1,0,-0.0,0.5319,1,1
7337,2023-09-23,118.57,222.81,1.0,-3.0,-1.28,-1,252,1,1,0,0.0,0.4681,0,1
7336,2023-09-23,-86.46,182.36,-1.0,-2.0,-10.13,-20,-7,1,1,0,-0.0,0.4601,0,1
7334,2023-09-23,-89.26,190.21,-3.0,-0.0,-0.32,0,-322,1,1,0,0.0,0.5213,1,0
7336,2023-09-23,86.46,182.36,1.0,2.0,10.13,20,7,1,1,0,0.0,0.5399,1,1
7332,2023-09-23,-95.6,180.9,-3.0,-3.0,1.31,4,28,1,1,0,-0.0,0.5834,0,1
7332,2023-09-23,95.6,180.9,3.0,3.0,-1.31,-4,-28,1,1,0,0.0,0.4166,1,1
7331,2023-09-23,-32.52,191.79,1.0,-3.0,3.16,7,-182,1,1,0,-0.0,0.482,0,0
7331,2023-09-23,32.52,191.79,-1.0,3.0,-3.16,-7,182,1,1,0,0.0,0.518,1,0
7330,2023-09-23,-14.3,204.98,-1.0,2.0,2.23,-1,14,1,1,0,0.0,0.5952,1,0
7330,2023-09-23,14.3,204.98,1.0,-2.0,-2.23,1,-14,1,1,0,-0.0,0.4048,0,0
7334,2023-09-23,89.26,190.21,3.0,0.0,0.32,0,322,1,1,0,-0.0,0.4787,0,0
7345,2023-10-07,-42.47,198.04,1.0,3.0,3.31,-4,-56,1,1,0,0.0,0.5388,1,0
7350,2023-10-07,11.8,186.56,-1.0,-2.0,2.38,4,-182,1,1,0,0.0,0.4058,1,0
7349,2023-10-07,6.17,227.39,2.0,2.0,0.35,0,7,1,1,0,-0.0,0.5959,0,1
7349,2023-10-07,-6.17,227.39,-2.0,-2.0,-0.35,0,-7,1,1,0,0.0,0.4041,1,1
7346,2023-10-07,-111.41,199.11,4.0,4.0,-10.7,-10,-21,1,1,0,0.0,0.46,0,1
7346,2023-10-07,111.41,199.11,-4.0,-4.0,10.7,10,21,1,1,0,-0.0,0.54,1,1
7345,2023-10-07,42.47,198.04,-1.0,-3.0,-3.31,4,56,1,1,0,-0.0,0.4612,0,0
7350,2023-10-07,-11.8,186.56,1.0,2.0,-2.38,-4,182,1,1,0,-0.0,0.5942,0,0
7344,2023-10-07,67.48,177.79,0.0,-4.0,0.48,12,-14,1,1,0,-0.0,0.5373,1,1
7343,2023-10-07,-87.66,178.74,4.0,-1.0,-3.7,-7,-7,1,1,0,-0.0,0.4559,1,0
7343,2023-10-07,87.66,178.74,-4.0,1.0,3.7,7,7,1,1,0,0.0,0.5441,0,0
7342,2023-10-07,-61.62,225.54,-2.0,-4.0,11.1,9,84,1,1,0,0.0,0.4864,0,1
7342,2023-10-07,61.62,225.54,2.0,4.0,-11.1,-9,-84,1,1,0,-0.0,0.5136,1,1
7341,2023-10-07,-148.35,176.7,-1.0,-0.0,7.45,12,-28,1,1,0,0.0,0.4794,1,0
7341,2023-10-07,148.35,176.7,1.0,0.0,-7.45,-12,28,1,1,0,-0.0,0.5206,0,0
7344,2023-10-07,-67.48,177.79,-0.0,4.0,-0.48,-12,14,1,1,0,0.0,0.4627,0,1
7361,2023-10-14,64.08,219.35,-6.0,-5.0,-6.2,-7,-658,1,1,0,-0.0,0.4998,1,0
7361,2023-10-14,-64.08,219.35,6.0,5.0,6.2,7,658,1,1,0,0.0,0.5002,0,0
7360,2023-10-14,-54.01,205.56,-1.0,-4.0,-0.65,-4,217,1,1,0,0.0,0.5,0,1
7360,2023-10-14,54.01,205.56,1.0,4.0,0.65,4,-217,1,1,0,-0.0,0.5,1,1
7356,2023-10-14,158.77,179.05,-1.0,1.0,6.02,20,133,1,1,0,0.0,0.5,1,0
7355,2023-10-14,73.95,250.03,-4.0,1.0,-3.01,0,-91,1,1,0,-0.0,0.4041,0,0
7355,2023-10-14,-73.95,250.03,4.0,-1.0,3.01,0,91,1,1,0,0.0,0.5959,1,0
7356,2023-10-14,-158.77,179.05,1.0,-1.0,-6.02,-20,-133,1,1,0,-0.0,0.5,0,0
7354,2023-10-14,31.81,216.33,0.0,-1.0,2.32,-3,-455,1,0,0,-0.0,0.5153,0,0
7353,2023-10-14,-17.3,200.16,-0.0,-1.0,0.39,-6,-28,1,1,0,-0.0,0.5,0,0
7353,2023-10-14,17.3,200.16,0.0,1.0,-0.39,6,28,1,1,0,0.0,0.5,1,0
7352,2023-10-14,-13.61,191.18,4.0,-0.0,1.88,-2,14,1,1,0,-0.0,0.4471,1,1
7352,2023-10-14,13.61,191.18,-4.0,0.0,-1.88,2,-14,1,1,0,0.0,0.5529,0,1
7351,2023-10-14,-36.69,177.23,4.0,2.0,7.32,21,-196,1,1,0,-0.0,0.4594,1,1
7351,2023-10-14,36.69,177.23,-4.0,-2.0,-7.32,-21,196,1,1,0,0.0,0.5406,0,1
7354,2023-10-14,-31.81,216.33,-0.0,1.0,-2.32,3,455,0,1,0,0.0,0.4847,1,0
7372,2023-10-21,-99.71,237.81,1.0,3.0,-1.25,-8,49,0,1,0,-0.0,0.4568,1,1
7372,2023-10-21,99.71,237.81,-1.0,-3.0,1.25,8,-49,1,0,0,0.0,0.5432,0,1
7367,2023-10-21,137.18,202.82,4.0,-0.0,-13.6,-14,77,1,1,0,-0.0,0.4997,1,0
7367,2023-10-21,-137.18,202.82,-4.0,0.0,13.6,14,-77,1,1,0,0.0,0.5003,0,0
7366,2023-10-21,-203.12,240.64,-2.0,-1.0,-4.11,-7,-84,1,1,0,0.0,0.4264,0,1
7366,2023-10-21,203.12,240.64,2.0,1.0,4.11,7,84,1,1,0,-0.0,0.5736,1,1
7365,2023-10-21,17.49,227.48,-4.0,-1.0,1.92,13,105,1,1,0,0.0,0.5454,0,0
7363,2023-10-21,-125.43,191.26,-1.0,2.0,-6.97,-11,189,1,0,0,-0.0,0.5027,1,0
7364,2023-10-21,-98.88,186.86,7.0,3.0,0.18,1,-287,1,1,0,-0.0,0.5598,1,1
7364,2023-10-21,98.88,186.86,-7.0,-3.0,-0.18,-1,287,1,1,0,0.0,0.4402,0,1
7363,2023-10-21,125.43,191.26,1.0,-2.0,6.97,11,-189,0,1,0,0.0,0.4973,0,0
7362,2023-10-21,39.64,174.37,1.0,-4.0,3.07,0,-147,1,1,1,0.2857,0.4902,0,0
7362,2023-10-21,-39.64,174.37,-1.0,4.0,-3.07,0,147,1,1,1,-0.2857,0.5098,1,0
7365,2023-10-21,-17.49,227.48,4.0,1.0,-1.92,-13,-105,1,1,0,-0.0,0.4546,1,0
7381,2023-11-04,72.01,240.25,1.0,-1.0,-3.55,-4,-21,1,1,0,0.0,0.5016,1,0
7381,2023-11-04,-72.01,240.25,-1.0,1.0,3.55,4,21,1,1,0,-0.0,0.4984,0,0
7378,2023-11-04,-156.4,250.23,3.0,1.0,2.37,-2,-63,1,1,0,-0.0,0.4557,0,0
7382,2023-11-04,67.76,201.47,-1.0,-1.0,-14.96,-20,-49,1,1,0,-0.0,0.4507,0,1
7382,2023-11-04,-67.76,201.47,1.0,1.0,14.96,20,49,1,1,0,0.0,0.5493,1,1
7378,2023-11-04,156.4,250.23,-3.0,-1.0,-2.37,2,63,1,1,0,0.0,0.5443,1,0
7377,2023-11-04,-76.28,227.47,1.0,4.0,0.86,2,-14,1,1,0,-0.0,0.4328,0,1
7377,2023-11-04,76.28,227.47,-1.0,-4.0,-0.86,-2,14,1,1,0,0.0,0.5672,1,1
7376,2023-11-04,16.72,226.59,2.0,-2.0,12.76,7,42,1,1,0,0.0,0.4051,1,1
7376,2023-11-04,-16.72,226.59,-2.0,2.0,-12.76,-7,-42,1,1,0,-0.0,0.5949,0,1
7375,2023-11-04,-12.6,185.97,-0.0,-0.0,6.38,22,-77,1,1,0,0.0,0.4303,0,1
7375,2023-11-04,12.6,185.97,0.0,0.0,-6.38,-22,77,1,1,0,-0.0,0.5697,1,1
7397,2023-11-11,22.31,253.85,4.0,1.0,8.19,4,42,1,1,0,-0.0,0.5001,1,0
7397,2023-11-11,-22.31,253.85,-4.0,-1.0,-8.19,-4,-42,1,1,0,0.0,0.4999,0,0
7395,2023-11-11,82.32,207.59,2.0,3.0,4.27,7,-14,0,1,0,0.0,0.4968,0,0
7395,2023-11-11,-82.32,207.59,-2.0,-3.0,-4.27,-7,14,1,0,0,-0.0,0.5032,1,0
7394,2023-11-11,49.84,203.74,4.0,-1.0,3.95,-7,35,1,1,0,0.0,0.5,0,1
7394,2023-11-11,-49.84,203.74,-4.0,1.0,-3.95,7,-35,1,1,0,-0.0,0.5,1,1
7392,2023-11-11,-55.59,236.72,7.0,7.0,-1.36,5,672,1,1,0,-0.0,0.564,0,0
7392,2023-11-11,55.59,236.72,-7.0,-7.0,1.36,-5,-672,1,1,0,0.0,0.436,1,0
7391,2023-11-11,-34.74,211.58,-0.0,1.0,1.46,4,-84,1,1,0,0.0,0.5002,1,1
7391,2023-11-11,34.74,211.58,0.0,-1.0,-1.46,-4,84,1,1,0,-0.0,0.4998,0,1
7390,2023-11-11,-43.95,271.38,-1.0,-4.0,-0.51,1,-7,1,1,0,-0.0,0.5368,0,1
7386,2023-11-11,13.57,208.21,6.0,-2.0,0.91,0,91,1,1,1,0.0,0.4276,0,0
7389,2023-11-11,101.03,244.32,-2.0,-3.0,4.14,4,49,1,1,0,-0.0,0.5222,0,1
7389,2023-11-11,-101.03,244.32,2.0,3.0,-4.14,-4,-49,1,1,0,0.0,0.4778,1,1
7388,2023-11-11,35.61,212.77,2.0,2.0,-5.52,-3,-119,1,1,0,-0.0,0.5723,1,0
7388,2023-11-11,-35.61,212.77,-2.0,-2.0,5.52,3,119,1,1,0,0.0,0.4277,0,0
7387,2023-11-11,-1.27,167.18,1.0,3.0,-1.49,-14,77,1,1,0,0.0,0.5125,0,1
7387,2023-11-11,1.27,167.18,-1.0,-3.0,1.49,14,-77,1,1,0,-0.0,0.4875,1,1
7386,2023-11-11,-13.57,208.21,-6.0,2.0,-0.91,0,-91,1,1,1,-0.0,0.5724,1,0
7390,2023-11-11,43.95,271.38,1.0,4.0,0.51,-1,7,1,1,0,0.0,0.4632,1,1
7385,2023-11-11,41.69,234.36,-1.0,1.0,5.27,3,-413,1,1,1,0.3333,0.462,1,1
7385,2023-11-11,-41.69,234.36,1.0,-1.0,-5.27,-3,413,1,1,1,-0.3333,0.538,0,1
7404,2023-11-18,-77.74,227.49,1.0,-4.0,-2.78,-2,-210,1,1,0,-0.0,0.4405,1,0
7406,2023-11-18,65.19,249.45,2.0,1.0,-7.18,-2,63,1,1,0,0.0,0.5,1,0
7404,2023-11-18,77.74,227.49,-1.0,4.0,2.78,2,210,1,1,0,0.0,0.5595,0,0
7409,2023-11-18,-80.14,229.41,1.0,3.0,0.31,7,91,1,1,0,0.0,0.4042,0,0
7409,2023-11-18,80.14,229.41,-1.0,-3.0,-0.31,-7,-91,1,1,0,-0.0,0.5958,1,0
7406,2023-11-18,-65.19,249.45,-2.0,-1.0,7.18,2,-63,1,1,0,-0.0,0.5,0,0
7402,2023-11-18,2.29,222.01,4.0,2.0,-0.77,6,-77,1,1,0,-0.0,0.5956,1,1
7402,2023-11-18,-2.29,222.01,-4.0,-2.0,0.77,-6,77,1,1,0,0.0,0.4044,0,1
7400,2023-11-18,71.1,214.12,-3.0,-4.0,4.28,-1,84,1,1,0,-0.0,0.499,0,1
7400,2023-11-18,-71.1,214.12,3.0,4.0,-4.28,1,-84,1,1,0,0.0,0.501,1,1
7399,2023-11-18,-6.18,205.88,-6.0,-1.0,4.85,15,-28,1,1,0,0.0,0.5904,0,1
7399,2023-11-18,6.18,205.88,6.0,1.0,-4.85,-15,28,1,1,0,-0.0,0.4096,1,1
7398,2023-11-18,-139.37,175.64,1.0,1.0,8.08,3,-28,1,1,0,-0.0,0.4894,0,1
7398,2023-11-18,139.37,175.64,-1.0,-1.0,-8.08,-3,28,1,1,0,0.0,0.5106,1,1
7423,2023-12-02,101.35,251.02,2.0,3.0,5.59,-5,-42,0,1,0,0.0,0.4328,0,0
7423,2023-12-02,-101.35,251.02,-2.0,-3.0,-5.59,5,42,1,0,0,-0.0,0.5672,1,0
7422,2023-12-02,-70.19,216.4,5.0,-0.0,2.63,-3,105,1,1,0,0.0,0.4829,1,1
7422,2023-12-02,70.19,216.4,-5.0,0.0,-2.63,3,-105,1,1,0,-0.0,0.5171,0,1
7420,2023-12-02,-12.83,208.8,-0.0,-0.0,-5.47,-3,-210,1,1,0,-0.0,0.5951,0,1
7420,2023-12-02,12.83,208.8,0.0,0.0,5.47,3,210,1,1,0,0.0,0.4049,1,1
7418,2023-12-02,31.21,210.64,3.0,1.0,-1.73,-8,385,1,1,0,-0.0,0.4913,0,1
7418,2023-12-02,-31.21,210.64,-3.0,-1.0,1.73,8,-385,1,1,0,0.0,0.5087,1,1
7417,2023-12-02,-104.93,223.89,3.0,1.0,1.02,-1,133,1,1,0,0.0,0.595,1,0
7417,2023-12-02,104.93,223.89,-3.0,-1.0,-1.02,1,-133,1,1,0,-0.0,0.405,0,0
7412,2023-12-02,-53.74,175.86,-0.0,-3.0,-7.43,-12,-7,1,1,0,0.0,0.5089,1,0
7416,2023-12-02,25.12,167.99,1.0,-1.0,7.16,26,63,1,1,0,0.0,0.595,0,0
7415,2023-12-02,-21.57,185.54,-1.0,-1.0,1.08,14,-168,1,1,0,0.0,0.4875,0,0
7415,2023-12-02,21.57,185.54,1.0,1.0,-1.08,-14,168,1,1,0,-0.0,0.5125,1,0
7414,2023-12-02,78.93,170.01,-3.0,-3.0,-0.48,-3,196,0,1,0,-0.0,0.4701,1,1
7414,2023-12-02,-78.93,170.01,3.0,3.0,0.48,3,-196,1,0,0,0.0,0.5299,0,1
7413,2023-12-02,46.92,172.62,-6.0,-5.0,8.69,11,-91,1,1,0,0.0,0.5277,0,0
7413,2023-12-02,-46.92,172.62,6.0,5.0,-8.69,-11,91,1,1,0,-0.0,0.4723,1,0
7416,2023-12-02,-25.12,167.99,-1.0,1.0,-7.16,-26,-63,1,1,0,-0.0,0.405,1,0
7412,2023-12-02,53.74,175.86,0.0,3.0,7.43,12,7,1,1,0,-0.0,0.4911,0,0
7431,2023-12-09,32.97,244.41,4.0,2.0,4.31,3,98,1,1,0,-0.0,0.4095,1,1
7431,2023-12-09,-32.97,244.41,-4.0,-2.0,-4.31,-3,-98,1,1,0,0.0,0.5905,0,1
7428,2023-12-09,14.77,203.39,5.0,3.0,1.03,-2,-7,1,1,0,-0.0,0.498,1,0
7432,2023-12-09,-40.4,248.95,1.0,-0.0,11.68,5,105,1,0,0,0.0,0.4776,0,1
7433,2023-12-09,-112.23,245.05,-3.0,1.0,6.26,-1,21,1,1,0,0.0,0.4459,0,1
7432,2023-12-09,40.4,248.95,-1.0,0.0,-11.68,-5,-105,0,1,0,-0.0,0.5224,1,1
7428,2023-12-09,-14.77,203.39,-5.0,-3.0,-1.03,2,7,1,1,0,0.0,0.502,0,0
7433,2023-12-09,112.23,245.05,3.0,-1.0,-6.26,1,-21,1,1,0,-0.0,0.5541,1,1
7427,2023-12-09,-23.52,195.0,-6.0,-1.0,9.07,14,-462,1,1,0,0.0,0.596,1,1
7426,2023-12-09,-35.76,192.63,2.0,2.0,1.01,-2,0,1,1,0,-0.0,0.5,0,0
7426,2023-12-09,35.76,192.63,-2.0,-2.0,-1.01,2,0,1,1,0,0.0,0.5,1,0
7425,2023-12-09,-75.08,167.9,-0.0,-3.0,-1.59,-7,14,1,1,0,0.0,0.4624,1,0
7425,2023-12-09,75.08,167.9,0.0,3.0,1.59,7,-14,1,1,0,-0.0,0.5376,0,0
7424,2023-12-09,-38.71,184.2,-0.0,1.0,6.61,-1,-168,1,1,0,0.0,0.4558,0,1
7427,2023-12-09,23.52,195.0,6.0,1.0,-9.07,-14,462,1,1,0,-0.0,0.404,0,1
7424,2023-12-09,38.71,184.2,0.0,-1.0,-6.61,1,168,1,1,0,-0.0,0.5442,1,1
7441,2023-12-16,29.09,194.06,-1.0,-4.0,-6.76,-4,-21,1,1,0,0.0,0.4621,0,1
7442,2023-12-16,85.34,175.0,-1.0,2.0,-4.88,-2,-252,1,1,0,-0.0,0.4422,1,0
7442,2023-12-16,-85.34,175.0,1.0,-2.0,4.88,2,252,1,1,0,0.0,0.5578,0,0
7443,2023-12-16,80.71,210.42,2.0,0.0,-3.7,-5,105,1,1,0,-0.0,0.4951,0,1
7445,2023-12-16,31.84,211.14,3.0,0.0,0.6,17,-35,1,1,0,0.0,0.5001,1,1
7444,2023-12-16,-7.9,221.26,3.0,0.0,-0.36,-3,273,1,1,0,0.0,0.4996,1,1
7444,2023-12-16,7.9,221.26,-3.0,-0.0,0.36,3,-273,1,1,0,-0.0,0.5004,0,1
7441,2023-12-16,-29.09,194.06,1.0,4.0,6.76,4,21,1,1,0,-0.0,0.5379,1,1
7445,2023-12-16,-31.84,211.14,-3.0,-0.0,-0.6,-17,35,1,1,0,-0.0,0.4999,0,1
7443,2023-12-16,-80.71,210.42,-2.0,-0.0,3.7,5,-105,1,1,0,0.0,0.5049,1,1
7440,2023-12-16,-22.54,183.5,-0.0,3.0,-0.46,1,-28,1,1,0,0.0,0.4627,0,1
7439,2023-12-16,26.1,189.45,-0.0,4.0,-9.59,-5,-91,1,1,0,0.0,0.5961,0,0
7439,2023-12-16,-26.1,189.45,0.0,-4.0,9.59,5,91,1,1,0,-0.0,0.4039,1,0
7438,2023-12-16,-20.03,195.68,-3.0,-1.0,-10.89,-18,231,1,1,0,-0.0,0.5032,1,1
7438,2023-12-16,20.03,195.68,3.0,1.0,10.89,18,-231,1,1,0,0.0,0.4968,0,1
7437,2023-12-16,-64.72,191.51,-2.0,-1.0,11.7,13,91,1,1,0,0.0,0.5003,0,1
7437,2023-12-16,64.72,191.51,2.0,1.0,-11.7,-13,-91,1,1,0,-0.0,0.4997,1,1
7436,2023-12-16,-61.23,192.89,1.0,4.0,-2.34,-6,84,1,1,1,-0.3956,0.4806,0,0
7436,2023-12-16,61.23,192.89,-1.0,-4.0,2.34,6,-84,1,1,1,0.3956,0.5194,1,0
7435,2023-12-16,-41.04,170.43,-2.0,-3.0,3.5,0,378,1,1,1,-0.2,0.5012,0,0
7435,2023-12-16,41.04,170.43,2.0,3.0,-3.5,0,-378,1,1,1,0.2,0.4988,1,0
7440,2023-12-16,22.54,183.5,0.0,-3.0,0.46,-1,28,1,1,0,-0.0,0.5373,1,1
7452,2024-01-13,80.33,223.47,4.0,2.0,2.64,6,-126,1,1,0,0.0,0.4998,0,0
7454,2024-01-13,-17.25,245.31,-2.0,2.0,-5.32,-3,0,1,1,0,-0.0,0.596,1,0
7454,2024-01-13,17.25,245.31,2.0,-2.0,5.32,3,0,1,1,0,0.0,0.404,0,0
7453,2024-01-13,33.57,273.27,0.0,1.0,2.36,1,-119,1,1,0,-0.0,0.5374,1,1
7452,2024-01-13,-80.33,223.47,-4.0,-2.0,-2.64,-6,126,1,1,0,-0.0,0.5002,1,0
7451,2024-01-13,-43.32,186.7,1.0,1.0,-12.66,-35,-84,1,1,0,0.0,0.4399,1,1
7453,2024-01-13,-33.57,273.27,-0.0,-1.0,-2.36,-1,119,1,1,0,0.0,0.4626,0,1
7450,2024-01-13,-22.83,238.71,-5.0,-2.0,-3.82,-5,-56,1,1,0,-0.0,0.5224,1,1
7450,2024-01-13,22.83,238.71,5.0,2.0,3.82,5,56,1,1,0,0.0,0.4776,0,1
7449,2024-01-13,-26.85,191.78,-0.0,3.0,-0.83,-2,-112,1,1,0,-0.0,0.5034,1,0
7449,2024-01-13,26.85,191.78,0.0,-3.0,0.83,2,112,1,1,0,0.0,0.4966,0,0
7448,2024-01-13,-89.96,156.61,-0.0,-0.0,-4.79,-29,294,1,1,0,-0.0,0.4962,0,1
7448,2024-01-13,89.96,156.61,0.0,0.0,4.79,29,-294,1,1,0,0.0,0.5038,1,1
7451,2024-01-13,43.32,186.7,-1.0,-1.0,12.66,35,84,1,1,0,-0.0,0.5601,0,1
7469,2024-01-20,8.87,235.01,-3.0,-0.0,-0.3,-3,-91,1,1,0,-0.0,0.4976,1,0
7469,2024-01-20,-8.87,235.01,3.0,0.0,0.3,3,91,1,1,0,0.0,0.5024,0,0
7468,2024-01-20,-76.49,212.06,-3.0,-0.0,0.53,4,49,1,0,0,-0.0,0.4048,0,1
7468,2024-01-20,76.49,212.06,3.0,0.0,-0.53,-4,-49,0,1,0,0.0,0.5952,1,1
7466,2024-01-20,101.85,185.2,-4.0,0.0,-2.92,6,49,1,1,0,0.0,0.5031,1,1
7464,2024-01-20,30.17,200.66,9.0,5.0,3.47,-6,49,1,1,0,0.0,0.4618,1,0
7464,2024-01-20,-30.17,200.66,-9.0,-5.0,-3.47,6,-49,1,1,0,-0.0,0.5382,0,0
7463,2024-01-20,-29.39,245.7,6.0,-0.0,-4.81,-3,-7,1,1,0,-0.0,0.5,1,1
7463,2024-01-20,29.39,245.7,-6.0,0.0,4.81,3,7,1,1,0,0.0,0.5,0,1
7466,2024-01-20,-101.85,185.2,4.0,-0.0,2.92,-6,-49,1,1,0,-0.0,0.4969,0,1
7462,2024-01-20,9.2,200.07,-2.0,1.0,0.05,4,21,1,1,0,-0.0,0.5459,0,0
7461,2024-01-20,-99.73,204.98,-1.0,3.0,-2.6,4,-63,1,1,0,-0.0,0.5387,0,1
7461,2024-01-20,99.73,204.98,1.0,-3.0,2.6,-4,63,1,1,0,0.0,0.4613,1,1
7460,2024-01-20,-73.11,195.05,-7.0,-2.0,-4.26,-28,70,1,1,0,-0.0,0.4486,0,1
7460,2024-01-20,73.11,195.05,7.0,2.0,4.26,28,-70,1,1,0,0.0,0.5514,1,1
7459,2024-01-20,-71.71,184.03,-1.0,-1.0,-2.96,-10,-35,1,1,1,-0.3361,0.5113,0,1
7459,2024-01-20,71.71,184.03,1.0,1.0,2.96,10,35,1,1,1,0.3361,0.4887,1,1
7458,2024-01-20,25.44,186.56,-0.0,-0.0,-2.88,-14,63,1,1,1,-0.4833,0.507,1,0
7458,2024-01-20,-25.44,186.56,0.0,0.0,2.88,14,-63,1,1,1,0.4833,0.493,0,0
7462,2024-01-20,-9.2,200.07,2.0,-1.0,-0.05,-4,-21,1,1,0,0.0,0.4541,1,0
7480,2024-02-03,-91.32,212.42,-3.0,1.0,0.18,0,-21,1,1,0,-0.0,0.5756,0,1
7480,2024-02-03,91.32,212.42,3.0,-1.0,-0.18,0,21,1,1,0,0.0,0.4244,1,1
7476,2024-02-03,-91.83,203.98,6.0,3.0,-6.15,-5,-77,1,0,0,0.0,0.4377,0,1
7476,2024-02-03,91.83,203.98,-6.0,-3.0,6.15,5,77,0,1,0,-0.0,0.5623,1,1
7473,2024-02-03,68.96,214.52,-3.0,-0.0,-10.2,-6,56,1,1,0,-0.0,0.5001,1,0
7473,2024-02-03,-68.96,214.52,3.0,0.0,10.2,6,-56,1,1,0,0.0,0.4999,0,0
7472,2024-02-03,27.96,182.53,8.0,4.0,-6.08,7,-7,1,1,0,-0.0,0.5596,1,1
7471,2024-02-03,-24.53,164.6,-2.0,-3.0,0.59,7,-329,1,1,0,-0.0,0.4805,0,0
7471,2024-02-03,24.53,164.6,2.0,3.0,-0.59,-7,329,1,1,0,0.0,0.5195,1,0
7470,2024-02-03,-36.15,209.35,-1.0,1.0,-7.63,-2,63,1,1,0,0.0,0.4999,1,1
7470,2024-02-03,36.15,209.35,1.0,-1.0,7.63,2,-63,1,1,0,-0.0,0.5001,0,1
7472,2024-02-03,-27.96,182.53,-8.0,-4.0,6.08,-7,7,1,1,0,0.0,0.4404,0,1
7488,2024-02-10,23.17,229.23,-2.0,3.0,-1.11,-2,-49,1,1,0,0.0,0.479,0,1
7493,2024-02-10,-93.77,199.8,2.0,2.0,0.92,10,35,1,1,0,0.0,0.4081,1,0
7492,2024-02-10,-83.15,186.48,-2.0,3.0,1.74,-8,-63,1,1,0,-0.0,0.5,1,1
7492,2024-02-10,83.15,186.48,2.0,-3.0,-1.74,8,63,1,1,0,0.0,0.5,0,1
7491,2024-02-10,-80.26,237.72,4.0,5.0,2.36,-5,-161,1,1,0,-0.0,0.4058,0,1
7491,2024-02-10,80.26,237.72,-4.0,-5.0,-2.36,5,161,1,1,0,0.0,0.5942,1,1
7493,2024-02-10,93.77,199.8,-2.0,-2.0,-0.92,-10,-35,1,1,0,-0.0,0.5919,0,0
7488,2024-02-10,-23.17,229.23,2.0,-3.0,1.11,2,49,1,1,0,-0.0,0.521,1,1
7486,2024-02-10,44.81,181.84,-1.0,-2.0,4.16,16,0,1,1,0,0.0,0.5001,0,1
7484,2024-02-10,-58.41,163.93,3.0,4.0,1.11,5,-84,1,1,0,-0.0,0.4525,0,1
7484,2024-02-10,58.41,163.93,-3.0,-4.0,-1.11,-5,84,1,1,0,0.0,0.5475,1,1
7483,2024-02-10,-22.71,207.24,-2.0,1.0,-8.27,-13,-308,1,1,0,-0.0,0.4498,0,1
7483,2024-02-10,22.71,207.24,2.0,-1.0,8.27,13,308,1,1,0,0.0,0.5502,1,1
7486,2024-02-10,-44.81,181.84,1.0,2.0,-4.16,-16,0,1,1,0,-0.0,0.4999,1,1
7508,2024-02-17,61.57,194.7,-4.0,-3.0,-8.38,-3,21,1,1,0,-0.0,0.512,1,0
7503,2024-02-17,-78.69,213.5,-0.0,2.0,-11.24,-15,-28,1,1,0,0.0,0.4604,0,1
7503,2024-02-17,78.69,213.5,0.0,-2.0,11.24,15,28,1,1,0,-0.0,0.5396,1,1
7502,2024-02-17,-29.42,185.99,-2.0,-0.0,-5.84,2,-84,1,1,0,0.0,0.5146,0,0
7502,2024-02-17,29.42,185.99,2.0,0.0,5.84,-2,84,1,1,0,-0.0,0.4854,1,0
7501,2024-02-17,-33.7,214.42,-0.0,-0.0,1.46,-1,-119,1,1,0,0.0,0.4043,0,0
7501,2024-02-17,33.7,214.42,0.0,0.0,-1.46,1,119,1,1,0,-0.0,0.5957,1,0
7508,2024-02-17,-61.57,194.7,4.0,3.0,8.38,3,-21,1,1,0,0.0,0.488,0,0
7500,2024-02-17,-38.9,181.46,4.0,2.0,-3.92,-2,56,1,1,0,0.0,0.596,1,1
7499,2024-02-17,45.95,203.31,-1.0,4.0,-7.22,-4,-168,1,1,0,0.0,0.4624,1,0
7499,2024-02-17,-45.95,203.31,1.0,-4.0,7.22,4,168,1,1,0,-0.0,0.5376,0,0
7498,2024-02-17,-89.99,180.84,-1.0,1.0,-0.33,-11,322,1,1,0,-0.0,0.5,0,1
7498,2024-02-17,89.99,180.84,1.0,-1.0,0.33,11,-322,1,1,0,0.0,0.5,1,1
7497,2024-02-17,-97.27,194.55,-2.0,1.0,-8.31,-9,119,1,1,1,-0.2667,0.5367,1,1
7497,2024-02-17,97.27,194.55,2.0,-1.0,8.31,9,-119,1,1,1,0.2667,0.4633,0,1
7500,2024-02-17,38.9,181.46,-4.0,-2.0,3.92,2,-56,1,1,0,-0.0,0.404,0,1
7517,2024-02-24,-73.43,218.24,3.0,3.0,-0.91,0,-252,1,1,0,0.0,0.4049,1,0
7517,2024-02-24,73.43,218.24,-3.0,-3.0,0.91,0,252,1,1,0,-0.0,0.5951,0,0
7516,2024-02-24,-117.79,259.45,-1.0,-1.0,-0.36,3,105,1,0,0,-0.0,0.434,0,0
7516,2024-02-24,117.79,259.45,1.0,1.0,0.36,-3,-105,0,1,0,0.0,0.566,1,0
7513,2024-02-24,13.08,262.15,-2.0,-0.0,1.87,0,-35,1,1,0,0.0,0.5596,0,0
7513,2024-02-24,-13.08,262.15,2.0,0.0,-1.87,0,35,1,1,0,-0.0,0.4404,1,0
7512,2024-02-24,-46.18,232.16,-0.0,2.0,6.67,4,91,1,1,0,0.0,0.5613,0,1
7511,2024-02-24,-31.34,254.89,-8.0,-3.0,-2.94,-1,63,1,1,0,-0.0,0.4624,0,0
7511,2024-02-24,31.34,254.89,8.0,3.0,2.94,1,-63,1,1,0,0.0,0.5376,1,0
7510,2024-02-24,-26.66,184.28,-2.0,-3.0,1.62,-1,357,1,1,0,-0.0,0.4962,1,0
7510,2024-02-24,26.66,184.28,2.0,3.0,-1.62,1,-357,1,1,0,0.0,0.5038,0,0
7509,2024-02-24,-94.76,185.88,-2.0,2.0,1.31,-5,-161,1,1,0,-0.0,0.4823,1,0
7509,2024-02-24,94.76,185.88,2.0,-2.0,-1.31,5,161,1,1,0,0.0,0.5177,0,0
7512,2024-02-24,46.18,232.16,0.0,-2.0,-6.67,-4,-91,1,1,0,-0.0,0.4387,1,1
7525,2024-03-02,35.57,224.54,-2.0,-0.0,-5.53,-9,-343,1,1,0,0.0,0.4366,1,1
7528,2024-03-02,62.24,234.24,1.0,1.0,-7.8,-3,147,1,1,0,0.0,0.5,0,1
7528,2024-03-02,-62.24,234.24,-1.0,-1.0,7.8,3,-147,1,1,0,-0.0,0.5,1,1
7526,2024-03-02,-130.71,187.44,5.0,1.0,-1.36,-7,-63,1,1,0,-0.0,0.5001,0,0
7526,2024-03-02,130.71,187.44,-5.0,-1.0,1.36,7,63,1,1,0,0.0,0.4999,1,0
7525,2024-03-02,-35.57,224.54,2.0,0.0,5.53,9,343,1,1,0,-0.0,0.5634,0,1
7522,2024-03-02,-79.24,221.09,2.0,1.0,5.95,7,56,1,1,0,-0.0,0.4959,0,1
7523,2024-03-02,-57.18,213.12,-5.0,-1.0,8.36,4,448,1,1,0,0.0,0.4359,0,1
7522,2024-03-02,79.24,221.09,-2.0,-1.0,-5.95,-7,-56,1,1,0,0.0,0.5041,1,1
7521,2024-03-02,-60.29,230.39,-0.0,2.0,-1.9,-11,-217,1,1,0,-0.0,0.5,0,1
7521,2024-03-02,60.29,230.39,0.0,-2.0,1.9,11,217,1,1,0,0.0,0.5,1,1
7523,2024-03-02,57.18,213.12,5.0,1.0,-8.36,-4,-448,1,1,0,-0.0,0.5641,1,1
